severity,finding,surface,player_id,name,position,field,ours,published,note
1,snap percentage omits published snap weeks,draft-board,258,Nate Adkins,TE,snap_pct,31.0,33.0,Endpoint aggregate has 6 weekly snap values; published snap source has 9.
1,snap percentage omits published snap weeks,draft-board,376,Maurice Alexander,WR,snap_pct,null,2.0,Endpoint aggregate has 0 weekly snap values; published snap source has 1.
1,snap percentage omits published snap weeks,draft-board,406,Rasheen Ali,RB,snap_pct,24.0,13.0,Endpoint aggregate has 8 weekly snap values; published snap source has 15.
1,snap percentage omits published snap weeks,draft-board,408,Mo Alie-Cox,TE,snap_pct,40.0,39.0,Endpoint aggregate has 11 weekly snap values; published snap source has 17.
1,snap percentage omits published snap weeks,draft-board,441,Davis Allen,TE,snap_pct,52.0,50.0,Endpoint aggregate has 15 weekly snap values; published snap source has 17.
1,snap percentage omits published snap weeks,draft-board,469,Josh Allen,QB,snap_pct,98.0,92.0,Endpoint aggregate has 16 weekly snap values; published snap source has 17.
1,snap percentage omits published snap weeks,draft-board,475,Kyle Allen,QB,snap_pct,10.0,8.0,Endpoint aggregate has 2 weekly snap values; published snap source has 3.
1,snap percentage omits published snap weeks,draft-board,881,Tutu Atwell,WR,snap_pct,32.0,28.0,Endpoint aggregate has 8 weekly snap values; published snap source has 10.
1,snap percentage omits published snap weeks,draft-board,910,Kevin Austin Jr.,WR,snap_pct,66.0,44.0,Endpoint aggregate has 5 weekly snap values; published snap source has 8.
1,snap percentage omits published snap weeks,draft-board,987,Tyler Badie,RB,snap_pct,19.0,18.0,Endpoint aggregate has 14 weekly snap values; published snap source has 16.
1,snap percentage omits published snap weeks,draft-board,988,Tyson Bagent,QB,snap_pct,8.0,7.0,Endpoint aggregate has 2 weekly snap values; published snap source has 3.
1,snap percentage omits published snap weeks,draft-board,1147,Michael Bandy,WR,snap_pct,8.0,6.0,Endpoint aggregate has 3 weekly snap values; published snap source has 4.
1,snap percentage omits published snap weeks,draft-board,1395,Brenden Bates,TE,snap_pct,39.0,27.0,Endpoint aggregate has 4 weekly snap values; published snap source has 9.
1,snap percentage omits published snap weeks,draft-board,1401,John Bates,TE,snap_pct,55.0,51.0,Endpoint aggregate has 9 weekly snap values; published snap source has 15.
1,snap percentage omits published snap weeks,draft-board,1519,Jack Bech,WR,snap_pct,51.0,40.0,Endpoint aggregate has 12 weekly snap values; published snap source has 16.
1,snap percentage omits published snap weeks,draft-board,1521,Andrew Beck,FB,snap_pct,13.0,11.0,Endpoint aggregate has 7 weekly snap values; published snap source has 17.
1,snap percentage omits published snap weeks,draft-board,1633,Ronnie Bell,WR,snap_pct,53.0,29.0,Endpoint aggregate has 1 weekly snap values; published snap source has 2.
1,snap percentage omits published snap weeks,draft-board,1651,Daniel Bellinger,TE,snap_pct,53.0,50.0,Endpoint aggregate has 12 weekly snap values; published snap source has 16.
1,snap percentage omits published snap weeks,draft-board,1791,Braxton Berrios,WR,snap_pct,38.0,19.0,Endpoint aggregate has 2 weekly snap values; published snap source has 4.
1,snap percentage omits published snap weeks,draft-board,1869,Tank Bigsby,RB,snap_pct,19.0,13.0,Endpoint aggregate has 11 weekly snap values; published snap source has 17.
1,snap percentage omits published snap weeks,draft-board,1980,Chris Blair,WR,snap_pct,null,5.0,Endpoint aggregate has 0 weekly snap values; published snap source has 3.
1,snap percentage omits published snap weeks,draft-board,2075,Jake Bobo,WR,snap_pct,18.0,17.0,Endpoint aggregate has 2 weekly snap values; published snap source has 11.
1,snap percentage omits published snap weeks,draft-board,2264,Kendrick Bourne,WR,snap_pct,62.0,57.0,Endpoint aggregate has 14 weekly snap values; published snap source has 16.
1,snap percentage omits published snap weeks,draft-board,2551,Teddy Bridgewater,QB,snap_pct,15.0,12.0,Endpoint aggregate has 3 weekly snap values; published snap source has 4.
1,snap percentage omits published snap weeks,draft-board,2654,British Brooks,RB,snap_pct,19.0,7.0,Endpoint aggregate has 3 weekly snap values; published snap source has 15.
1,snap percentage omits published snap weeks,draft-board,2658,Chris Brooks,RB,snap_pct,23.0,20.0,Endpoint aggregate has 14 weekly snap values; published snap source has 17.
1,snap percentage omits published snap weeks,draft-board,2669,Jalen Brooks,WR,snap_pct,55.0,30.0,Endpoint aggregate has 2 weekly snap values; published snap source has 6.
1,snap percentage omits published snap weeks,draft-board,2696,Tahj Brooks,RB,snap_pct,12.0,5.0,Endpoint aggregate has 6 weekly snap values; published snap source has 16.
1,snap percentage omits published snap weeks,draft-board,2758,Brittain Brown,RB,snap_pct,18.0,7.0,Endpoint aggregate has 1 weekly snap values; published snap source has 3.
1,snap percentage omits published snap weeks,draft-board,2821,Dyami Brown,WR,snap_pct,44.0,37.0,Endpoint aggregate has 11 weekly snap values; published snap source has 14.
1,snap percentage omits published snap weeks,draft-board,3014,Jason Brownlee,WR,snap_pct,10.0,7.0,Endpoint aggregate has 1 weekly snap values; published snap source has 6.
1,snap percentage omits published snap weeks,draft-board,3085,Pat Bryant,WR,snap_pct,53.0,48.0,Endpoint aggregate has 12 weekly snap values; published snap source has 15.
1,snap percentage omits published snap weeks,draft-board,3452,Lawrence Cager,TE,snap_pct,null,2.0,Endpoint aggregate has 0 weekly snap values; published snap source has 1.
1,snap percentage omits published snap weeks,draft-board,3466,Grant Calcaterra,TE,snap_pct,43.0,40.0,Endpoint aggregate has 8 weekly snap values; published snap source has 15.
1,snap percentage omits published snap weeks,draft-board,3515,Dalen Cambre,WR,snap_pct,null,3.0,Endpoint aggregate has 0 weekly snap values; published snap source has 7.
1,snap percentage omits published snap weeks,draft-board,3533,Dalevon Campbell,WR,snap_pct,null,6.0,Endpoint aggregate has 0 weekly snap values; published snap source has 2.
1,snap percentage omits published snap weeks,draft-board,3642,Stephen Carlson,TE,snap_pct,null,10.0,Endpoint aggregate has 0 weekly snap values; published snap source has 2.
1,snap percentage omits published snap weeks,draft-board,3946,Ty Chandler,RB,snap_pct,34.0,22.0,Endpoint aggregate has 2 weekly snap values; published snap source has 3.
1,snap percentage omits published snap weeks,draft-board,3988,Elijah Chatman,DT,snap_pct,null,1.0,Endpoint aggregate has 0 weekly snap values; published snap source has 5.
1,snap percentage omits published snap weeks,draft-board,4030,Julius Chestnut,RB,snap_pct,7.0,4.0,Endpoint aggregate has 7 weekly snap values; published snap source has 17.
1,snap percentage omits published snap weeks,draft-board,4057,Dan Chisena,WR,snap_pct,null,8.0,Endpoint aggregate has 0 weekly snap values; published snap source has 1.
1,snap percentage omits published snap weeks,draft-board,4058,Efton Chism III,WR,snap_pct,53.0,18.0,Endpoint aggregate has 2 weekly snap values; published snap source has 8.
1,snap percentage omits published snap weeks,draft-board,4440,Keon Coleman,WR,snap_pct,66.0,65.0,Endpoint aggregate has 12 weekly snap values; published snap source has 13.
1,snap percentage omits published snap weeks,draft-board,4496,Beaux Collins,WR,snap_pct,23.0,14.0,Endpoint aggregate has 3 weekly snap values; published snap source has 9.
1,snap percentage omits published snap weeks,draft-board,4589,Tyler Conklin,TE,snap_pct,30.0,19.0,Endpoint aggregate has 6 weekly snap values; published snap source has 13.
1,snap percentage omits published snap weeks,draft-board,4611,Tanner Conner,TE,snap_pct,35.0,34.0,Endpoint aggregate has 7 weekly snap values; published snap source has 9.
1,snap percentage omits published snap weeks,draft-board,4692,Darius Cooper,WR,snap_pct,39.0,26.0,Endpoint aggregate has 5 weekly snap values; published snap source has 13.
1,snap percentage omits published snap weeks,draft-board,4752,Malachi Corley,WR,snap_pct,27.0,25.0,Endpoint aggregate has 12 weekly snap values; published snap source has 13.
1,snap percentage omits published snap weeks,draft-board,4838,Britain Covey,WR,snap_pct,55.0,10.0,Endpoint aggregate has 1 weekly snap values; published snap source has 6.
1,snap percentage omits published snap weeks,draft-board,4990,Jalen Cropper,WR,snap_pct,null,4.0,Endpoint aggregate has 0 weekly snap values; published snap source has 3.
1,snap percentage omits published snap weeks,draft-board,5068,Devin Culp,TE,snap_pct,29.0,6.0,Endpoint aggregate has 1 weekly snap values; published snap source has 13.
1,snap percentage omits published snap weeks,draft-board,5163,Drake Dabney,TE,snap_pct,88.0,52.0,Endpoint aggregate has 1 weekly snap values; published snap source has 2.
1,snap percentage omits published snap weeks,draft-board,5186,DeeJay Dallas,RB,snap_pct,10.0,6.0,Endpoint aggregate has 2 weekly snap values; published snap source has 6.
1,snap percentage omits published snap weeks,draft-board,5360,Derius Davis,WR,snap_pct,21.0,11.0,Endpoint aggregate has 5 weekly snap values; published snap source has 11.
1,snap percentage omits published snap weeks,draft-board,5384,Isaiah Davis,RB,snap_pct,29.0,28.0,Endpoint aggregate has 15 weekly snap values; published snap source has 16.
1,snap percentage omits published snap weeks,draft-board,5418,Kaden Davis,WR,snap_pct,null,1.0,Endpoint aggregate has 0 weekly snap values; published snap source has 2.
1,snap percentage omits published snap weeks,draft-board,5432,Malik Davis,RB,snap_pct,23.0,21.0,Endpoint aggregate has 9 weekly snap values; published snap source has 10.
1,snap percentage omits published snap weeks,draft-board,5456,Ray Davis,RB,snap_pct,17.0,14.0,Endpoint aggregate has 13 weekly snap values; published snap source has 17.
1,snap percentage omits published snap weeks,draft-board,5574,Cooper DeJean,CB,snap_pct,null,1.0,Endpoint aggregate has 0 weekly snap values; published snap source has 16.
1,snap percentage omits published snap weeks,draft-board,5675,Emari Demercado,RB,snap_pct,27.0,23.0,Endpoint aggregate has 11 weekly snap values; published snap source has 13.
1,snap percentage omits published snap weeks,draft-board,5834,AJ Dillon,RB,snap_pct,13.0,12.0,Endpoint aggregate has 6 weekly snap values; published snap source has 7.
1,snap percentage omits published snap weeks,draft-board,5861,CJ Dippre,TE,snap_pct,null,16.0,Endpoint aggregate has 0 weekly snap values; published snap source has 2.
1,snap percentage omits published snap weeks,draft-board,6029,Jahan Dotson,WR,snap_pct,58.0,57.0,Endpoint aggregate has 14 weekly snap values; published snap source has 17.
1,snap percentage omits published snap weeks,draft-board,6047,DeMario Douglas,WR,snap_pct,27.0,26.0,Endpoint aggregate has 16 weekly snap values; published snap source has 17.
1,snap percentage omits published snap weeks,draft-board,6141,Dylan Drummond,WR,snap_pct,39.0,21.0,Endpoint aggregate has 4 weekly snap values; published snap source has 9.
1,snap percentage omits published snap weeks,draft-board,6202,Greg Dulcich,TE,snap_pct,44.0,42.0,Endpoint aggregate has 9 weekly snap values; published snap source has 10.
1,snap percentage omits published snap weeks,draft-board,6204,Ashton Dulin,WR,snap_pct,29.0,21.0,Endpoint aggregate has 7 weekly snap values; published snap source has 12.
1,snap percentage omits published snap weeks,draft-board,6291,Payne Durham,TE,snap_pct,30.0,32.0,Endpoint aggregate has 4 weekly snap values; published snap source has 17.
1,snap percentage omits published snap weeks,draft-board,6298,Devin Duvernay,WR,snap_pct,11.0,4.0,Endpoint aggregate has 3 weekly snap values; published snap source has 17.
1,snap percentage omits published snap weeks,draft-board,6705,Audric Estimé,RB,snap_pct,54.0,39.0,Endpoint aggregate has 5 weekly snap values; published snap source has 7.
1,snap percentage omits published snap weeks,draft-board,6717,Trevor Etienne,RB,snap_pct,9.0,6.0,Endpoint aggregate has 8 weekly snap values; published snap source has 17.
1,snap percentage omits published snap weeks,draft-board,6770,Mitchell Evans,TE,snap_pct,39.0,37.0,Endpoint aggregate has 13 weekly snap values; published snap source has 17.
1,snap percentage omits published snap weeks,draft-board,6860,Noah Fant,TE,snap_pct,40.0,38.0,Endpoint aggregate has 13 weekly snap values; published snap source has 15.
1,snap percentage omits published snap weeks,draft-board,6897,Luke Farrell,TE,snap_pct,39.0,35.0,Endpoint aggregate has 9 weekly snap values; published snap source has 17.
1,snap percentage omits published snap weeks,draft-board,6958,Simi Fehoko,WR,snap_pct,null,6.0,Endpoint aggregate has 0 weekly snap values; published snap source has 8.
1,snap percentage omits published snap weeks,draft-board,6979,Tai Felton,WR,snap_pct,16.0,4.0,Endpoint aggregate has 3 weekly snap values; published snap source has 17.
1,snap percentage omits published snap weeks,draft-board,7010,Terrance Ferguson,TE,snap_pct,43.0,37.0,Endpoint aggregate has 11 weekly snap values; published snap source has 14.
1,snap percentage omits published snap weeks,draft-board,7035,Thomas Fidone II,TE,snap_pct,null,3.0,Endpoint aggregate has 0 weekly snap values; published snap source has 7.
1,snap percentage omits published snap weeks,draft-board,7101,Anthony Firkser,TE,snap_pct,48.0,40.0,Endpoint aggregate has 5 weekly snap values; published snap source has 7.
1,snap percentage omits published snap weeks,draft-board,7199,Ryan Flournoy,WR,snap_pct,52.0,45.0,Endpoint aggregate has 13 weekly snap values; published snap source has 16.
1,snap percentage omits published snap weeks,draft-board,7478,Feleipe Franks,TE,snap_pct,4.0,1.0,Endpoint aggregate has 2 weekly snap values; published snap source has 17.
1,snap percentage omits published snap weeks,draft-board,7532,Pat Freiermuth,TE,snap_pct,53.0,50.0,Endpoint aggregate has 15 weekly snap values; published snap source has 17.
1,snap percentage omits published snap weeks,draft-board,7955,Mike Gesicki,TE,snap_pct,42.0,39.0,Endpoint aggregate has 12 weekly snap values; published snap source has 13.
1,snap percentage omits published snap weeks,draft-board,8002,DJ Giddens,RB,snap_pct,18.0,12.0,Endpoint aggregate has 5 weekly snap values; published snap source has 9.
1,snap percentage omits published snap weeks,draft-board,8057,Reggie Gilliam,FB,snap_pct,19.0,21.0,Endpoint aggregate has 3 weekly snap values; published snap source has 17.
1,snap percentage omits published snap weeks,draft-board,8084,Xavier Gipson,WR,snap_pct,6.0,2.0,Endpoint aggregate has 2 weekly snap values; published snap source has 7.
1,snap percentage omits published snap weeks,draft-board,8244,Tyler Goodson,RB,snap_pct,7.0,5.0,Endpoint aggregate has 7 weekly snap values; published snap source has 11.
1,snap percentage omits published snap weeks,draft-board,8276,Ollie Gordon II,RB,snap_pct,23.0,22.0,Endpoint aggregate has 16 weekly snap values; published snap source has 17.
1,snap percentage omits published snap weeks,draft-board,8304,Anthony Gould,WR,snap_pct,36.0,9.0,Endpoint aggregate has 2 weekly snap values; published snap source has 11.
1,snap percentage omits published snap weeks,draft-board,8368,Cam Grandy,TE,snap_pct,14.0,9.0,Endpoint aggregate has 2 weekly snap values; published snap source has 5.
1,snap percentage omits published snap weeks,draft-board,8371,Kylen Granson,TE,snap_pct,45.0,23.0,Endpoint aggregate has 4 weekly snap values; published snap source has 17.
1,snap percentage omits published snap weeks,draft-board,8435,Eric Gray,RB,snap_pct,null,1.0,Endpoint aggregate has 0 weekly snap values; published snap source has 4.
1,snap percentage omits published snap weeks,draft-board,8451,Noah Gray,TE,snap_pct,53.0,52.0,Endpoint aggregate has 13 weekly snap values; published snap source has 16.
1,snap percentage omits published snap weeks,draft-board,9156,Mecole Hardman,WR,snap_pct,7.0,4.0,Endpoint aggregate has 1 weekly snap values; published snap source has 2.
1,snap percentage omits published snap weeks,draft-board,9552,Jackson Hawes,TE,snap_pct,46.0,44.0,Endpoint aggregate has 13 weekly snap values; published snap source has 17.
1,snap percentage omits published snap weeks,draft-board,9737,Tonka Hemingway,DT,snap_pct,null,1.0,Endpoint aggregate has 0 weekly snap values; published snap source has 9.
1,snap percentage omits published snap weeks,draft-board,9922,Connor Heyward,FB,snap_pct,11.0,9.0,Endpoint aggregate has 11 weekly snap values; published snap source has 17.
1,snap percentage omits published snap weeks,draft-board,9967,Elijah Higgins,TE,snap_pct,45.0,43.0,Endpoint aggregate has 15 weekly snap values; published snap source has 17.
1,snap percentage omits published snap weeks,draft-board,10032,Julian Hill,TE,snap_pct,56.0,55.0,Endpoint aggregate has 11 weekly snap values; published snap source has 14.
1,snap percentage omits published snap weeks,draft-board,10033,Justice Hill,RB,snap_pct,38.0,37.0,Endpoint aggregate has 9 weekly snap values; published snap source has 10.
1,snap percentage omits published snap weeks,draft-board,10186,Isaiah Hodgins,WR,snap_pct,83.0,76.0,Endpoint aggregate has 6 weekly snap values; published snap source has 7.
1,snap percentage omits published snap weeks,draft-board,10218,George Holani,RB,snap_pct,15.0,6.0,Endpoint aggregate has 4 weekly snap values; published snap source has 11.
1,snap percentage omits published snap weeks,draft-board,10375,Austin Hooper,TE,snap_pct,52.0,50.0,Endpoint aggregate has 13 weekly snap values; published snap source has 16.
1,snap percentage omits published snap weeks,draft-board,10406,Jimmy Horn Jr.,WR,snap_pct,21.0,19.0,Endpoint aggregate has 10 weekly snap values; published snap source has 13.
1,snap percentage omits published snap weeks,draft-board,10430,Tory Horton,WR,snap_pct,47.0,48.0,Endpoint aggregate has 7 weekly snap values; published snap source has 8.
1,snap percentage omits published snap weeks,draft-board,10573,Tanner Hudson,TE,snap_pct,21.0,15.0,Endpoint aggregate has 10 weekly snap values; published snap source has 15.
1,snap percentage omits published snap weeks,draft-board,10642,Lil'Jordan Humphrey,WR,snap_pct,54.0,48.0,Endpoint aggregate has 7 weekly snap values; published snap source has 10.
1,snap percentage omits published snap weeks,draft-board,10720,Adin Huntington,DE,snap_pct,null,3.0,Endpoint aggregate has 0 weekly snap values; published snap source has 13.
1,snap percentage omits published snap weeks,draft-board,10759,Xavier Hutchinson,WR,snap_pct,58.0,57.0,Endpoint aggregate has 16 weekly snap values; published snap source has 17.
1,snap percentage omits published snap weeks,draft-board,10769,Jalin Hyatt,WR,snap_pct,38.0,29.0,Endpoint aggregate has 5 weekly snap values; published snap source has 8.
1,snap percentage omits published snap weeks,draft-board,10852,Andrei Iosivas,WR,snap_pct,78.0,76.0,Endpoint aggregate has 15 weekly snap values; published snap source has 17.
1,snap percentage omits published snap weeks,draft-board,11178,Jordan James,RB,snap_pct,null,2.0,Endpoint aggregate has 0 weekly snap values; published snap source has 3.
1,snap percentage omits published snap weeks,draft-board,11287,Van Jefferson,WR,snap_pct,65.0,59.0,Endpoint aggregate has 14 weekly snap values; published snap source has 16.
1,snap percentage omits published snap weeks,draft-board,11316,E.J. Jenkins,TE,snap_pct,null,10.0,Endpoint aggregate has 0 weekly snap values; published snap source has 2.
1,snap percentage omits published snap weeks,draft-board,11376,Terrell Jennings,RB,snap_pct,12.0,8.0,Endpoint aggregate has 5 weekly snap values; published snap source has 7.
1,snap percentage omits published snap weeks,draft-board,11445,Amar Johnson,RB,snap_pct,8.0,4.0,Endpoint aggregate has 1 weekly snap values; published snap source has 2.
1,snap percentage omits published snap weeks,draft-board,11645,Josh Johnson,QB,snap_pct,80.0,49.0,Endpoint aggregate has 3 weekly snap values; published snap source has 5.
1,snap percentage omits published snap weeks,draft-board,11654,Kameron Johnson,WR,snap_pct,21.0,10.0,Endpoint aggregate has 5 weekly snap values; published snap source has 17.
1,snap percentage omits published snap weeks,draft-board,11762,Roschon Johnson,RB,snap_pct,3.0,1.0,Endpoint aggregate has 2 weekly snap values; published snap source has 7.
1,snap percentage omits published snap weeks,draft-board,11802,Tyler Johnson,WR,snap_pct,48.0,41.0,Endpoint aggregate has 9 weekly snap values; published snap source has 12.
1,snap percentage omits published snap weeks,draft-board,11832,Quentin Johnston,WR,snap_pct,79.0,77.0,Endpoint aggregate has 13 weekly snap values; published snap source has 14.
1,snap percentage omits published snap weeks,draft-board,11907,Charlie Jones,WR,snap_pct,17.0,2.0,Endpoint aggregate has 1 weekly snap values; published snap source has 14.
1,snap percentage omits published snap weeks,draft-board,12141,Tim Jones,WR,snap_pct,19.0,10.0,Endpoint aggregate has 1 weekly snap values; published snap source has 4.
1,snap percentage omits published snap weeks,draft-board,12150,Velus Jones Jr.,WR,snap_pct,10.0,2.0,Endpoint aggregate has 1 weekly snap values; published snap source has 8.
1,snap percentage omits published snap weeks,draft-board,12269,Kyle Juszczyk,FB,snap_pct,45.0,46.0,Endpoint aggregate has 15 weekly snap values; published snap source has 17.
1,snap percentage omits published snap weeks,draft-board,12301,Nick Kallerup,TE,snap_pct,48.0,24.0,Endpoint aggregate has 1 weekly snap values; published snap source has 9.
1,snap percentage omits published snap weeks,draft-board,12510,Tom Kennedy,WR,snap_pct,65.0,12.0,Endpoint aggregate has 1 weekly snap values; published snap source has 6.
1,snap percentage omits published snap weeks,draft-board,12570,Ko Kieft,TE,snap_pct,null,14.0,Endpoint aggregate has 0 weekly snap values; published snap source has 3.
1,snap percentage omits published snap weeks,draft-board,12681,Mason Kinsey,WR,snap_pct,34.0,11.0,Endpoint aggregate has 2 weekly snap values; published snap source has 10.
1,snap percentage omits published snap weeks,draft-board,12689,Christian Kirk,WR,snap_pct,51.0,49.0,Endpoint aggregate has 11 weekly snap values; published snap source has 13.
1,snap percentage omits published snap weeks,draft-board,12776,Bam Knight,RB,snap_pct,40.0,33.0,Endpoint aggregate has 10 weekly snap values; published snap source has 12.
1,snap percentage omits published snap weeks,draft-board,12785,Dawson Knox,TE,snap_pct,59.0,58.0,Endpoint aggregate has 16 weekly snap values; published snap source has 17.
1,snap percentage omits published snap weeks,draft-board,12813,Charlie Kolar,TE,snap_pct,39.0,40.0,Endpoint aggregate has 11 weekly snap values; published snap source has 17.
1,snap percentage omits published snap weeks,draft-board,12926,Lucas Krull,TE,snap_pct,36.0,29.0,Endpoint aggregate has 2 weekly snap values; published snap source has 3.
1,snap percentage omits published snap weeks,draft-board,13042,CeeDee Lamb,WR,snap_pct,78.0,73.0,Endpoint aggregate has 13 weekly snap values; published snap source has 14.
1,snap percentage omits published snap weeks,draft-board,13048,KeAndre Lambert-Smith,WR,snap_pct,22.0,19.0,Endpoint aggregate has 7 weekly snap values; published snap source has 10.
1,snap percentage omits published snap weeks,draft-board,13095,Jaylin Lane,WR,snap_pct,41.0,36.0,Endpoint aggregate has 13 weekly snap values; published snap source has 15.
1,snap percentage omits published snap weeks,draft-board,13152,Gage Larvadain,WR,snap_pct,33.0,24.0,Endpoint aggregate has 7 weekly snap values; published snap source has 13.
1,snap percentage omits published snap weeks,draft-board,13186,Cameron Latu,TE,snap_pct,null,11.0,Endpoint aggregate has 0 weekly snap values; published snap source has 15.
1,snap percentage omits published snap weeks,draft-board,13187,Keleki Latu,TE,snap_pct,40.0,23.0,Endpoint aggregate has 2 weekly snap values; published snap source has 5.
1,snap percentage omits published snap weeks,draft-board,13189,Dylan Laube,RB,snap_pct,12.0,3.0,Endpoint aggregate has 4 weekly snap values; published snap source has 17.
1,snap percentage omits published snap weeks,draft-board,13568,Isaiah Likely,TE,snap_pct,59.0,56.0,Endpoint aggregate has 11 weekly snap values; published snap source has 14.
1,snap percentage omits published snap weeks,draft-board,13664,Drew Lock,QB,snap_pct,18.0,13.0,Endpoint aggregate has 3 weekly snap values; published snap source has 5.
1,snap percentage omits published snap weeks,draft-board,13730,Hunter Long,TE,snap_pct,47.0,40.0,Endpoint aggregate has 7 weekly snap values; published snap source has 9.
1,snap percentage omits published snap weeks,draft-board,13819,Dominic Lovett,WR,snap_pct,null,2.0,Endpoint aggregate has 0 weekly snap values; published snap source has 12.
1,snap percentage omits published snap weeks,draft-board,13880,Hunter Luepke,FB,snap_pct,23.0,21.0,Endpoint aggregate has 11 weekly snap values; published snap source has 17.
1,snap percentage omits published snap weeks,draft-board,14087,Will Mallory,TE,snap_pct,19.0,14.0,Endpoint aggregate has 1 weekly snap values; published snap source has 2.
1,snap percentage omits published snap weeks,draft-board,14125,Chris Manhertz,TE,snap_pct,26.0,18.0,Endpoint aggregate has 2 weekly snap values; published snap source has 17.
1,snap percentage omits published snap weeks,draft-board,14199,Marcus Mariota,QB,snap_pct,81.0,75.0,Endpoint aggregate has 10 weekly snap values; published snap source has 11.
1,snap percentage omits published snap weeks,draft-board,14279,Tay Martin,WR,snap_pct,20.0,17.0,Endpoint aggregate has 2 weekly snap values; published snap source has 3.
1,snap percentage omits published snap weeks,draft-board,14335,David Martin-Robinson,TE,snap_pct,23.0,13.0,Endpoint aggregate has 4 weekly snap values; published snap source has 17.
1,snap percentage omits published snap weeks,draft-board,14390,Moliki Matavao,TE,snap_pct,50.0,21.0,Endpoint aggregate has 1 weekly snap values; published snap source has 6.
1,snap percentage omits published snap weeks,draft-board,14422,Scott Matlock,FB,snap_pct,40.0,31.0,Endpoint aggregate has 3 weekly snap values; published snap source has 16.
1,snap percentage omits published snap weeks,draft-board,14509,Michael Mayer,TE,snap_pct,65.0,62.0,Endpoint aggregate has 12 weekly snap values; published snap source has 13.
1,snap percentage omits published snap weeks,draft-board,14581,Luke McCaffrey,WR,snap_pct,40.0,32.0,Endpoint aggregate has 7 weekly snap values; published snap source has 9.
1,snap percentage omits published snap weeks,draft-board,14978,Sean McKeon,TE,snap_pct,null,12.0,Endpoint aggregate has 0 weekly snap values; published snap source has 1.
1,snap percentage omits published snap weeks,draft-board,15117,Jeremy McNichols,RB,snap_pct,33.0,32.0,Endpoint aggregate has 16 weekly snap values; published snap source has 17.
1,snap percentage omits published snap weeks,draft-board,15179,Jackson Meeks,WR,snap_pct,null,5.0,Endpoint aggregate has 0 weekly snap values; published snap source has 2.
1,snap percentage omits published snap weeks,draft-board,15206,Bo Melton,WR,snap_pct,19.0,10.0,Endpoint aggregate has 8 weekly snap values; published snap source has 16.
1,snap percentage omits published snap weeks,draft-board,15265,John Metchie III,WR,snap_pct,59.0,46.0,Endpoint aggregate has 12 weekly snap values; published snap source has 16.
1,snap percentage omits published snap weeks,draft-board,15438,Ryan Miller,WR,snap_pct,19.0,15.0,Endpoint aggregate has 4 weekly snap values; published snap source has 13.
1,snap percentage omits published snap weeks,draft-board,15440,Scott Miller,WR,snap_pct,29.0,19.0,Endpoint aggregate has 5 weekly snap values; published snap source has 13.
1,snap percentage omits published snap weeks,draft-board,15505,Jonathan Mingo,WR,snap_pct,24.0,21.0,Endpoint aggregate has 5 weekly snap values; published snap source has 6.
1,snap percentage omits published snap weeks,draft-board,15567,James Mitchell,TE,snap_pct,22.0,14.0,Endpoint aggregate has 2 weekly snap values; published snap source has 5.
1,snap percentage omits published snap weeks,draft-board,15576,Keaton Mitchell,RB,snap_pct,19.0,17.0,Endpoint aggregate has 12 weekly snap values; published snap source has 13.
1,snap percentage omits published snap weeks,draft-board,15611,Zaire Mitchell-Paden,TE,snap_pct,30.0,23.0,Endpoint aggregate has 3 weekly snap values; published snap source has 8.
1,snap percentage omits published snap weeks,draft-board,15756,David Moore,WR,snap_pct,49.0,33.0,Endpoint aggregate has 2 weekly snap values; published snap source has 4.
1,snap percentage omits published snap weeks,draft-board,15841,Skyy Moore,WR,snap_pct,16.0,10.0,Endpoint aggregate has 9 weekly snap values; published snap source has 17.
1,snap percentage omits published snap weeks,draft-board,15867,Foster Moreau,TE,snap_pct,37.0,36.0,Endpoint aggregate has 7 weekly snap values; published snap source has 11.
1,snap percentage omits published snap weeks,draft-board,15948,Quintin Morris,TE,snap_pct,37.0,23.0,Endpoint aggregate has 5 weekly snap values; published snap source has 14.
1,snap percentage omits published snap weeks,draft-board,16101,Kalel Mullings,RB,snap_pct,4.0,2.0,Endpoint aggregate has 3 weekly snap values; published snap source has 9.
1,snap percentage omits published snap weeks,draft-board,16108,Konata Mumpfield,WR,snap_pct,44.0,32.0,Endpoint aggregate has 9 weekly snap values; published snap source has 17.
1,snap percentage omits published snap weeks,draft-board,16114,Johnny Mundt,TE,snap_pct,39.0,36.0,Endpoint aggregate has 11 weekly snap values; published snap source has 16.
1,snap percentage omits published snap weeks,draft-board,16199,Luke Musgrave,TE,snap_pct,44.0,40.0,Endpoint aggregate has 13 weekly snap values; published snap source has 17.
1,snap percentage omits published snap weeks,draft-board,16297,Devin Neal,RB,snap_pct,44.0,40.0,Endpoint aggregate has 9 weekly snap values; published snap source has 10.
1,snap percentage omits published snap weeks,draft-board,16530,David Njoku,TE,snap_pct,65.0,64.0,Endpoint aggregate has 11 weekly snap values; published snap source has 12.
1,snap percentage omits published snap weeks,draft-board,16547,Jaylin Noel,WR,snap_pct,27.0,26.0,Endpoint aggregate has 14 weekly snap values; published snap source has 17.
1,snap percentage omits published snap weeks,draft-board,16647,Kene Nwangwu,RB,snap_pct,26.0,4.0,Endpoint aggregate has 2 weekly snap values; published snap source has 12.
1,snap percentage omits published snap weeks,draft-board,16778,Andrew Ogletree,TE,snap_pct,18.0,24.0,Endpoint aggregate has 4 weekly snap values; published snap source has 15.
1,snap percentage omits published snap weeks,draft-board,16850,Bryce Oliver,WR,snap_pct,5.0,17.0,Endpoint aggregate has 1 weekly snap values; published snap source has 3.
1,snap percentage omits published snap weeks,draft-board,16861,Josh Oliver,TE,snap_pct,51.0,46.0,Endpoint aggregate has 12 weekly snap values; published snap source has 15.
1,snap percentage omits published snap weeks,draft-board,16886,Gunner Olszewski,WR,snap_pct,31.0,10.0,Endpoint aggregate has 5 weekly snap values; published snap source has 16.
1,snap percentage omits published snap weeks,draft-board,16991,Robbie Ouzts,FB,snap_pct,null,27.0,Endpoint aggregate has 0 weekly snap values; published snap source has 12.
1,snap percentage omits published snap weeks,draft-board,17002,Coleman Owen,WR,snap_pct,2.0,1.0,Endpoint aggregate has 1 weekly snap values; published snap source has 2.
1,snap percentage omits published snap weeks,draft-board,17106,Tejhaun Palmer,WR,snap_pct,null,7.0,Endpoint aggregate has 0 weekly snap values; published snap source has 1.
1,snap percentage omits published snap weeks,draft-board,17186,Colby Parkinson,TE,snap_pct,62.0,60.0,Endpoint aggregate has 14 weekly snap values; published snap source has 15.
1,snap percentage omits published snap weeks,draft-board,17257,Tim Patrick,WR,snap_pct,30.0,32.0,Endpoint aggregate has 13 weekly snap values; published snap source has 16.
1,snap percentage omits published snap weeks,draft-board,17437,Samaje Perine,RB,snap_pct,36.0,35.0,Endpoint aggregate has 14 weekly snap values; published snap source has 15.
1,snap percentage omits published snap weeks,draft-board,17654,Dameon Pierce,RB,snap_pct,14.0,8.0,Endpoint aggregate has 3 weekly snap values; published snap source has 5.
1,snap percentage omits published snap weeks,draft-board,17969,Adam Prentice,FB,snap_pct,20.0,19.0,Endpoint aggregate has 12 weekly snap values; published snap source has 17.
1,snap percentage omits published snap weeks,draft-board,18010,Myles Price,WR,snap_pct,null,2.0,Endpoint aggregate has 0 weekly snap values; published snap source has 16.
1,snap percentage omits published snap weeks,draft-board,18169,Teagan Quitoriano,TE,snap_pct,null,12.0,Endpoint aggregate has 0 weekly snap values; published snap source has 17.
1,snap percentage omits published snap weeks,draft-board,18237,Jalen Ramsey,CB,snap_pct,null,1.0,Endpoint aggregate has 0 weekly snap values; published snap source has 17.
1,snap percentage omits published snap weeks,draft-board,18339,Kalif Raymond,WR,snap_pct,40.0,37.0,Endpoint aggregate has 12 weekly snap values; published snap source has 15.
1,snap percentage omits published snap weeks,draft-board,18424,Jayden Reed,WR,snap_pct,53.0,41.0,Endpoint aggregate has 5 weekly snap values; published snap source has 7.
1,snap percentage omits published snap weeks,draft-board,18523,Tip Reiman,TE,snap_pct,46.0,37.0,Endpoint aggregate has 3 weekly snap values; published snap source has 4.
1,snap percentage omits published snap weeks,draft-board,18533,Nikko Remigio,WR,snap_pct,5.0,3.0,Endpoint aggregate has 2 weekly snap values; published snap source has 14.
1,snap percentage omits published snap weeks,draft-board,18613,Patrick Ricard,FB,snap_pct,47.0,41.0,Endpoint aggregate has 3 weekly snap values; published snap source has 11.
1,snap percentage omits published snap weeks,draft-board,18805,Ronnie Rivers,RB,snap_pct,11.0,2.0,Endpoint aggregate has 2 weekly snap values; published snap source has 11.
1,snap percentage omits published snap weeks,draft-board,18895,Brian Robinson,RB,snap_pct,18.0,17.0,Endpoint aggregate has 16 weekly snap values; published snap source has 17.
1,snap percentage omits published snap weeks,draft-board,19042,Chris Rodriguez Jr.,RB,snap_pct,34.0,31.0,Endpoint aggregate has 12 weekly snap values; published snap source has 13.
1,snap percentage omits published snap weeks,draft-board,19264,Jalen Royals,WR,snap_pct,67.0,19.0,Endpoint aggregate has 1 weekly snap values; published snap source has 7.
1,snap percentage omits published snap weeks,draft-board,19282,Hayden Rucci,TE,snap_pct,null,17.0,Endpoint aggregate has 0 weekly snap values; published snap source has 4.
1,snap percentage omits published snap weeks,draft-board,19296,Jeremy Ruckert,TE,snap_pct,48.0,47.0,Endpoint aggregate has 13 weekly snap values; published snap source has 17.
1,snap percentage omits published snap weeks,draft-board,19329,Carter Runyon,TE,snap_pct,14.0,6.0,Endpoint aggregate has 1 weekly snap values; published snap source has 13.
1,snap percentage omits published snap weeks,draft-board,19348,Brady Russell,FB,snap_pct,8.0,5.0,Endpoint aggregate has 1 weekly snap values; published snap source has 17.
1,snap percentage omits published snap weeks,draft-board,19468,Drew Sample,TE,snap_pct,57.0,54.0,Endpoint aggregate has 11 weekly snap values; published snap source has 17.
1,snap percentage omits published snap weeks,draft-board,19523,Ja'Tavion Sanders,TE,snap_pct,53.0,48.0,Endpoint aggregate has 11 weekly snap values; published snap source has 13.
1,snap percentage omits published snap weeks,draft-board,19596,Eric Saubert,TE,snap_pct,49.0,40.0,Endpoint aggregate has 5 weekly snap values; published snap source has 11.
1,snap percentage omits published snap weeks,draft-board,19639,Jacob Saylors,RB,snap_pct,7.0,1.0,Endpoint aggregate has 1 weekly snap values; published snap source has 16.
1,snap percentage omits published snap weeks,draft-board,19865,Zavier Scott,RB,snap_pct,18.0,10.0,Endpoint aggregate has 9 weekly snap values; published snap source has 16.
1,snap percentage omits published snap weeks,draft-board,20017,Tyrell Shavers,WR,snap_pct,43.0,40.0,Endpoint aggregate has 10 weekly snap values; published snap source has 17.
1,snap percentage omits published snap weeks,draft-board,20108,Trent Sherfield,WR,snap_pct,27.0,24.0,Endpoint aggregate has 4 weekly snap values; published snap source has 12.
1,snap percentage omits published snap weeks,draft-board,20140,Will Shipley,RB,snap_pct,14.0,12.0,Endpoint aggregate has 11 weekly snap values; published snap source has 15.
1,snap percentage omits published snap weeks,draft-board,20163,Justin Shorter,WR,snap_pct,null,1.0,Endpoint aggregate has 0 weekly snap values; published snap source has 7.
1,snap percentage omits published snap weeks,draft-board,20216,David Sills,WR,snap_pct,64.0,52.0,Endpoint aggregate has 12 weekly snap values; published snap source has 17.
1,snap percentage omits published snap weeks,draft-board,20244,Jeffery Simmons,DT,snap_pct,2.0,0.0,Endpoint aggregate has 1 weekly snap values; published snap source has 15.
1,snap percentage omits published snap weeks,draft-board,20310,Ben Sims,TE,snap_pct,30.0,13.0,Endpoint aggregate has 3 weekly snap values; published snap source has 11.
1,snap percentage omits published snap weeks,draft-board,20363,Ben Sinnott,TE,snap_pct,41.0,36.0,Endpoint aggregate has 8 weekly snap values; published snap source has 16.
1,snap percentage omits published snap weeks,draft-board,20404,Ben Skowronek,WR,snap_pct,22.0,15.0,Endpoint aggregate has 6 weekly snap values; published snap source has 17.
1,snap percentage omits published snap weeks,draft-board,20474,Stone Smartt,TE,snap_pct,20.0,10.0,Endpoint aggregate has 3 weekly snap values; published snap source has 15.
1,snap percentage omits published snap weeks,draft-board,20504,Arian Smith,WR,snap_pct,45.0,38.0,Endpoint aggregate has 12 weekly snap values; published snap source has 16.
1,snap percentage omits published snap weeks,draft-board,20521,Brandon Smith,WR,snap_pct,null,6.0,Endpoint aggregate has 0 weekly snap values; published snap source has 2.
1,snap percentage omits published snap weeks,draft-board,20523,Brashard Smith,RB,snap_pct,18.0,17.0,Endpoint aggregate has 15 weekly snap values; published snap source has 17.
1,snap percentage omits published snap weeks,draft-board,20822,Xavier Smith,WR,snap_pct,30.0,21.0,Endpoint aggregate has 10 weekly snap values; published snap source has 16.
1,snap percentage omits published snap weeks,draft-board,20827,JuJu Smith-Schuster,WR,snap_pct,59.0,57.0,Endpoint aggregate has 16 weekly snap values; published snap source has 17.
1,snap percentage omits published snap weeks,draft-board,20920,Brevyn Spann-Ford,TE,snap_pct,27.0,25.0,Endpoint aggregate has 10 weekly snap values; published snap source has 17.
1,snap percentage omits published snap weeks,draft-board,21304,Jack Stoll,TE,snap_pct,22.0,21.0,Endpoint aggregate has 8 weekly snap values; published snap source has 15.
1,snap percentage omits published snap weeks,draft-board,21333,Cade Stover,TE,snap_pct,49.0,44.0,Endpoint aggregate has 6 weekly snap values; published snap source has 9.
1,snap percentage omits published snap weeks,draft-board,21849,Isaac TeSlaa,WR,snap_pct,43.0,40.0,Endpoint aggregate has 14 weekly snap values; published snap source has 17.
1,snap percentage omits published snap weeks,draft-board,21995,Ian Thomas,TE,snap_pct,42.0,36.0,Endpoint aggregate has 7 weekly snap values; published snap source has 15.
1,snap percentage omits published snap weeks,draft-board,22230,Dont'e Thornton Jr.,WR,snap_pct,56.0,45.0,Endpoint aggregate has 11 weekly snap values; published snap source has 15.
1,snap percentage omits published snap weeks,draft-board,22241,Tyquan Thornton,WR,snap_pct,44.0,39.0,Endpoint aggregate has 11 weekly snap values; published snap source has 14.
1,snap percentage omits published snap weeks,draft-board,22249,Jamari Thrash,WR,snap_pct,34.0,35.0,Endpoint aggregate has 8 weekly snap values; published snap source has 9.
1,snap percentage omits published snap weeks,draft-board,22282,Cedric Tillman,WR,snap_pct,66.0,62.0,Endpoint aggregate has 12 weekly snap values; published snap source has 13.
1,snap percentage omits published snap weeks,draft-board,22307,Mitchell Tinsley,WR,snap_pct,36.0,25.0,Endpoint aggregate has 8 weekly snap values; published snap source has 17.
1,snap percentage omits published snap weeks,draft-board,22316,Mason Tipton,WR,snap_pct,50.0,30.0,Endpoint aggregate has 6 weekly snap values; published snap source has 14.
1,snap percentage omits published snap weeks,draft-board,22346,Jalen Tolbert,WR,snap_pct,57.0,51.0,Endpoint aggregate has 11 weekly snap values; published snap source has 13.
1,snap percentage omits published snap weeks,draft-board,22383,Khyiris Tonga,DT,snap_pct,null,2.0,Endpoint aggregate has 0 weekly snap values; published snap source has 14.
1,snap percentage omits published snap weeks,draft-board,22385,Jake Tonges,TE,snap_pct,57.0,33.0,Endpoint aggregate has 9 weekly snap values; published snap source has 17.
1,snap percentage omits published snap weeks,draft-board,22453,Austin Trammell,WR,snap_pct,26.0,23.0,Endpoint aggregate has 5 weekly snap values; published snap source has 6.
1,snap percentage omits published snap weeks,draft-board,22464,Adam Trautman,TE,snap_pct,62.0,57.0,Endpoint aggregate has 11 weekly snap values; published snap source has 17.
1,snap percentage omits published snap weeks,draft-board,22479,Laquon Treadwell,WR,snap_pct,null,6.0,Endpoint aggregate has 0 weekly snap values; published snap source has 10.
1,snap percentage omits published snap weeks,draft-board,22484,Brycen Tremayne,WR,snap_pct,30.0,25.0,Endpoint aggregate has 8 weekly snap values; published snap source has 16.
1,snap percentage omits published snap weeks,draft-board,22562,Sean Tucker,RB,snap_pct,19.0,16.0,Endpoint aggregate has 14 weekly snap values; published snap source has 17.
1,snap percentage omits published snap weeks,draft-board,22648,Malik Turner,WR,snap_pct,7.0,8.0,Endpoint aggregate has 1 weekly snap values; published snap source has 3.
1,snap percentage omits published snap weeks,draft-board,22788,Sione Vaki,RB,snap_pct,1.0,0.0,Endpoint aggregate has 1 weekly snap values; published snap source has 11.
1,snap percentage omits published snap weeks,draft-board,22790,Marquez Valdes-Scantling,WR,snap_pct,49.0,48.0,Endpoint aggregate has 9 weekly snap values; published snap source has 10.
1,snap percentage omits published snap weeks,draft-board,22900,Devaughn Vele,WR,snap_pct,62.0,50.0,Endpoint aggregate has 9 weekly snap values; published snap source has 13.
1,snap percentage omits published snap weeks,draft-board,22946,Kimani Vidal,RB,snap_pct,59.0,54.0,Endpoint aggregate has 12 weekly snap values; published snap source has 13.
1,snap percentage omits published snap weeks,draft-board,23101,Devontez Walker,WR,snap_pct,35.0,25.0,Endpoint aggregate has 5 weekly snap values; published snap source has 12.
1,snap percentage omits published snap weeks,draft-board,23116,Jahdae Walker,WR,snap_pct,42.0,15.0,Endpoint aggregate has 3 weekly snap values; published snap source has 9.
1,snap percentage omits published snap weeks,draft-board,23195,Tylan Wallace,WR,snap_pct,37.0,23.0,Endpoint aggregate has 6 weekly snap values; published snap source has 14.
1,snap percentage omits published snap weeks,draft-board,23355,Parker Washington,WR,snap_pct,64.0,61.0,Endpoint aggregate has 15 weekly snap values; published snap source has 16.
1,snap percentage omits published snap weeks,draft-board,23360,Darnell Washington,TE,snap_pct,61.0,57.0,Endpoint aggregate has 13 weekly snap values; published snap source has 16.
1,snap percentage omits published snap weeks,draft-board,23408,Tahj Washington,WR,snap_pct,26.0,11.0,Endpoint aggregate has 2 weekly snap values; published snap source has 7.
1,snap percentage omits published snap weeks,draft-board,23435,Jordan Watkins,WR,snap_pct,12.0,10.0,Endpoint aggregate has 2 weekly snap values; published snap source has 4.
1,snap percentage omits published snap weeks,draft-board,23460,Justin Watson,WR,snap_pct,48.0,39.0,Endpoint aggregate has 2 weekly snap values; published snap source has 3.
1,snap percentage omits published snap weeks,draft-board,23542,Xavier Weaver,WR,snap_pct,54.0,41.0,Endpoint aggregate has 6 weekly snap values; published snap source has 10.
1,snap percentage omits published snap weeks,draft-board,23692,Nick Westbrook-Ikhine,WR,snap_pct,53.0,44.0,Endpoint aggregate has 9 weekly snap values; published snap source has 15.
1,snap percentage omits published snap weeks,draft-board,23697,LaJohntay Wester,WR,snap_pct,null,6.0,Endpoint aggregate has 0 weekly snap values; published snap source has 17.
1,snap percentage omits published snap weeks,draft-board,23707,Jack Westover,TE,snap_pct,30.0,22.0,Endpoint aggregate has 2 weekly snap values; published snap source has 17.
1,snap percentage omits published snap weeks,draft-board,23821,Ricky White III,WR,snap_pct,null,12.0,Endpoint aggregate has 0 weekly snap values; published snap source has 2.
1,snap percentage omits published snap weeks,draft-board,23857,Blake Whiteheart,TE,snap_pct,46.0,24.0,Endpoint aggregate has 6 weekly snap values; published snap source has 17.
1,snap percentage omits published snap weeks,draft-board,23895,Jordan Whittington,WR,snap_pct,48.0,41.0,Endpoint aggregate has 13 weekly snap values; published snap source has 17.
1,snap percentage omits published snap weeks,draft-board,23902,Josh Whyle,TE,snap_pct,51.0,40.0,Endpoint aggregate has 6 weekly snap values; published snap source has 8.
1,snap percentage omits published snap weeks,draft-board,23909,Dontayvion Wicks,WR,snap_pct,47.0,45.0,Endpoint aggregate has 13 weekly snap values; published snap source has 14.
1,snap percentage omits published snap weeks,draft-board,23950,Jared Wiley,TE,snap_pct,14.0,10.0,Endpoint aggregate has 1 weekly snap values; published snap source has 5.
1,snap percentage omits published snap weeks,draft-board,24145,Isaiah Williams,WR,snap_pct,57.0,36.0,Endpoint aggregate has 9 weekly snap values; published snap source has 15.
1,snap percentage omits published snap weeks,draft-board,24199,Josh Williams,RB,snap_pct,10.0,4.0,Endpoint aggregate has 1 weekly snap values; published snap source has 3.
1,snap percentage omits published snap weeks,draft-board,24207,Ke'Shawn Williams,WR,snap_pct,7.0,4.0,Endpoint aggregate has 3 weekly snap values; published snap source has 11.
1,snap percentage omits published snap weeks,draft-board,24226,Kyle Williams,WR,snap_pct,35.0,31.0,Endpoint aggregate has 13 weekly snap values; published snap source has 17.
1,snap percentage omits published snap weeks,draft-board,24396,Brayden Willis,TE,snap_pct,8.0,3.0,Endpoint aggregate has 1 weekly snap values; published snap source has 6.
1,snap percentage omits published snap weeks,draft-board,24439,Cedrick Wilson Jr.,WR,snap_pct,43.0,36.0,Endpoint aggregate has 6 weekly snap values; published snap source has 10.
1,snap percentage omits published snap weeks,draft-board,24461,Emanuel Wilson,RB,snap_pct,33.0,31.0,Endpoint aggregate has 16 weekly snap values; published snap source has 17.
1,snap percentage omits published snap weeks,draft-board,24524,Roman Wilson,WR,snap_pct,42.0,33.0,Endpoint aggregate has 9 weekly snap values; published snap source has 13.
1,snap percentage omits published snap weeks,draft-board,24653,Charlie Woerner,TE,snap_pct,52.0,51.0,Endpoint aggregate has 6 weekly snap values; published snap source has 17.
1,snap percentage omits published snap weeks,draft-board,24731,Jelani Woods,TE,snap_pct,28.0,23.0,Endpoint aggregate has 2 weekly snap values; published snap source has 4.
1,snap percentage omits published snap weeks,draft-board,24820,Brock Wright,TE,snap_pct,64.0,58.0,Endpoint aggregate has 7 weekly snap values; published snap source has 11.
1,snap percentage omits published snap weeks,draft-board,24934,Colson Yankoff,TE,snap_pct,18.0,13.0,Endpoint aggregate has 3 weekly snap values; published snap source has 14.
1,snap percentage omits published snap weeks,draft-board,24989,Dareke Young,WR,snap_pct,17.0,9.0,Endpoint aggregate has 3 weekly snap values; published snap source has 9.
1,snap percentage omits published snap weeks,draft-board,25045,Ben Yurosek,TE,snap_pct,35.0,17.0,Endpoint aggregate has 2 weekly snap values; published snap source has 12.
1,snap percentage omits published snap weeks,draft-board,25049,Olamide Zaccheaus,WR,snap_pct,60.0,54.0,Endpoint aggregate has 14 weekly snap values; published snap source has 16.
1,snap percentage omits published snap weeks,draft-board,25124,Shane Zylstra,TE,snap_pct,66.0,40.0,Endpoint aggregate has 1 weekly snap values; published snap source has 6.
1,snap percentage omits published snap weeks,mock-pool + player-detail,406,Rasheen Ali,RB,snap_pct,24.0,13.0,Endpoint aggregate has 8 weekly snap values; published snap source has 15.
1,snap percentage omits published snap weeks,mock-pool + player-detail,469,Josh Allen,QB,snap_pct,98.0,92.0,Endpoint aggregate has 16 weekly snap values; published snap source has 17.
1,snap percentage omits published snap weeks,mock-pool + player-detail,475,Kyle Allen,QB,snap_pct,10.0,8.0,Endpoint aggregate has 2 weekly snap values; published snap source has 3.
1,snap percentage omits published snap weeks,mock-pool + player-detail,881,Tutu Atwell,WR,snap_pct,32.0,28.0,Endpoint aggregate has 8 weekly snap values; published snap source has 10.
1,snap percentage omits published snap weeks,mock-pool + player-detail,988,Tyson Bagent,QB,snap_pct,8.0,7.0,Endpoint aggregate has 2 weekly snap values; published snap source has 3.
1,snap percentage omits published snap weeks,mock-pool + player-detail,1869,Tank Bigsby,RB,snap_pct,19.0,13.0,Endpoint aggregate has 11 weekly snap values; published snap source has 17.
1,snap percentage omits published snap weeks,mock-pool + player-detail,2075,Jake Bobo,WR,snap_pct,18.0,17.0,Endpoint aggregate has 2 weekly snap values; published snap source has 11.
1,snap percentage omits published snap weeks,mock-pool + player-detail,4058,Efton Chism III,WR,snap_pct,53.0,18.0,Endpoint aggregate has 2 weekly snap values; published snap source has 8.
1,snap percentage omits published snap weeks,mock-pool + player-detail,6979,Tai Felton,WR,snap_pct,16.0,4.0,Endpoint aggregate has 3 weekly snap values; published snap source has 17.
1,snap percentage omits published snap weeks,mock-pool + player-detail,7010,Terrance Ferguson,TE,snap_pct,43.0,37.0,Endpoint aggregate has 11 weekly snap values; published snap source has 14.
1,snap percentage omits published snap weeks,mock-pool + player-detail,7532,Pat Freiermuth,TE,snap_pct,53.0,50.0,Endpoint aggregate has 15 weekly snap values; published snap source has 17.
1,snap percentage omits published snap weeks,mock-pool + player-detail,10642,Lil'Jordan Humphrey,WR,snap_pct,54.0,48.0,Endpoint aggregate has 7 weekly snap values; published snap source has 10.
1,snap percentage omits published snap weeks,mock-pool + player-detail,11762,Roschon Johnson,RB,snap_pct,3.0,1.0,Endpoint aggregate has 2 weekly snap values; published snap source has 7.
1,snap percentage omits published snap weeks,mock-pool + player-detail,11832,Quentin Johnston,WR,snap_pct,79.0,77.0,Endpoint aggregate has 13 weekly snap values; published snap source has 14.
1,snap percentage omits published snap weeks,mock-pool + player-detail,12785,Dawson Knox,TE,snap_pct,59.0,58.0,Endpoint aggregate has 16 weekly snap values; published snap source has 17.
1,snap percentage omits published snap weeks,mock-pool + player-detail,13042,CeeDee Lamb,WR,snap_pct,78.0,73.0,Endpoint aggregate has 13 weekly snap values; published snap source has 14.
1,snap percentage omits published snap weeks,mock-pool + player-detail,13568,Isaiah Likely,TE,snap_pct,59.0,56.0,Endpoint aggregate has 11 weekly snap values; published snap source has 14.
1,snap percentage omits published snap weeks,mock-pool + player-detail,13664,Drew Lock,QB,snap_pct,18.0,13.0,Endpoint aggregate has 3 weekly snap values; published snap source has 5.
1,snap percentage omits published snap weeks,mock-pool + player-detail,14581,Luke McCaffrey,WR,snap_pct,40.0,32.0,Endpoint aggregate has 7 weekly snap values; published snap source has 9.
1,snap percentage omits published snap weeks,mock-pool + player-detail,15841,Skyy Moore,WR,snap_pct,16.0,10.0,Endpoint aggregate has 9 weekly snap values; published snap source has 17.
1,snap percentage omits published snap weeks,mock-pool + player-detail,16108,Konata Mumpfield,WR,snap_pct,44.0,32.0,Endpoint aggregate has 9 weekly snap values; published snap source has 17.
1,snap percentage omits published snap weeks,mock-pool + player-detail,16199,Luke Musgrave,TE,snap_pct,44.0,40.0,Endpoint aggregate has 13 weekly snap values; published snap source has 17.
1,snap percentage omits published snap weeks,mock-pool + player-detail,18010,Myles Price,WR,snap_pct,null,2.0,Endpoint aggregate has 0 weekly snap values; published snap source has 16.
1,snap percentage omits published snap weeks,mock-pool + player-detail,18339,Kalif Raymond,WR,snap_pct,40.0,37.0,Endpoint aggregate has 12 weekly snap values; published snap source has 15.
1,snap percentage omits published snap weeks,mock-pool + player-detail,18424,Jayden Reed,WR,snap_pct,53.0,41.0,Endpoint aggregate has 5 weekly snap values; published snap source has 7.
1,snap percentage omits published snap weeks,mock-pool + player-detail,18533,Nikko Remigio,WR,snap_pct,5.0,3.0,Endpoint aggregate has 2 weekly snap values; published snap source has 14.
1,snap percentage omits published snap weeks,mock-pool + player-detail,18895,Brian Robinson,RB,snap_pct,18.0,17.0,Endpoint aggregate has 16 weekly snap values; published snap source has 17.
1,snap percentage omits published snap weeks,mock-pool + player-detail,19042,Chris Rodriguez Jr.,RB,snap_pct,34.0,31.0,Endpoint aggregate has 12 weekly snap values; published snap source has 13.
1,snap percentage omits published snap weeks,mock-pool + player-detail,20827,JuJu Smith-Schuster,WR,snap_pct,59.0,57.0,Endpoint aggregate has 16 weekly snap values; published snap source has 17.
1,snap percentage omits published snap weeks,mock-pool + player-detail,23101,Devontez Walker,WR,snap_pct,35.0,25.0,Endpoint aggregate has 5 weekly snap values; published snap source has 12.
1,snap percentage omits published snap weeks,mock-pool + player-detail,23116,Jahdae Walker,WR,snap_pct,42.0,15.0,Endpoint aggregate has 3 weekly snap values; published snap source has 9.
1,snap percentage omits published snap weeks,mock-pool + player-detail,23355,Parker Washington,WR,snap_pct,64.0,61.0,Endpoint aggregate has 15 weekly snap values; published snap source has 16.
1,snap percentage omits published snap weeks,mock-pool + player-detail,23360,Darnell Washington,TE,snap_pct,61.0,57.0,Endpoint aggregate has 13 weekly snap values; published snap source has 16.
1,snap percentage omits published snap weeks,mock-pool + player-detail,23895,Jordan Whittington,WR,snap_pct,48.0,41.0,Endpoint aggregate has 13 weekly snap values; published snap source has 17.
1,snap percentage omits published snap weeks,mock-pool + player-detail,24226,Kyle Williams,WR,snap_pct,35.0,31.0,Endpoint aggregate has 13 weekly snap values; published snap source has 17.
1,snap percentage omits published snap weeks,mock-pool + player-detail,24820,Brock Wright,TE,snap_pct,64.0,58.0,Endpoint aggregate has 7 weekly snap values; published snap source has 11.
1,target share drops published zero weeks,draft-board,132,Ameer Abdullah,RB,target_share,5.1,4.3,2 of 13 published weekly target-share values are zero.
1,target share drops published zero weeks,draft-board,406,Rasheen Ali,RB,target_share,11.0,3.7,10 of 15 published weekly target-share values are zero.
1,target share drops published zero weeks,draft-board,425,Braelon Allen,RB,target_share,5.3,2.6,2 of 4 published weekly target-share values are zero.
1,target share drops published zero weeks,draft-board,477,LeQuint Allen Jr.,RB,target_share,3.7,2.1,7 of 16 published weekly target-share values are zero.
1,target share drops published zero weeks,draft-board,507,Tyler Allgeier,RB,target_share,5.5,3.2,7 of 17 published weekly target-share values are zero.
1,target share drops published zero weeks,draft-board,654,Spencer Anderson,G,target_share,3.1,0.8,3 of 4 published weekly target-share values are zero.
1,target share drops published zero weeks,draft-board,987,Tyler Badie,RB,target_share,6.6,5.3,3 of 16 published weekly target-share values are zero.
1,target share drops published zero weeks,draft-board,1147,Michael Bandy,WR,target_share,3.8,2.9,1 of 4 published weekly target-share values are zero.
1,target share drops published zero weeks,draft-board,1235,Saquon Barkley,RB,target_share,12.9,12.1,1 of 16 published weekly target-share values are zero.
1,target share drops published zero weeks,draft-board,1247,AJ Barner,TE,target_share,14.7,13.8,1 of 17 published weekly target-share values are zero.
1,target share drops published zero weeks,draft-board,1395,Brenden Bates,TE,target_share,4.8,3.9,1 of 5 published weekly target-share values are zero.
1,target share drops published zero weeks,draft-board,1401,John Bates,TE,target_share,7.6,6.8,1 of 10 published weekly target-share values are zero.
1,target share drops published zero weeks,draft-board,1519,Jack Bech,WR,target_share,9.3,8.0,2 of 14 published weekly target-share values are zero.
1,target share drops published zero weeks,draft-board,1521,Andrew Beck,FB,target_share,4.7,3.0,4 of 11 published weekly target-share values are zero.
1,target share drops published zero weeks,draft-board,1633,Ronnie Bell,WR,target_share,11.8,5.9,1 of 2 published weekly target-share values are zero.
1,target share drops published zero weeks,draft-board,1651,Daniel Bellinger,TE,target_share,6.8,6.3,1 of 13 published weekly target-share values are zero.
1,target share drops published zero weeks,draft-board,1791,Braxton Berrios,WR,target_share,9.8,4.9,2 of 4 published weekly target-share values are zero.
1,target share drops published zero weeks,draft-board,1869,Tank Bigsby,RB,target_share,4.3,1.2,11 of 15 published weekly target-share values are zero.
1,target share drops published zero weeks,draft-board,2058,Jaydon Blue,RB,target_share,3.3,0.7,4 of 5 published weekly target-share values are zero.
1,target share drops published zero weeks,draft-board,2075,Jake Bobo,WR,target_share,3.8,1.5,3 of 5 published weekly target-share values are zero.
1,target share drops published zero weeks,draft-board,2131,Garett Bolles,OT,target_share,2.0,0.4,4 of 5 published weekly target-share values are zero.
1,target share drops published zero weeks,draft-board,2146,Isaiah Bond,WR,target_share,9.9,9.3,1 of 15 published weekly target-share values are zero.
1,target share drops published zero weeks,draft-board,2658,Chris Brooks,RB,target_share,6.1,3.6,7 of 17 published weekly target-share values are zero.
1,target share drops published zero weeks,draft-board,2669,Jalen Brooks,WR,target_share,7.4,2.9,3 of 5 published weekly target-share values are zero.
1,target share drops published zero weeks,draft-board,2696,Tahj Brooks,RB,target_share,2.9,0.5,10 of 12 published weekly target-share values are zero.
1,target share drops published zero weeks,draft-board,2758,Brittain Brown,RB,target_share,2.9,1.5,1 of 2 published weekly target-share values are zero.
1,target share drops published zero weeks,draft-board,2821,Dyami Brown,WR,target_share,10.8,9.9,1 of 11 published weekly target-share values are zero.
1,target share drops published zero weeks,draft-board,3014,Jason Brownlee,WR,target_share,2.6,0.9,2 of 3 published weekly target-share values are zero.
1,target share drops published zero weeks,draft-board,3085,Pat Bryant,WR,target_share,11.9,11.0,1 of 13 published weekly target-share values are zero.
1,target share drops published zero weeks,draft-board,3466,Grant Calcaterra,TE,target_share,6.2,5.5,1 of 9 published weekly target-share values are zero.
1,target share drops published zero weeks,draft-board,3789,Michael Carter,RB,target_share,10.8,9.2,2 of 13 published weekly target-share values are zero.
1,target share drops published zero weeks,draft-board,3946,Ty Chandler,RB,target_share,13.3,4.4,2 of 3 published weekly target-share values are zero.
1,target share drops published zero weeks,draft-board,3967,Zach Charbonnet,RB,target_share,7.6,5.2,5 of 16 published weekly target-share values are zero.
1,target share drops published zero weeks,draft-board,4030,Julius Chestnut,RB,target_share,3.5,0.4,14 of 16 published weekly target-share values are zero.
1,target share drops published zero weeks,draft-board,4058,Efton Chism III,WR,target_share,6.5,1.6,6 of 8 published weekly target-share values are zero.
1,target share drops published zero weeks,draft-board,4385,Connor Colby,G,target_share,4.2,1.0,3 of 4 published weekly target-share values are zero.
1,target share drops published zero weeks,draft-board,4496,Beaux Collins,WR,target_share,6.6,5.0,1 of 4 published weekly target-share values are zero.
1,target share drops published zero weeks,draft-board,4611,Tanner Conner,TE,target_share,6.9,6.0,1 of 8 published weekly target-share values are zero.
1,target share drops published zero weeks,draft-board,4653,James Cook,RB,target_share,9.9,8.2,3 of 17 published weekly target-share values are zero.
1,target share drops published zero weeks,draft-board,4692,Darius Cooper,WR,target_share,7.7,6.4,1 of 6 published weekly target-share values are zero.
1,target share drops published zero weeks,draft-board,4752,Malachi Corley,WR,target_share,7.4,5.0,4 of 12 published weekly target-share values are zero.
1,target share drops published zero weeks,draft-board,4775,Blake Corum,RB,target_share,4.8,2.3,9 of 17 published weekly target-share values are zero.
1,target share drops published zero weeks,draft-board,4838,Britain Covey,WR,target_share,11.8,2.0,5 of 6 published weekly target-share values are zero.
1,target share drops published zero weeks,draft-board,4999,Jacory Croskey-Merritt,RB,target_share,5.1,3.0,7 of 17 published weekly target-share values are zero.
1,target share drops published zero weeks,draft-board,5068,Devin Culp,TE,target_share,3.1,0.8,3 of 4 published weekly target-share values are zero.
1,target share drops published zero weeks,draft-board,5186,DeeJay Dallas,RB,target_share,2.7,0.5,4 of 5 published weekly target-share values are zero.
1,target share drops published zero weeks,draft-board,5360,Derius Davis,WR,target_share,3.3,0.9,8 of 11 published weekly target-share values are zero.
1,target share drops published zero weeks,draft-board,5384,Isaiah Davis,RB,target_share,8.4,6.3,4 of 16 published weekly target-share values are zero.
1,target share drops published zero weeks,draft-board,5432,Malik Davis,RB,target_share,7.1,1.4,8 of 10 published weekly target-share values are zero.
1,target share drops published zero weeks,draft-board,5456,Ray Davis,RB,target_share,5.3,2.8,8 of 17 published weekly target-share values are zero.
1,target share drops published zero weeks,draft-board,5675,Emari Demercado,RB,target_share,5.2,4.3,2 of 12 published weekly target-share values are zero.
1,target share drops published zero weeks,draft-board,5820,Chimere Dike,WR,target_share,14.8,13.9,1 of 17 published weekly target-share values are zero.
1,target share drops published zero weeks,draft-board,5834,AJ Dillon,RB,target_share,4.5,1.5,4 of 6 published weekly target-share values are zero.
1,target share drops published zero weeks,draft-board,6017,Greg Dortch,WR,target_share,8.2,6.8,2 of 12 published weekly target-share values are zero.
1,target share drops published zero weeks,draft-board,6029,Jahan Dotson,WR,target_share,8.9,8.3,1 of 15 published weekly target-share values are zero.
1,target share drops published zero weeks,draft-board,6047,DeMario Douglas,WR,target_share,10.4,9.8,1 of 16 published weekly target-share values are zero.
1,target share drops published zero weeks,draft-board,6071,Rico Dowdle,RB,target_share,11.7,11.0,1 of 17 published weekly target-share values are zero.
1,target share drops published zero weeks,draft-board,6141,Dylan Drummond,WR,target_share,14.2,7.1,3 of 6 published weekly target-share values are zero.
1,target share drops published zero weeks,draft-board,6204,Ashton Dulin,WR,target_share,6.4,2.7,7 of 12 published weekly target-share values are zero.
1,target share drops published zero weeks,draft-board,6291,Payne Durham,TE,target_share,3.4,1.7,4 of 8 published weekly target-share values are zero.
1,target share drops published zero weeks,draft-board,6298,Devin Duvernay,WR,target_share,4.9,0.9,14 of 17 published weekly target-share values are zero.
1,target share drops published zero weeks,draft-board,6705,Audric Estimé,RB,target_share,9.2,7.3,1 of 5 published weekly target-share values are zero.
1,target share drops published zero weeks,draft-board,6717,Trevor Etienne,RB,target_share,3.5,0.6,14 of 17 published weekly target-share values are zero.
1,target share drops published zero weeks,draft-board,6770,Mitchell Evans,TE,target_share,6.9,6.4,1 of 14 published weekly target-share values are zero.
1,target share drops published zero weeks,draft-board,6799,Quinn Ewers,QB,target_share,4.5,1.1,3 of 4 published weekly target-share values are zero.
1,target share drops published zero weeks,draft-board,6897,Luke Farrell,TE,target_share,4.6,3.2,4 of 13 published weekly target-share values are zero.
1,target share drops published zero weeks,draft-board,6979,Tai Felton,WR,target_share,4.3,1.1,9 of 12 published weekly target-share values are zero.
1,target share drops published zero weeks,draft-board,7010,Terrance Ferguson,TE,target_share,7.1,6.5,1 of 11 published weekly target-share values are zero.
1,target share drops published zero weeks,draft-board,7058,Justin Fields,QB,target_share,3.8,0.4,8 of 9 published weekly target-share values are zero.
1,target share drops published zero weeks,draft-board,7199,Ryan Flournoy,WR,target_share,12.8,11.1,2 of 15 published weekly target-share values are zero.
1,target share drops published zero weeks,draft-board,7295,Jerome Ford,RB,target_share,8.6,7.3,2 of 13 published weekly target-share values are zero.
1,target share drops published zero weeks,draft-board,8002,DJ Giddens,RB,target_share,3.1,1.3,3 of 5 published weekly target-share values are zero.
1,target share drops published zero weeks,draft-board,8057,Reggie Gilliam,FB,target_share,3.4,0.6,9 of 11 published weekly target-share values are zero.
1,target share drops published zero weeks,draft-board,8084,Xavier Gipson,WR,target_share,3.9,1.3,4 of 6 published weekly target-share values are zero.
1,target share drops published zero weeks,draft-board,8244,Tyler Goodson,RB,target_share,3.7,0.7,8 of 10 published weekly target-share values are zero.
1,target share drops published zero weeks,draft-board,8276,Ollie Gordon II,RB,target_share,3.9,1.8,9 of 17 published weekly target-share values are zero.
1,target share drops published zero weeks,draft-board,8304,Anthony Gould,WR,target_share,2.9,0.5,9 of 11 published weekly target-share values are zero.
1,target share drops published zero weeks,draft-board,8371,Kylen Granson,TE,target_share,8.0,2.7,8 of 12 published weekly target-share values are zero.
1,target share drops published zero weeks,draft-board,8451,Noah Gray,TE,target_share,8.8,8.2,1 of 14 published weekly target-share values are zero.
1,target share drops published zero weeks,draft-board,8895,Breece Hall,RB,target_share,11.3,10.6,1 of 16 published weekly target-share values are zero.
1,target share drops published zero weeks,draft-board,9156,Mecole Hardman,WR,target_share,3.3,1.7,1 of 2 published weekly target-share values are zero.
1,target share drops published zero weeks,draft-board,9772,TreVeyon Henderson,RB,target_share,11.0,8.4,4 of 17 published weekly target-share values are zero.
1,target share drops published zero weeks,draft-board,9818,Derrick Henry,RB,target_share,6.4,4.9,4 of 17 published weekly target-share values are zero.
1,target share drops published zero weeks,draft-board,9922,Connor Heyward,FB,target_share,3.0,0.9,10 of 14 published weekly target-share values are zero.
1,target share drops published zero weeks,draft-board,9964,Tyler Higbee,TE,target_share,12.2,11.0,1 of 10 published weekly target-share values are zero.
1,target share drops published zero weeks,draft-board,9967,Elijah Higgins,TE,target_share,7.5,6.7,2 of 17 published weekly target-share values are zero.
1,target share drops published zero weeks,draft-board,10032,Julian Hill,TE,target_share,7.3,6.7,1 of 11 published weekly target-share values are zero.
1,target share drops published zero weeks,draft-board,10033,Justice Hill,RB,target_share,12.5,10.0,2 of 10 published weekly target-share values are zero.
1,target share drops published zero weeks,draft-board,10218,George Holani,RB,target_share,10.0,1.0,9 of 10 published weekly target-share values are zero.
1,target share drops published zero weeks,draft-board,10406,Jimmy Horn Jr.,WR,target_share,7.0,6.4,1 of 10 published weekly target-share values are zero.
1,target share drops published zero weeks,draft-board,10430,Tory Horton,WR,target_share,12.1,10.6,1 of 8 published weekly target-share values are zero.
1,target share drops published zero weeks,draft-board,10621,Evan Hull,RB,target_share,5.0,0.8,5 of 6 published weekly target-share values are zero.
1,target share drops published zero weeks,draft-board,10759,Xavier Hutchinson,WR,target_share,11.9,11.2,1 of 16 published weekly target-share values are zero.
1,target share drops published zero weeks,draft-board,10769,Jalin Hyatt,WR,target_share,9.3,7.8,1 of 6 published weekly target-share values are zero.
1,target share drops published zero weeks,draft-board,10821,Alec Ingold,FB,target_share,4.8,4.3,1 of 9 published weekly target-share values are zero.
1,target share drops published zero weeks,draft-board,10870,Bucky Irving,RB,target_share,11.9,10.7,1 of 10 published weekly target-share values are zero.
1,target share drops published zero weeks,draft-board,11131,Josh Jacobs,RB,target_share,10.9,10.2,1 of 15 published weekly target-share values are zero.
1,target share drops published zero weeks,draft-board,11257,Ashton Jeanty,RB,target_share,15.7,14.8,1 of 17 published weekly target-share values are zero.
1,target share drops published zero weeks,draft-board,11376,Terrell Jennings,RB,target_share,3.6,0.6,5 of 6 published weekly target-share values are zero.
1,target share drops published zero weeks,draft-board,11652,Kaleb Johnson,RB,target_share,3.7,0.7,8 of 10 published weekly target-share values are zero.
1,target share drops published zero weeks,draft-board,11654,Kameron Johnson,WR,target_share,6.3,1.5,13 of 17 published weekly target-share values are zero.
1,target share drops published zero weeks,draft-board,11801,Ty Johnson,RB,target_share,8.9,6.8,4 of 17 published weekly target-share values are zero.
1,target share drops published zero weeks,draft-board,11907,Charlie Jones,WR,target_share,2.9,0.2,13 of 14 published weekly target-share values are zero.
1,target share drops published zero weeks,draft-board,12141,Tim Jones,WR,target_share,3.0,1.5,1 of 2 published weekly target-share values are zero.
1,target share drops published zero weeks,draft-board,12179,Jawhar Jordan,RB,target_share,11.2,5.6,2 of 4 published weekly target-share values are zero.
1,target share drops published zero weeks,draft-board,12240,Quinshon Judkins,RB,target_share,9.7,8.3,2 of 14 published weekly target-share values are zero.
1,target share drops published zero weeks,draft-board,12269,Kyle Juszczyk,FB,target_share,5.9,5.5,1 of 16 published weekly target-share values are zero.
1,target share drops published zero weeks,draft-board,12301,Nick Kallerup,TE,target_share,8.3,2.1,3 of 4 published weekly target-share values are zero.
1,target share drops published zero weeks,draft-board,12510,Tom Kennedy,WR,target_share,14.8,2.5,5 of 6 published weekly target-share values are zero.
1,target share drops published zero weeks,draft-board,12617,Corey Kiner,RB,target_share,10.7,2.7,3 of 4 published weekly target-share values are zero.
1,target share drops published zero weeks,draft-board,12681,Mason Kinsey,WR,target_share,5.6,1.9,4 of 6 published weekly target-share values are zero.
1,target share drops published zero weeks,draft-board,12776,Bam Knight,RB,target_share,8.4,6.3,3 of 12 published weekly target-share values are zero.
1,target share drops published zero weeks,draft-board,12813,Charlie Kolar,TE,target_share,5.4,4.6,2 of 13 published weekly target-share values are zero.
1,target share drops published zero weeks,draft-board,13048,KeAndre Lambert-Smith,WR,target_share,5.1,3.6,3 of 10 published weekly target-share values are zero.
1,target share drops published zero weeks,draft-board,13095,Jaylin Lane,WR,target_share,9.5,8.3,2 of 15 published weekly target-share values are zero.
1,target share drops published zero weeks,draft-board,13152,Gage Larvadain,WR,target_share,7.5,3.4,7 of 13 published weekly target-share values are zero.
1,target share drops published zero weeks,draft-board,13187,Keleki Latu,TE,target_share,7.0,4.7,1 of 3 published weekly target-share values are zero.
1,target share drops published zero weeks,draft-board,13189,Dylan Laube,RB,target_share,4.8,0.8,14 of 17 published weekly target-share values are zero.
1,target share drops published zero weeks,draft-board,13568,Isaiah Likely,TE,target_share,13.1,12.0,1 of 12 published weekly target-share values are zero.
1,target share drops published zero weeks,draft-board,13880,Hunter Luepke,FB,target_share,4.7,3.3,4 of 14 published weekly target-share values are zero.
1,target share drops published zero weeks,draft-board,14059,Patrick Mahomes,QB,target_share,3.4,0.2,13 of 14 published weekly target-share values are zero.
1,target share drops published zero weeks,draft-board,14125,Chris Manhertz,TE,target_share,3.2,1.6,2 of 4 published weekly target-share values are zero.
1,target share drops published zero weeks,draft-board,14205,Woody Marks,RB,target_share,7.3,6.8,1 of 16 published weekly target-share values are zero.
1,target share drops published zero weeks,draft-board,14335,David Martin-Robinson,TE,target_share,4.7,1.7,7 of 11 published weekly target-share values are zero.
1,target share drops published zero weeks,draft-board,14363,Jordan Mason,RB,target_share,6.2,3.5,7 of 16 published weekly target-share values are zero.
1,target share drops published zero weeks,draft-board,14422,Scott Matlock,FB,target_share,4.6,3.5,1 of 4 published weekly target-share values are zero.
1,target share drops published zero weeks,draft-board,14437,Jake Matthews,OT,target_share,2.9,0.5,5 of 6 published weekly target-share values are zero.
1,target share drops published zero weeks,draft-board,14506,Drake Maye,QB,target_share,2.2,0.1,16 of 17 published weekly target-share values are zero.
1,target share drops published zero weeks,draft-board,14509,Michael Mayer,TE,target_share,14.9,13.7,1 of 13 published weekly target-share values are zero.
1,target share drops published zero weeks,draft-board,14581,Luke McCaffrey,WR,target_share,8.7,6.8,2 of 9 published weekly target-share values are zero.
1,target share drops published zero weeks,draft-board,15026,Jaleel McLaughlin,RB,target_share,4.1,2.6,3 of 8 published weekly target-share values are zero.
1,target share drops published zero weeks,draft-board,15117,Jeremy McNichols,RB,target_share,9.6,7.8,3 of 16 published weekly target-share values are zero.
1,target share drops published zero weeks,draft-board,15206,Bo Melton,WR,target_share,8.7,4.0,7 of 13 published weekly target-share values are zero.
1,target share drops published zero weeks,draft-board,15265,John Metchie III,WR,target_share,14.3,13.2,1 of 13 published weekly target-share values are zero.
1,target share drops published zero weeks,draft-board,15411,Kendre Miller,RB,target_share,3.7,2.1,3 of 7 published weekly target-share values are zero.
1,target share drops published zero weeks,draft-board,15438,Ryan Miller,WR,target_share,2.9,1.3,5 of 9 published weekly target-share values are zero.
1,target share drops published zero weeks,draft-board,15499,Marvin Mims Jr.,WR,target_share,10.7,9.9,1 of 15 published weekly target-share values are zero.
1,target share drops published zero weeks,draft-board,15576,Keaton Mitchell,RB,target_share,7.8,4.2,6 of 13 published weekly target-share values are zero.
1,target share drops published zero weeks,draft-board,15662,Kyle Monangai,RB,target_share,6.9,5.7,3 of 17 published weekly target-share values are zero.
1,target share drops published zero weeks,draft-board,15696,David Montgomery,RB,target_share,5.8,5.4,1 of 17 published weekly target-share values are zero.
1,target share drops published zero weeks,draft-board,15756,David Moore,WR,target_share,4.2,1.4,2 of 3 published weekly target-share values are zero.
1,target share drops published zero weeks,draft-board,15768,Elijah Moore,WR,target_share,7.6,6.8,1 of 9 published weekly target-share values are zero.
1,target share drops published zero weeks,draft-board,15813,Malachi Moore,S,target_share,3.1,0.2,16 of 17 published weekly target-share values are zero.
1,target share drops published zero weeks,draft-board,15841,Skyy Moore,WR,target_share,3.2,1.3,10 of 17 published weekly target-share values are zero.
1,target share drops published zero weeks,draft-board,15948,Quintin Morris,TE,target_share,7.0,3.2,6 of 11 published weekly target-share values are zero.
1,target share drops published zero weeks,draft-board,16108,Konata Mumpfield,WR,target_share,6.8,6.2,1 of 10 published weekly target-share values are zero.
1,target share drops published zero weeks,draft-board,16114,Johnny Mundt,TE,target_share,5.6,5.1,1 of 12 published weekly target-share values are zero.
1,target share drops published zero weeks,draft-board,16297,Devin Neal,RB,target_share,7.9,6.1,2 of 9 published weekly target-share values are zero.
1,target share drops published zero weeks,draft-board,16511,Bo Nix,QB,target_share,2.8,0.2,16 of 17 published weekly target-share values are zero.
1,target share drops published zero weeks,draft-board,16547,Jaylin Noel,WR,target_share,7.9,6.0,4 of 17 published weekly target-share values are zero.
1,target share drops published zero weeks,draft-board,16647,Kene Nwangwu,RB,target_share,4.5,0.5,9 of 10 published weekly target-share values are zero.
1,target share drops published zero weeks,draft-board,16778,Andrew Ogletree,TE,target_share,4.9,1.8,7 of 11 published weekly target-share values are zero.
1,target share drops published zero weeks,draft-board,16850,Bryce Oliver,WR,target_share,4.0,2.0,1 of 2 published weekly target-share values are zero.
1,target share drops published zero weeks,draft-board,16886,Gunner Olszewski,WR,target_share,10.2,2.6,12 of 16 published weekly target-share values are zero.
1,target share drops published zero weeks,draft-board,17002,Coleman Owen,WR,target_share,2.8,1.4,1 of 2 published weekly target-share values are zero.
1,target share drops published zero weeks,draft-board,17050,Isiah Pacheco,RB,target_share,9.8,6.8,4 of 13 published weekly target-share values are zero.
1,target share drops published zero weeks,draft-board,17271,Jaret Patterson,RB,target_share,10.5,1.8,5 of 6 published weekly target-share values are zero.
1,target share drops published zero weeks,draft-board,17409,Trevor Penning,G,target_share,3.8,0.8,4 of 5 published weekly target-share values are zero.
1,target share drops published zero weeks,draft-board,17437,Samaje Perine,RB,target_share,5.6,4.1,4 of 15 published weekly target-share values are zero.
1,target share drops published zero weeks,draft-board,17654,Dameon Pierce,RB,target_share,3.7,0.7,4 of 5 published weekly target-share values are zero.
1,target share drops published zero weeks,draft-board,17817,Tony Pollard,RB,target_share,8.6,7.6,2 of 17 published weekly target-share values are zero.
1,target share drops published zero weeks,draft-board,17969,Adam Prentice,FB,target_share,3.6,1.7,7 of 13 published weekly target-share values are zero.
1,target share drops published zero weeks,draft-board,18212,Bernhard Raimann,OT,target_share,3.2,0.5,6 of 7 published weekly target-share values are zero.
1,target share drops published zero weeks,draft-board,18308,Spencer Rattler,QB,target_share,3.6,0.8,7 of 9 published weekly target-share values are zero.
1,target share drops published zero weeks,draft-board,18339,Kalif Raymond,WR,target_share,7.5,6.0,3 of 15 published weekly target-share values are zero.
1,target share drops published zero weeks,draft-board,18533,Nikko Remigio,WR,target_share,3.4,0.2,13 of 14 published weekly target-share values are zero.
1,target share drops published zero weeks,draft-board,18613,Patrick Ricard,FB,target_share,4.5,1.8,3 of 5 published weekly target-share values are zero.
1,target share drops published zero weeks,draft-board,18652,Anthony Richardson,QB,target_share,3.2,1.6,1 of 2 published weekly target-share values are zero.
1,target share drops published zero weeks,draft-board,18895,Brian Robinson,RB,target_share,4.4,2.1,9 of 17 published weekly target-share values are zero.
1,target share drops published zero weeks,draft-board,19023,Aaron Rodgers,QB,target_share,3.0,0.2,15 of 16 published weekly target-share values are zero.
1,target share drops published zero weeks,draft-board,19042,Chris Rodriguez Jr.,RB,target_share,4.0,1.3,8 of 12 published weekly target-share values are zero.
1,target share drops published zero weeks,draft-board,19264,Jalen Royals,WR,target_share,10.0,5.0,1 of 2 published weekly target-share values are zero.
1,target share drops published zero weeks,draft-board,19296,Jeremy Ruckert,TE,target_share,7.9,7.3,1 of 14 published weekly target-share values are zero.
1,target share drops published zero weeks,draft-board,19329,Carter Runyon,TE,target_share,5.9,2.0,2 of 3 published weekly target-share values are zero.
1,target share drops published zero weeks,draft-board,19348,Brady Russell,FB,target_share,3.0,0.3,9 of 10 published weekly target-share values are zero.
1,target share drops published zero weeks,draft-board,19468,Drew Sample,TE,target_share,5.3,4.9,1 of 12 published weekly target-share values are zero.
1,target share drops published zero weeks,draft-board,19473,Dylan Sampson,RB,target_share,10.0,8.7,2 of 15 published weekly target-share values are zero.
1,target share drops published zero weeks,draft-board,19523,Ja'Tavion Sanders,TE,target_share,10.0,9.2,1 of 12 published weekly target-share values are zero.
1,target share drops published zero weeks,draft-board,19533,Raheim Sanders,RB,target_share,5.7,4.3,1 of 4 published weekly target-share values are zero.
1,target share drops published zero weeks,draft-board,19596,Eric Saubert,TE,target_share,6.8,3.0,5 of 9 published weekly target-share values are zero.
1,target share drops published zero weeks,draft-board,19865,Zavier Scott,RB,target_share,6.0,4.4,3 of 11 published weekly target-share values are zero.
1,target share drops published zero weeks,draft-board,20017,Tyrell Shavers,WR,target_share,8.5,7.7,1 of 11 published weekly target-share values are zero.
1,target share drops published zero weeks,draft-board,20140,Will Shipley,RB,target_share,5.1,2.9,6 of 14 published weekly target-share values are zero.
1,target share drops published zero weeks,draft-board,20244,Jeffery Simmons,DT,target_share,3.7,0.2,14 of 15 published weekly target-share values are zero.
1,target share drops published zero weeks,draft-board,20349,Devin Singletary,RB,target_share,6.8,4.0,7 of 17 published weekly target-share values are zero.
1,target share drops published zero weeks,draft-board,20363,Ben Sinnott,TE,target_share,7.6,6.8,1 of 9 published weekly target-share values are zero.
1,target share drops published zero weeks,draft-board,20404,Ben Skowronek,WR,target_share,3.6,1.4,10 of 16 published weekly target-share values are zero.
1,target share drops published zero weeks,draft-board,20474,Stone Smartt,TE,target_share,9.1,4.5,3 of 6 published weekly target-share values are zero.
1,target share drops published zero weeks,draft-board,20504,Arian Smith,WR,target_share,5.8,4.5,3 of 13 published weekly target-share values are zero.
1,target share drops published zero weeks,draft-board,20523,Brashard Smith,RB,target_share,9.3,6.6,5 of 17 published weekly target-share values are zero.
1,target share drops published zero weeks,draft-board,20822,Xavier Smith,WR,target_share,7.3,4.6,6 of 16 published weekly target-share values are zero.
1,target share drops published zero weeks,draft-board,20827,JuJu Smith-Schuster,WR,target_share,9.2,8.6,1 of 17 published weekly target-share values are zero.
1,target share drops published zero weeks,draft-board,20838,Durham Smythe,TE,target_share,5.1,2.9,3 of 7 published weekly target-share values are zero.
1,target share drops published zero weeks,draft-board,20920,Brevyn Spann-Ford,TE,target_share,4.0,2.5,6 of 16 published weekly target-share values are zero.
1,target share drops published zero weeks,draft-board,20931,Tyjae Spears,RB,target_share,13.3,12.3,1 of 13 published weekly target-share values are zero.
1,target share drops published zero weeks,draft-board,21304,Jack Stoll,TE,target_share,3.9,3.5,1 of 9 published weekly target-share values are zero.
1,target share drops published zero weeks,draft-board,21785,Jonathan Taylor,RB,target_share,11.7,11.0,1 of 17 published weekly target-share values are zero.
1,target share drops published zero weeks,draft-board,21995,Ian Thomas,TE,target_share,5.6,4.3,2 of 9 published weekly target-share values are zero.
1,target share drops published zero weeks,draft-board,22241,Tyquan Thornton,WR,target_share,9.8,9.0,1 of 12 published weekly target-share values are zero.
1,target share drops published zero weeks,draft-board,22316,Mason Tipton,WR,target_share,7.2,5.4,2 of 8 published weekly target-share values are zero.
1,target share drops published zero weeks,draft-board,22346,Jalen Tolbert,WR,target_share,8.3,7.6,1 of 12 published weekly target-share values are zero.
1,target share drops published zero weeks,draft-board,22385,Jake Tonges,TE,target_share,13.5,12.2,1 of 10 published weekly target-share values are zero.
1,target share drops published zero weeks,draft-board,22388,Robert Tonyan,TE,target_share,2.3,1.2,1 of 2 published weekly target-share values are zero.
1,target share drops published zero weeks,draft-board,22445,Tyrone Tracy Jr.,RB,target_share,12.4,10.8,2 of 15 published weekly target-share values are zero.
1,target share drops published zero weeks,draft-board,22453,Austin Trammell,WR,target_share,8.0,6.7,1 of 6 published weekly target-share values are zero.
1,target share drops published zero weeks,draft-board,22464,Adam Trautman,TE,target_share,5.6,4.8,2 of 13 published weekly target-share values are zero.
1,target share drops published zero weeks,draft-board,22484,Brycen Tremayne,WR,target_share,6.9,3.7,7 of 15 published weekly target-share values are zero.
1,target share drops published zero weeks,draft-board,22562,Sean Tucker,RB,target_share,5.4,1.9,11 of 17 published weekly target-share values are zero.
1,target share drops published zero weeks,draft-board,22648,Malik Turner,WR,target_share,2.1,1.0,1 of 2 published weekly target-share values are zero.
1,target share drops published zero weeks,draft-board,22683,Bhayshul Tuten,RB,target_share,4.5,3.0,5 of 15 published weekly target-share values are zero.
1,target share drops published zero weeks,draft-board,22946,Kimani Vidal,RB,target_share,6.4,5.4,2 of 13 published weekly target-share values are zero.
1,target share drops published zero weeks,draft-board,23101,Devontez Walker,WR,target_share,6.8,4.3,3 of 8 published weekly target-share values are zero.
1,target share drops published zero weeks,draft-board,23116,Jahdae Walker,WR,target_share,10.3,5.2,3 of 6 published weekly target-share values are zero.
1,target share drops published zero weeks,draft-board,23131,Kenneth Walker III,RB,target_share,8.8,8.3,1 of 17 published weekly target-share values are zero.
1,target share drops published zero weeks,draft-board,23195,Tylan Wallace,WR,target_share,5.1,2.8,5 of 11 published weekly target-share values are zero.
1,target share drops published zero weeks,draft-board,23316,Jaylen Warren,RB,target_share,11.0,9.6,2 of 16 published weekly target-share values are zero.
1,target share drops published zero weeks,draft-board,23355,Parker Washington,WR,target_share,19.2,18.0,1 of 16 published weekly target-share values are zero.
1,target share drops published zero weeks,draft-board,23460,Justin Watson,WR,target_share,8.0,5.4,1 of 3 published weekly target-share values are zero.
1,target share drops published zero weeks,draft-board,23542,Xavier Weaver,WR,target_share,5.4,4.6,1 of 7 published weekly target-share values are zero.
1,target share drops published zero weeks,draft-board,23692,Nick Westbrook-Ikhine,WR,target_share,7.4,5.2,4 of 13 published weekly target-share values are zero.
1,target share drops published zero weeks,draft-board,23707,Jack Westover,TE,target_share,4.2,2.1,2 of 4 published weekly target-share values are zero.
1,target share drops published zero weeks,draft-board,23764,Cody White,WR,target_share,5.3,2.0,5 of 8 published weekly target-share values are zero.
1,target share drops published zero weeks,draft-board,23857,Blake Whiteheart,TE,target_share,3.7,2.5,3 of 9 published weekly target-share values are zero.
1,target share drops published zero weeks,draft-board,23895,Jordan Whittington,WR,target_share,6.3,5.1,3 of 15 published weekly target-share values are zero.
1,target share drops published zero weeks,draft-board,23950,Jared Wiley,TE,target_share,3.1,1.6,1 of 2 published weekly target-share values are zero.
1,target share drops published zero weeks,draft-board,24033,Caleb Williams,QB,target_share,5.9,0.3,16 of 17 published weekly target-share values are zero.
1,target share drops published zero weeks,draft-board,24145,Isaiah Williams,WR,target_share,14.6,8.8,6 of 15 published weekly target-share values are zero.
1,target share drops published zero weeks,draft-board,24172,Javonte Williams,RB,target_share,9.2,8.6,1 of 16 published weekly target-share values are zero.
1,target share drops published zero weeks,draft-board,24207,Ke'Shawn Williams,WR,target_share,3.0,0.3,10 of 11 published weekly target-share values are zero.
1,target share drops published zero weeks,draft-board,24226,Kyle Williams,WR,target_share,6.4,5.0,3 of 14 published weekly target-share values are zero.
1,target share drops published zero weeks,draft-board,24227,Kyren Williams,RB,target_share,8.6,8.1,1 of 17 published weekly target-share values are zero.
1,target share drops published zero weeks,draft-board,24323,Savion Williams,WR,target_share,5.2,2.6,6 of 12 published weekly target-share values are zero.
1,target share drops published zero weeks,draft-board,24396,Brayden Willis,TE,target_share,2.6,0.4,5 of 6 published weekly target-share values are zero.
1,target share drops published zero weeks,draft-board,24461,Emanuel Wilson,RB,target_share,6.3,3.7,7 of 17 published weekly target-share values are zero.
1,target share drops published zero weeks,draft-board,24605,Jameis Winston,QB,target_share,2.9,1.0,2 of 3 published weekly target-share values are zero.
1,target share drops published zero weeks,draft-board,24616,Tristan Wirfs,OT,target_share,3.8,1.0,3 of 4 published weekly target-share values are zero.
1,target share drops published zero weeks,draft-board,24653,Charlie Woerner,TE,target_share,5.3,4.6,1 of 7 published weekly target-share values are zero.
1,target share drops published zero weeks,draft-board,24820,Brock Wright,TE,target_share,10.0,8.8,1 of 8 published weekly target-share values are zero.
1,target share drops published zero weeks,draft-board,24845,Jaylen Wright,RB,target_share,7.4,4.1,4 of 9 published weekly target-share values are zero.
1,target share drops published zero weeks,draft-board,24922,Luke Wypler,C,target_share,3.0,0.6,4 of 5 published weekly target-share values are zero.
1,target share drops published zero weeks,draft-board,24934,Colson Yankoff,TE,target_share,3.5,1.1,7 of 10 published weekly target-share values are zero.
1,target share drops published zero weeks,draft-board,24989,Dareke Young,WR,target_share,3.9,1.5,5 of 8 published weekly target-share values are zero.
1,target share drops published zero weeks,draft-board,25045,Ben Yurosek,TE,target_share,5.0,1.7,4 of 6 published weekly target-share values are zero.
1,target share drops published zero weeks,mock-pool + player-detail,406,Rasheen Ali,RB,target_share,11.0,3.7,10 of 15 published weekly target-share values are zero.
1,target share drops published zero weeks,mock-pool + player-detail,425,Braelon Allen,RB,target_share,5.3,2.6,2 of 4 published weekly target-share values are zero.
1,target share drops published zero weeks,mock-pool + player-detail,507,Tyler Allgeier,RB,target_share,5.5,3.2,7 of 17 published weekly target-share values are zero.
1,target share drops published zero weeks,mock-pool + player-detail,1235,Saquon Barkley,RB,target_share,12.9,12.1,1 of 16 published weekly target-share values are zero.
1,target share drops published zero weeks,mock-pool + player-detail,1247,AJ Barner,TE,target_share,14.7,13.8,1 of 17 published weekly target-share values are zero.
1,target share drops published zero weeks,mock-pool + player-detail,1869,Tank Bigsby,RB,target_share,4.3,1.2,11 of 15 published weekly target-share values are zero.
1,target share drops published zero weeks,mock-pool + player-detail,2075,Jake Bobo,WR,target_share,3.8,1.5,3 of 5 published weekly target-share values are zero.
1,target share drops published zero weeks,mock-pool + player-detail,3967,Zach Charbonnet,RB,target_share,7.6,5.2,5 of 16 published weekly target-share values are zero.
1,target share drops published zero weeks,mock-pool + player-detail,4058,Efton Chism III,WR,target_share,6.5,1.6,6 of 8 published weekly target-share values are zero.
1,target share drops published zero weeks,mock-pool + player-detail,4653,James Cook,RB,target_share,9.9,8.2,3 of 17 published weekly target-share values are zero.
1,target share drops published zero weeks,mock-pool + player-detail,4775,Blake Corum,RB,target_share,4.8,2.3,9 of 17 published weekly target-share values are zero.
1,target share drops published zero weeks,mock-pool + player-detail,4999,Jacory Croskey-Merritt,RB,target_share,5.1,3.0,7 of 17 published weekly target-share values are zero.
1,target share drops published zero weeks,mock-pool + player-detail,6047,DeMario Douglas,WR,target_share,10.4,9.8,1 of 16 published weekly target-share values are zero.
1,target share drops published zero weeks,mock-pool + player-detail,6071,Rico Dowdle,RB,target_share,11.7,11.0,1 of 17 published weekly target-share values are zero.
1,target share drops published zero weeks,mock-pool + player-detail,6799,Quinn Ewers,QB,target_share,4.5,1.1,3 of 4 published weekly target-share values are zero.
1,target share drops published zero weeks,mock-pool + player-detail,6979,Tai Felton,WR,target_share,4.3,1.1,9 of 12 published weekly target-share values are zero.
1,target share drops published zero weeks,mock-pool + player-detail,7010,Terrance Ferguson,TE,target_share,7.1,6.5,1 of 11 published weekly target-share values are zero.
1,target share drops published zero weeks,mock-pool + player-detail,7058,Justin Fields,QB,target_share,3.8,0.4,8 of 9 published weekly target-share values are zero.
1,target share drops published zero weeks,mock-pool + player-detail,8895,Breece Hall,RB,target_share,11.3,10.6,1 of 16 published weekly target-share values are zero.
1,target share drops published zero weeks,mock-pool + player-detail,9772,TreVeyon Henderson,RB,target_share,11.0,8.4,4 of 17 published weekly target-share values are zero.
1,target share drops published zero weeks,mock-pool + player-detail,9818,Derrick Henry,RB,target_share,6.4,4.9,4 of 17 published weekly target-share values are zero.
1,target share drops published zero weeks,mock-pool + player-detail,9964,Tyler Higbee,TE,target_share,12.2,11.0,1 of 10 published weekly target-share values are zero.
1,target share drops published zero weeks,mock-pool + player-detail,10870,Bucky Irving,RB,target_share,11.9,10.7,1 of 10 published weekly target-share values are zero.
1,target share drops published zero weeks,mock-pool + player-detail,11131,Josh Jacobs,RB,target_share,10.9,10.2,1 of 15 published weekly target-share values are zero.
1,target share drops published zero weeks,mock-pool + player-detail,11257,Ashton Jeanty,RB,target_share,15.7,14.8,1 of 17 published weekly target-share values are zero.
1,target share drops published zero weeks,mock-pool + player-detail,12240,Quinshon Judkins,RB,target_share,9.7,8.3,2 of 14 published weekly target-share values are zero.
1,target share drops published zero weeks,mock-pool + player-detail,13568,Isaiah Likely,TE,target_share,13.1,12.0,1 of 12 published weekly target-share values are zero.
1,target share drops published zero weeks,mock-pool + player-detail,14059,Patrick Mahomes,QB,target_share,3.4,0.2,13 of 14 published weekly target-share values are zero.
1,target share drops published zero weeks,mock-pool + player-detail,14205,Woody Marks,RB,target_share,7.3,6.8,1 of 16 published weekly target-share values are zero.
1,target share drops published zero weeks,mock-pool + player-detail,14363,Jordan Mason,RB,target_share,6.2,3.5,7 of 16 published weekly target-share values are zero.
1,target share drops published zero weeks,mock-pool + player-detail,14506,Drake Maye,QB,target_share,2.2,0.1,16 of 17 published weekly target-share values are zero.
1,target share drops published zero weeks,mock-pool + player-detail,14581,Luke McCaffrey,WR,target_share,8.7,6.8,2 of 9 published weekly target-share values are zero.
1,target share drops published zero weeks,mock-pool + player-detail,15662,Kyle Monangai,RB,target_share,6.9,5.7,3 of 17 published weekly target-share values are zero.
1,target share drops published zero weeks,mock-pool + player-detail,15696,David Montgomery,RB,target_share,5.8,5.4,1 of 17 published weekly target-share values are zero.
1,target share drops published zero weeks,mock-pool + player-detail,15841,Skyy Moore,WR,target_share,3.2,1.3,10 of 17 published weekly target-share values are zero.
1,target share drops published zero weeks,mock-pool + player-detail,16108,Konata Mumpfield,WR,target_share,6.8,6.2,1 of 10 published weekly target-share values are zero.
1,target share drops published zero weeks,mock-pool + player-detail,16511,Bo Nix,QB,target_share,2.8,0.2,16 of 17 published weekly target-share values are zero.
1,target share drops published zero weeks,mock-pool + player-detail,17050,Isiah Pacheco,RB,target_share,9.8,6.8,4 of 13 published weekly target-share values are zero.
1,target share drops published zero weeks,mock-pool + player-detail,17817,Tony Pollard,RB,target_share,8.6,7.6,2 of 17 published weekly target-share values are zero.
1,target share drops published zero weeks,mock-pool + player-detail,18339,Kalif Raymond,WR,target_share,7.5,6.0,3 of 15 published weekly target-share values are zero.
1,target share drops published zero weeks,mock-pool + player-detail,18533,Nikko Remigio,WR,target_share,3.4,0.2,13 of 14 published weekly target-share values are zero.
1,target share drops published zero weeks,mock-pool + player-detail,18895,Brian Robinson,RB,target_share,4.4,2.1,9 of 17 published weekly target-share values are zero.
1,target share drops published zero weeks,mock-pool + player-detail,19023,Aaron Rodgers,QB,target_share,3.0,0.2,15 of 16 published weekly target-share values are zero.
1,target share drops published zero weeks,mock-pool + player-detail,19042,Chris Rodriguez Jr.,RB,target_share,4.0,1.3,8 of 12 published weekly target-share values are zero.
1,target share drops published zero weeks,mock-pool + player-detail,20827,JuJu Smith-Schuster,WR,target_share,9.2,8.6,1 of 17 published weekly target-share values are zero.
1,target share drops published zero weeks,mock-pool + player-detail,20931,Tyjae Spears,RB,target_share,13.3,12.3,1 of 13 published weekly target-share values are zero.
1,target share drops published zero weeks,mock-pool + player-detail,21785,Jonathan Taylor,RB,target_share,11.7,11.0,1 of 17 published weekly target-share values are zero.
1,target share drops published zero weeks,mock-pool + player-detail,22445,Tyrone Tracy Jr.,RB,target_share,12.4,10.8,2 of 15 published weekly target-share values are zero.
1,target share drops published zero weeks,mock-pool + player-detail,22683,Bhayshul Tuten,RB,target_share,4.5,3.0,5 of 15 published weekly target-share values are zero.
1,target share drops published zero weeks,mock-pool + player-detail,23101,Devontez Walker,WR,target_share,6.8,4.3,3 of 8 published weekly target-share values are zero.
1,target share drops published zero weeks,mock-pool + player-detail,23116,Jahdae Walker,WR,target_share,10.3,5.2,3 of 6 published weekly target-share values are zero.
1,target share drops published zero weeks,mock-pool + player-detail,23131,Kenneth Walker III,RB,target_share,8.8,8.3,1 of 17 published weekly target-share values are zero.
1,target share drops published zero weeks,mock-pool + player-detail,23316,Jaylen Warren,RB,target_share,11.0,9.6,2 of 16 published weekly target-share values are zero.
1,target share drops published zero weeks,mock-pool + player-detail,23355,Parker Washington,WR,target_share,19.2,18.0,1 of 16 published weekly target-share values are zero.
1,target share drops published zero weeks,mock-pool + player-detail,23895,Jordan Whittington,WR,target_share,6.3,5.1,3 of 15 published weekly target-share values are zero.
1,target share drops published zero weeks,mock-pool + player-detail,24033,Caleb Williams,QB,target_share,5.9,0.3,16 of 17 published weekly target-share values are zero.
1,target share drops published zero weeks,mock-pool + player-detail,24172,Javonte Williams,RB,target_share,9.2,8.6,1 of 16 published weekly target-share values are zero.
1,target share drops published zero weeks,mock-pool + player-detail,24226,Kyle Williams,WR,target_share,6.4,5.0,3 of 14 published weekly target-share values are zero.
1,target share drops published zero weeks,mock-pool + player-detail,24227,Kyren Williams,RB,target_share,8.6,8.1,1 of 17 published weekly target-share values are zero.
1,target share drops published zero weeks,mock-pool + player-detail,24605,Jameis Winston,QB,target_share,2.9,1.0,2 of 3 published weekly target-share values are zero.
1,target share drops published zero weeks,mock-pool + player-detail,24820,Brock Wright,TE,target_share,10.0,8.8,1 of 8 published weekly target-share values are zero.
2,Brandon Aubrey offensive-stat category leak,mock-pool + player-detail,882,Brandon Aubrey,PK,ppr_per_team_game,0.0,week 15 offensive PPR=0.6; kicker-context value=null,The endpoint rounds 0.6 / 17 to 0.0 and presents it as a kicker metric.
2,Brandon Aubrey offensive-stat category leak,mock-pool + player-detail,882,Brandon Aubrey,PK,xfp_per_game,0.8,week 15 fake-punt xFP=0.77; kicker-context value=null,A single fake-punt carry is exposed as season kicker xFP.
2,multi-position depth row duplicates player,draft-board,9703,Eli Heidenreich,RB,entity/depth_rank,"second RB row, depth_rank=7; eligible_players=2180",one entity; RB depth_rank=4 and WR depth_rank=7 are separate roles,"The board contains 2,180 rows but only 2,179 unique player ids."
2,snap identity crosswalk collision,all three surfaces,24192,Jonah Williams,DE,weeks_played,"[1,2,3,4,5,6,7,9,10,12,14,15,16,17,18]","[1,2,3,4,5,6,9,10,12,13,14,15,16,17,18]","WillJo10 is the Arizona offensive lineman, but the crosswalk maps it to New Orleans DE Jonah Williams (GSIS 00-0035944). Week 7 is added and week 13 is lost; the 15-game total happens to remain 15."
3,depth number paired with stale position label,draft-board,12150,Velus Jones Jr.,WR,position/depth_rank,WR / depth 6,RB / depth 6,Latest published 2026 depth snapshot is 2026-07-27T10:38:21Z.
3,depth number paired with stale position label,draft-board,15179,Jackson Meeks,WR,position/depth_rank,WR / depth 4,TE / depth 4,Latest published 2026 depth snapshot is 2026-07-27T10:38:21Z.
3,depth number paired with stale position label,draft-board,21123,Carson Steele,RB,position/depth_rank,RB / depth 1,FB / depth 1,Latest published 2026 depth snapshot is 2026-07-27T10:38:21Z.
3,depth number paired with stale position label,draft-board,23707,Jack Westover,TE,position/depth_rank,TE / depth 2,FB / depth 2,Latest published 2026 depth snapshot is 2026-07-27T10:38:21Z.
3,published zero PPR rendered as null,draft-board,1747,Ulysses Bentley IV,RB,ppr_per_game_played,null,0.0,The published season contains played weeks and a true 0.0 total.
3,published zero PPR rendered as null,draft-board,1747,Ulysses Bentley IV,RB,ppr_per_team_game,null,0.0,The published season contains played weeks and a true 0.0 total.
3,published zero PPR rendered as null,draft-board,1980,Chris Blair,WR,ppr_per_game_played,null,0.0,The published season contains played weeks and a true 0.0 total.
3,published zero PPR rendered as null,draft-board,1980,Chris Blair,WR,ppr_per_team_game,null,0.0,The published season contains played weeks and a true 0.0 total.
3,published zero PPR rendered as null,draft-board,2568,Gary Brightwell,RB,ppr_per_game_played,null,0.0,The published season contains played weeks and a true 0.0 total.
3,published zero PPR rendered as null,draft-board,2568,Gary Brightwell,RB,ppr_per_team_game,null,0.0,The published season contains played weeks and a true 0.0 total.
3,published zero PPR rendered as null,draft-board,3014,Jason Brownlee,WR,ppr_per_game_played,null,0.0,The published season contains played weeks and a true 0.0 total.
3,published zero PPR rendered as null,draft-board,3014,Jason Brownlee,WR,ppr_per_team_game,null,0.0,The published season contains played weeks and a true 0.0 total.
3,published zero PPR rendered as null,draft-board,3515,Dalen Cambre,WR,ppr_per_game_played,null,0.0,The published season contains played weeks and a true 0.0 total.
3,published zero PPR rendered as null,draft-board,3515,Dalen Cambre,WR,ppr_per_team_game,null,0.0,The published season contains played weeks and a true 0.0 total.
3,published zero PPR rendered as null,draft-board,3533,Dalevon Campbell,WR,ppr_per_game_played,null,0.0,The published season contains played weeks and a true 0.0 total.
3,published zero PPR rendered as null,draft-board,3533,Dalevon Campbell,WR,ppr_per_team_game,null,0.0,The published season contains played weeks and a true 0.0 total.
3,published zero PPR rendered as null,draft-board,4990,Jalen Cropper,WR,ppr_per_game_played,null,0.0,The published season contains played weeks and a true 0.0 total.
3,published zero PPR rendered as null,draft-board,4990,Jalen Cropper,WR,ppr_per_team_game,null,0.0,The published season contains played weeks and a true 0.0 total.
3,published zero PPR rendered as null,draft-board,5418,Kaden Davis,WR,ppr_per_game_played,null,0.0,The published season contains played weeks and a true 0.0 total.
3,published zero PPR rendered as null,draft-board,5418,Kaden Davis,WR,ppr_per_team_game,null,0.0,The published season contains played weeks and a true 0.0 total.
3,published zero PPR rendered as null,draft-board,6861,Princeton Fant,TE,ppr_per_game_played,null,0.0,The published season contains played weeks and a true 0.0 total.
3,published zero PPR rendered as null,draft-board,6861,Princeton Fant,TE,ppr_per_team_game,null,0.0,The published season contains played weeks and a true 0.0 total.
3,published zero PPR rendered as null,draft-board,6958,Simi Fehoko,WR,ppr_per_game_played,null,0.0,The published season contains played weeks and a true 0.0 total.
3,published zero PPR rendered as null,draft-board,6958,Simi Fehoko,WR,ppr_per_team_game,null,0.0,The published season contains played weeks and a true 0.0 total.
3,published zero PPR rendered as null,draft-board,7035,Thomas Fidone II,TE,ppr_per_game_played,null,0.0,The published season contains played weeks and a true 0.0 total.
3,published zero PPR rendered as null,draft-board,7035,Thomas Fidone II,TE,ppr_per_team_game,null,0.0,The published season contains played weeks and a true 0.0 total.
3,published zero PPR rendered as null,draft-board,8435,Eric Gray,RB,ppr_per_game_played,null,0.0,The published season contains played weeks and a true 0.0 total.
3,published zero PPR rendered as null,draft-board,8435,Eric Gray,RB,ppr_per_team_game,null,0.0,The published season contains played weeks and a true 0.0 total.
3,published zero PPR rendered as null,draft-board,8741,Isaac Guerendo,RB,ppr_per_game_played,null,0.0,The published season contains played weeks and a true 0.0 total.
3,published zero PPR rendered as null,draft-board,8741,Isaac Guerendo,RB,ppr_per_team_game,null,0.0,The published season contains played weeks and a true 0.0 total.
3,published zero PPR rendered as null,draft-board,9156,Mecole Hardman,WR,ppr_per_game_played,null,0.0,The published season contains played weeks and a true 0.0 total.
3,published zero PPR rendered as null,draft-board,9156,Mecole Hardman,WR,ppr_per_team_game,null,0.0,The published season contains played weeks and a true 0.0 total.
3,published zero PPR rendered as null,draft-board,11316,E.J. Jenkins,TE,ppr_per_game_played,null,0.0,The published season contains played weeks and a true 0.0 total.
3,published zero PPR rendered as null,draft-board,11316,E.J. Jenkins,TE,ppr_per_team_game,null,0.0,The published season contains played weeks and a true 0.0 total.
3,published zero PPR rendered as null,draft-board,12019,Jeshaun Jones,WR,ppr_per_game_played,null,0.0,The published season contains played weeks and a true 0.0 total.
3,published zero PPR rendered as null,draft-board,12019,Jeshaun Jones,WR,ppr_per_team_game,null,0.0,The published season contains played weeks and a true 0.0 total.
3,published zero PPR rendered as null,draft-board,12298,Nikola Kalinic,TE,ppr_per_game_played,null,0.0,The published season contains played weeks and a true 0.0 total.
3,published zero PPR rendered as null,draft-board,12298,Nikola Kalinic,TE,ppr_per_team_game,null,0.0,The published season contains played weeks and a true 0.0 total.
3,published zero PPR rendered as null,draft-board,12301,Nick Kallerup,TE,ppr_per_game_played,null,0.0,The published season contains played weeks and a true 0.0 total.
3,published zero PPR rendered as null,draft-board,12301,Nick Kallerup,TE,ppr_per_team_game,null,0.0,The published season contains played weeks and a true 0.0 total.
3,published zero PPR rendered as null,draft-board,12570,Ko Kieft,TE,ppr_per_game_played,null,0.0,The published season contains played weeks and a true 0.0 total.
3,published zero PPR rendered as null,draft-board,12570,Ko Kieft,TE,ppr_per_team_game,null,0.0,The published season contains played weeks and a true 0.0 total.
3,published zero PPR rendered as null,draft-board,13186,Cameron Latu,TE,ppr_per_game_played,null,0.0,The published season contains played weeks and a true 0.0 total.
3,published zero PPR rendered as null,draft-board,13186,Cameron Latu,TE,ppr_per_team_game,null,0.0,The published season contains played weeks and a true 0.0 total.
3,published zero PPR rendered as null,draft-board,13819,Dominic Lovett,WR,ppr_per_game_played,null,0.0,The published season contains played weeks and a true 0.0 total.
3,published zero PPR rendered as null,draft-board,13819,Dominic Lovett,WR,ppr_per_team_game,null,0.0,The published season contains played weeks and a true 0.0 total.
3,published zero PPR rendered as null,draft-board,15564,Elijah Mitchell,RB,ppr_per_game_played,null,0.0,The published season contains played weeks and a true 0.0 total.
3,published zero PPR rendered as null,draft-board,15564,Elijah Mitchell,RB,ppr_per_team_game,null,0.0,The published season contains played weeks and a true 0.0 total.
3,published zero PPR rendered as null,draft-board,16471,Lew Nichols III,RB,ppr_per_game_played,null,0.0,The published season contains played weeks and a true 0.0 total.
3,published zero PPR rendered as null,draft-board,16471,Lew Nichols III,RB,ppr_per_team_game,null,0.0,The published season contains played weeks and a true 0.0 total.
3,published zero PPR rendered as null,draft-board,16991,Robbie Ouzts,FB,ppr_per_game_played,null,0.0,The published season contains played weeks and a true 0.0 total.
3,published zero PPR rendered as null,draft-board,16991,Robbie Ouzts,FB,ppr_per_team_game,null,0.0,The published season contains played weeks and a true 0.0 total.
3,published zero PPR rendered as null,draft-board,17002,Coleman Owen,WR,ppr_per_game_played,null,0.0,The published season contains played weeks and a true 0.0 total.
3,published zero PPR rendered as null,draft-board,17002,Coleman Owen,WR,ppr_per_team_game,null,0.0,The published season contains played weeks and a true 0.0 total.
3,published zero PPR rendered as null,draft-board,18010,Myles Price,WR,ppr_per_game_played,null,0.0,The published season contains played weeks and a true 0.0 total.
3,published zero PPR rendered as null,draft-board,18010,Myles Price,WR,ppr_per_team_game,null,0.0,The published season contains played weeks and a true 0.0 total.
3,published zero PPR rendered as null,draft-board,18169,Teagan Quitoriano,TE,ppr_per_game_played,null,0.0,The published season contains played weeks and a true 0.0 total.
3,published zero PPR rendered as null,draft-board,18169,Teagan Quitoriano,TE,ppr_per_team_game,null,0.0,The published season contains played weeks and a true 0.0 total.
3,published zero PPR rendered as null,draft-board,19282,Hayden Rucci,TE,ppr_per_game_played,null,0.0,The published season contains played weeks and a true 0.0 total.
3,published zero PPR rendered as null,draft-board,19282,Hayden Rucci,TE,ppr_per_team_game,null,0.0,The published season contains played weeks and a true 0.0 total.
3,published zero PPR rendered as null,draft-board,19348,Brady Russell,FB,ppr_per_game_played,null,0.0,The published season contains played weeks and a true 0.0 total.
3,published zero PPR rendered as null,draft-board,19348,Brady Russell,FB,ppr_per_team_game,null,0.0,The published season contains played weeks and a true 0.0 total.
3,published zero PPR rendered as null,draft-board,20163,Justin Shorter,WR,ppr_per_game_played,null,0.0,The published season contains played weeks and a true 0.0 total.
3,published zero PPR rendered as null,draft-board,20163,Justin Shorter,WR,ppr_per_team_game,null,0.0,The published season contains played weeks and a true 0.0 total.
3,published zero PPR rendered as null,draft-board,22479,Laquon Treadwell,WR,ppr_per_game_played,null,0.0,The published season contains played weeks and a true 0.0 total.
3,published zero PPR rendered as null,draft-board,22479,Laquon Treadwell,WR,ppr_per_team_game,null,0.0,The published season contains played weeks and a true 0.0 total.
3,published zero PPR rendered as null,draft-board,22648,Malik Turner,WR,ppr_per_game_played,null,0.0,The published season contains played weeks and a true 0.0 total.
3,published zero PPR rendered as null,draft-board,22648,Malik Turner,WR,ppr_per_team_game,null,0.0,The published season contains played weeks and a true 0.0 total.
3,published zero PPR rendered as null,draft-board,23697,LaJohntay Wester,WR,ppr_per_game_played,null,0.0,The published season contains played weeks and a true 0.0 total.
3,published zero PPR rendered as null,draft-board,23697,LaJohntay Wester,WR,ppr_per_team_game,null,0.0,The published season contains played weeks and a true 0.0 total.
3,published zero PPR rendered as null,draft-board,24396,Brayden Willis,TE,ppr_per_game_played,null,0.0,The published season contains played weeks and a true 0.0 total.
3,published zero PPR rendered as null,draft-board,24396,Brayden Willis,TE,ppr_per_team_game,null,0.0,The published season contains played weeks and a true 0.0 total.
3,published zero PPR rendered as null,mock-pool + player-detail,18010,Myles Price,WR,ppr_per_game_played,null,0.0,The published season contains played weeks and a true 0.0 total.
3,published zero PPR rendered as null,mock-pool + player-detail,18010,Myles Price,WR,ppr_per_team_game,null,0.0,The published season contains played weeks and a true 0.0 total.
3,source absence rendered as a number,draft-board,126,Israel Abanikanda,RB,games_played,0,null,No 2025 published player-week or resolved snap rows; the endpoint emits the fallback rather than null.
3,source absence rendered as a number,draft-board,126,Israel Abanikanda,RB,team_games,17,null,No 2025 published player-week or resolved snap rows; the endpoint emits the fallback rather than null.
3,source absence rendered as a number,draft-board,144,Keith Abney II,CB,games_played,0,null,No 2025 published player-week or resolved snap rows; the endpoint emits the fallback rather than null.
3,source absence rendered as a number,draft-board,144,Keith Abney II,CB,team_games,17,null,No 2025 published player-week or resolved snap rows; the endpoint emits the fallback rather than null.
3,source absence rendered as a number,draft-board,215,Myles Adams,DE,games_played,0,null,No 2025 published player-week or resolved snap rows; the endpoint emits the fallback rather than null.
3,source absence rendered as a number,draft-board,215,Myles Adams,DE,team_games,17,null,No 2025 published player-week or resolved snap rows; the endpoint emits the fallback rather than null.
3,source absence rendered as a number,draft-board,287,Salvon Ahmed,RB,games_played,0,null,No 2025 published player-week or resolved snap rows; the endpoint emits the fallback rather than null.
3,source absence rendered as a number,draft-board,287,Salvon Ahmed,RB,team_games,17,null,No 2025 published player-week or resolved snap rows; the endpoint emits the fallback rather than null.
3,source absence rendered as a number,draft-board,300,Brandon Aiyuk,WR,games_played,0,null,No 2025 published player-week or resolved snap rows; the endpoint emits the fallback rather than null.
3,source absence rendered as a number,draft-board,300,Brandon Aiyuk,WR,team_games,17,null,No 2025 published player-week or resolved snap rows; the endpoint emits the fallback rather than null.
3,source absence rendered as a number,draft-board,309,Tommy Akingbesote,DT,games_played,0,null,No 2025 published player-week or resolved snap rows; the endpoint emits the fallback rather than null.
3,source absence rendered as a number,draft-board,309,Tommy Akingbesote,DT,team_games,17,null,No 2025 published player-week or resolved snap rows; the endpoint emits the fallback rather than null.
3,source absence rendered as a number,draft-board,410,Erick All,TE,games_played,0,null,No 2025 published player-week or resolved snap rows; the endpoint emits the fallback rather than null.
3,source absence rendered as a number,draft-board,410,Erick All,TE,team_games,17,null,No 2025 published player-week or resolved snap rows; the endpoint emits the fallback rather than null.
3,source absence rendered as a number,draft-board,412,Drew Allar,QB,games_played,0,null,No 2025 published player-week or resolved snap rows; the endpoint emits the fallback rather than null.
3,source absence rendered as a number,draft-board,412,Drew Allar,QB,team_games,17,null,No 2025 published player-week or resolved snap rows; the endpoint emits the fallback rather than null.
3,source absence rendered as a number,draft-board,435,CJ Allen,LB,games_played,0,null,No 2025 published player-week or resolved snap rows; the endpoint emits the fallback rather than null.
3,source absence rendered as a number,draft-board,435,CJ Allen,LB,team_games,17,null,No 2025 published player-week or resolved snap rows; the endpoint emits the fallback rather than null.
3,source absence rendered as a number,draft-board,438,Cyrus Allen,WR,games_played,0,null,No 2025 published player-week or resolved snap rows; the endpoint emits the fallback rather than null.
3,source absence rendered as a number,draft-board,438,Cyrus Allen,WR,team_games,17,null,No 2025 published player-week or resolved snap rows; the endpoint emits the fallback rather than null.
3,source absence rendered as a number,draft-board,470,Kaytron Allen,RB,games_played,0,null,No 2025 published player-week or resolved snap rows; the endpoint emits the fallback rather than null.
3,source absence rendered as a number,draft-board,470,Kaytron Allen,RB,team_games,17,null,No 2025 published player-week or resolved snap rows; the endpoint emits the fallback rather than null.
3,source absence rendered as a number,draft-board,566,Troy Andersen,LB,games_played,0,null,No 2025 published player-week or resolved snap rows; the endpoint emits the fallback rather than null.
3,source absence rendered as a number,draft-board,566,Troy Andersen,LB,team_games,17,null,No 2025 published player-week or resolved snap rows; the endpoint emits the fallback rather than null.
3,source absence rendered as a number,draft-board,603,Evan Anderson,DT,games_played,0,null,No 2025 published player-week or resolved snap rows; the endpoint emits the fallback rather than null.
3,source absence rendered as a number,draft-board,603,Evan Anderson,DT,team_games,17,null,No 2025 published player-week or resolved snap rows; the endpoint emits the fallback rather than null.
3,source absence rendered as a number,draft-board,725,Felix Anudike-Uzomah,DE,games_played,0,null,No 2025 published player-week or resolved snap rows; the endpoint emits the fallback rather than null.
3,source absence rendered as a number,draft-board,725,Felix Anudike-Uzomah,DE,team_games,17,null,No 2025 published player-week or resolved snap rows; the endpoint emits the fallback rather than null.
3,source absence rendered as a number,draft-board,1000,David Bailey,LB,games_played,0,null,No 2025 published player-week or resolved snap rows; the endpoint emits the fallback rather than null.
3,source absence rendered as a number,draft-board,1000,David Bailey,LB,team_games,17,null,No 2025 published player-week or resolved snap rows; the endpoint emits the fallback rather than null.
3,source absence rendered as a number,draft-board,1036,Rueben Bain Jr.,LB,games_played,0,null,No 2025 published player-week or resolved snap rows; the endpoint emits the fallback rather than null.
3,source absence rendered as a number,draft-board,1036,Rueben Bain Jr.,LB,team_games,17,null,No 2025 published player-week or resolved snap rows; the endpoint emits the fallback rather than null.
3,source absence rendered as a number,draft-board,1160,Caleb Banks,DT,games_played,0,null,No 2025 published player-week or resolved snap rows; the endpoint emits the fallback rather than null.
3,source absence rendered as a number,draft-board,1160,Caleb Banks,DT,team_games,17,null,No 2025 published player-week or resolved snap rows; the endpoint emits the fallback rather than null.
3,source absence rendered as a number,draft-board,1173,Keshawn Banks,DE,games_played,0,null,No 2025 published player-week or resolved snap rows; the endpoint emits the fallback rather than null.
3,source absence rendered as a number,draft-board,1173,Keshawn Banks,DE,team_games,17,null,No 2025 published player-week or resolved snap rows; the endpoint emits the fallback rather than null.
3,source absence rendered as a number,draft-board,1224,Jaishawn Barham,LB,games_played,0,null,No 2025 published player-week or resolved snap rows; the endpoint emits the fallback rather than null.
3,source absence rendered as a number,draft-board,1224,Jaishawn Barham,LB,team_games,17,null,No 2025 published player-week or resolved snap rows; the endpoint emits the fallback rather than null.
3,source absence rendered as a number,draft-board,1323,Nick Barrett,DT,games_played,0,null,No 2025 published player-week or resolved snap rows; the endpoint emits the fallback rather than null.
3,source absence rendered as a number,draft-board,1323,Nick Barrett,DT,team_games,17,null,No 2025 published player-week or resolved snap rows; the endpoint emits the fallback rather than null.
3,source absence rendered as a number,draft-board,1348,Gavin Bartholomew,TE,games_played,0,null,No 2025 published player-week or resolved snap rows; the endpoint emits the fallback rather than null.
3,source absence rendered as a number,draft-board,1348,Gavin Bartholomew,TE,team_games,17,null,No 2025 published player-week or resolved snap rows; the endpoint emits the fallback rather than null.
3,source absence rendered as a number,draft-board,1386,Tyler Bass,PK,games_played,0,null,No 2025 published player-week or resolved snap rows; the endpoint emits the fallback rather than null.
3,source absence rendered as a number,draft-board,1386,Tyler Bass,PK,team_games,17,null,No 2025 published player-week or resolved snap rows; the endpoint emits the fallback rather than null.
3,source absence rendered as a number,draft-board,1522,Carson Beck,QB,games_played,0,null,No 2025 published player-week or resolved snap rows; the endpoint emits the fallback rather than null.
3,source absence rendered as a number,draft-board,1522,Carson Beck,QB,team_games,17,null,No 2025 published player-week or resolved snap rows; the endpoint emits the fallback rather than null.
3,source absence rendered as a number,draft-board,1534,Odell Beckham Jr.,WR,games_played,0,null,No 2025 published player-week or resolved snap rows; the endpoint emits the fallback rather than null.
3,source absence rendered as a number,draft-board,1534,Odell Beckham Jr.,WR,team_games,17,null,No 2025 published player-week or resolved snap rows; the endpoint emits the fallback rather than null.
3,source absence rendered as a number,draft-board,1583,Chris Bell,WR,games_played,0,null,No 2025 published player-week or resolved snap rows; the endpoint emits the fallback rather than null.
3,source absence rendered as a number,draft-board,1583,Chris Bell,WR,team_games,17,null,No 2025 published player-week or resolved snap rows; the endpoint emits the fallback rather than null.
3,source absence rendered as a number,draft-board,1598,Jaheim Bell,TE,games_played,0,null,No 2025 published player-week or resolved snap rows; the endpoint emits the fallback rather than null.
3,source absence rendered as a number,draft-board,1598,Jaheim Bell,TE,team_games,17,null,No 2025 published player-week or resolved snap rows; the endpoint emits the fallback rather than null.
3,source absence rendered as a number,draft-board,1634,Skyler Bell,WR,games_played,0,null,No 2025 published player-week or resolved snap rows; the endpoint emits the fallback rather than null.
3,source absence rendered as a number,draft-board,1634,Skyler Bell,WR,team_games,17,null,No 2025 published player-week or resolved snap rows; the endpoint emits the fallback rather than null.
3,source absence rendered as a number,draft-board,1718,Stetson Bennett,QB,games_played,0,null,No 2025 published player-week or resolved snap rows; the endpoint emits the fallback rather than null.
3,source absence rendered as a number,draft-board,1718,Stetson Bennett,QB,team_games,17,null,No 2025 published player-week or resolved snap rows; the endpoint emits the fallback rather than null.
3,source absence rendered as a number,draft-board,1723,Rayshaun Benny,DT,games_played,0,null,No 2025 published player-week or resolved snap rows; the endpoint emits the fallback rather than null.
3,source absence rendered as a number,draft-board,1723,Rayshaun Benny,DT,team_games,17,null,No 2025 published player-week or resolved snap rows; the endpoint emits the fallback rather than null.
3,source absence rendered as a number,draft-board,1732,Malik Benson,WR,games_played,0,null,No 2025 published player-week or resolved snap rows; the endpoint emits the fallback rather than null.
3,source absence rendered as a number,draft-board,1732,Malik Benson,WR,team_games,17,null,No 2025 published player-week or resolved snap rows; the endpoint emits the fallback rather than null.
3,source absence rendered as a number,draft-board,1740,Dallen Bentley,TE,games_played,0,null,No 2025 published player-week or resolved snap rows; the endpoint emits the fallback rather than null.
3,source absence rendered as a number,draft-board,1740,Dallen Bentley,TE,team_games,17,null,No 2025 published player-week or resolved snap rows; the endpoint emits the fallback rather than null.
3,source absence rendered as a number,draft-board,1757,Junior Bergen,WR,games_played,0,null,No 2025 published player-week or resolved snap rows; the endpoint emits the fallback rather than null.
3,source absence rendered as a number,draft-board,1757,Junior Bergen,WR,team_games,17,null,No 2025 published player-week or resolved snap rows; the endpoint emits the fallback rather than null.
3,source absence rendered as a number,draft-board,1773,Germie Bernard,WR,games_played,0,null,No 2025 published player-week or resolved snap rows; the endpoint emits the fallback rather than null.
3,source absence rendered as a number,draft-board,1773,Germie Bernard,WR,team_games,17,null,No 2025 published player-week or resolved snap rows; the endpoint emits the fallback rather than null.
3,source absence rendered as a number,draft-board,1778,Uar Bernard,DT,games_played,0,null,No 2025 published player-week or resolved snap rows; the endpoint emits the fallback rather than null.
3,source absence rendered as a number,draft-board,1778,Uar Bernard,DT,team_games,17,null,No 2025 published player-week or resolved snap rows; the endpoint emits the fallback rather than null.
3,source absence rendered as a number,draft-board,1913,Beanie Bishop Jr.,CB,games_played,0,null,No 2025 published player-week or resolved snap rows; the endpoint emits the fallback rather than null.
3,source absence rendered as a number,draft-board,1913,Beanie Bishop Jr.,CB,team_games,17,null,No 2025 published player-week or resolved snap rows; the endpoint emits the fallback rather than null.
3,source absence rendered as a number,draft-board,1932,Kaelon Black,RB,games_played,0,null,No 2025 published player-week or resolved snap rows; the endpoint emits the fallback rather than null.
3,source absence rendered as a number,draft-board,1932,Kaelon Black,RB,team_games,17,null,No 2025 published player-week or resolved snap rows; the endpoint emits the fallback rather than null.
3,source absence rendered as a number,draft-board,2091,Nate Boerkircher,TE,games_played,0,null,No 2025 published player-week or resolved snap rows; the endpoint emits the fallback rather than null.
3,source absence rendered as a number,draft-board,2091,Nate Boerkircher,TE,team_games,17,null,No 2025 published player-week or resolved snap rows; the endpoint emits the fallback rather than null.
3,source absence rendered as a number,draft-board,2092,Bryce Boettcher,LB,games_played,0,null,No 2025 published player-week or resolved snap rows; the endpoint emits the fallback rather than null.
3,source absence rendered as a number,draft-board,2092,Bryce Boettcher,LB,team_games,17,null,No 2025 published player-week or resolved snap rows; the endpoint emits the fallback rather than null.
3,source absence rendered as a number,draft-board,2147,Lewis Bond,WR,games_played,0,null,No 2025 published player-week or resolved snap rows; the endpoint emits the fallback rather than null.
3,source absence rendered as a number,draft-board,2147,Lewis Bond,WR,team_games,17,null,No 2025 published player-week or resolved snap rows; the endpoint emits the fallback rather than null.
3,source absence rendered as a number,draft-board,2245,Denzel Boston,WR,games_played,0,null,No 2025 published player-week or resolved snap rows; the endpoint emits the fallback rather than null.
3,source absence rendered as a number,draft-board,2245,Denzel Boston,WR,team_games,17,null,No 2025 published player-week or resolved snap rows; the endpoint emits the fallback rather than null.
3,source absence rendered as a number,draft-board,2417,Will Bradley-King,DE,games_played,0,null,No 2025 published player-week or resolved snap rows; the endpoint emits the fallback rather than null.
3,source absence rendered as a number,draft-board,2417,Will Bradley-King,DE,team_games,17,null,No 2025 published player-week or resolved snap rows; the endpoint emits the fallback rather than null.
3,source absence rendered as a number,draft-board,2459,Zachariah Branch,WR,games_played,0,null,No 2025 published player-week or resolved snap rows; the endpoint emits the fallback rather than null.
3,source absence rendered as a number,draft-board,2459,Zachariah Branch,WR,team_games,17,null,No 2025 published player-week or resolved snap rows; the endpoint emits the fallback rather than null.
3,source absence rendered as a number,draft-board,2494,Chandler Brayboy,WR,games_played,0,null,No 2025 published player-week or resolved snap rows; the endpoint emits the fallback rather than null.
3,source absence rendered as a number,draft-board,2494,Chandler Brayboy,WR,team_games,17,null,No 2025 published player-week or resolved snap rows; the endpoint emits the fallback rather than null.
3,source absence rendered as a number,draft-board,2501,Chris Brazzell II,WR,games_played,0,null,No 2025 published player-week or resolved snap rows; the endpoint emits the fallback rather than null.
3,source absence rendered as a number,draft-board,2501,Chris Brazzell II,WR,team_games,17,null,No 2025 published player-week or resolved snap rows; the endpoint emits the fallback rather than null.
3,source absence rendered as a number,draft-board,2506,Max Bredeson,FB,games_played,0,null,No 2025 published player-week or resolved snap rows; the endpoint emits the fallback rather than null.
3,source absence rendered as a number,draft-board,2506,Max Bredeson,FB,team_games,17,null,No 2025 published player-week or resolved snap rows; the endpoint emits the fallback rather than null.
3,source absence rendered as a number,draft-board,2674,Jonathon Brooks,RB,games_played,0,null,No 2025 published player-week or resolved snap rows; the endpoint emits the fallback rather than null.
3,source absence rendered as a number,draft-board,2674,Jonathon Brooks,RB,team_games,17,null,No 2025 published player-week or resolved snap rows; the endpoint emits the fallback rather than null.
3,source absence rendered as a number,draft-board,2750,Barion Brown,WR,games_played,0,null,No 2025 published player-week or resolved snap rows; the endpoint emits the fallback rather than null.
3,source absence rendered as a number,draft-board,2750,Barion Brown,WR,team_games,17,null,No 2025 published player-week or resolved snap rows; the endpoint emits the fallback rather than null.
3,source absence rendered as a number,draft-board,2822,Earnest Brown IV,DE,games_played,0,null,No 2025 published player-week or resolved snap rows; the endpoint emits the fallback rather than null.
3,source absence rendered as a number,draft-board,2822,Earnest Brown IV,DE,team_games,17,null,No 2025 published player-week or resolved snap rows; the endpoint emits the fallback rather than null.
3,source absence rendered as a number,draft-board,2919,Omar Brown,S,games_played,0,null,No 2025 published player-week or resolved snap rows; the endpoint emits the fallback rather than null.
3,source absence rendered as a number,draft-board,2919,Omar Brown,S,team_games,17,null,No 2025 published player-week or resolved snap rows; the endpoint emits the fallback rather than null.
3,source absence rendered as a number,draft-board,2967,Tanner Brown,PK,games_played,0,null,No 2025 published player-week or resolved snap rows; the endpoint emits the fallback rather than null.
3,source absence rendered as a number,draft-board,2967,Tanner Brown,PK,team_games,17,null,No 2025 published player-week or resolved snap rows; the endpoint emits the fallback rather than null.
3,source absence rendered as a number,draft-board,3228,Deion Burks,WR,games_played,0,null,No 2025 published player-week or resolved snap rows; the endpoint emits the fallback rather than null.
3,source absence rendered as a number,draft-board,3228,Deion Burks,WR,team_games,17,null,No 2025 published player-week or resolved snap rows; the endpoint emits the fallback rather than null.
3,source absence rendered as a number,draft-board,3310,Michael Burton,FB,games_played,0,null,No 2025 published player-week or resolved snap rows; the endpoint emits the fallback rather than null.
3,source absence rendered as a number,draft-board,3310,Michael Burton,FB,team_games,17,null,No 2025 published player-week or resolved snap rows; the endpoint emits the fallback rather than null.
3,source absence rendered as a number,draft-board,3431,Solomon Byrd,DE,games_played,0,null,No 2025 published player-week or resolved snap rows; the endpoint emits the fallback rather than null.
3,source absence rendered as a number,draft-board,3431,Solomon Byrd,DE,team_games,17,null,No 2025 published player-week or resolved snap rows; the endpoint emits the fallback rather than null.
3,source absence rendered as a number,draft-board,3519,Josh Cameron,WR,games_played,0,null,No 2025 published player-week or resolved snap rows; the endpoint emits the fallback rather than null.
3,source absence rendered as a number,draft-board,3519,Josh Cameron,WR,team_games,17,null,No 2025 published player-week or resolved snap rows; the endpoint emits the fallback rather than null.
3,source absence rendered as a number,draft-board,3529,Chance Campbell,LB,games_played,0,null,No 2025 published player-week or resolved snap rows; the endpoint emits the fallback rather than null.
3,source absence rendered as a number,draft-board,3529,Chance Campbell,LB,team_games,17,null,No 2025 published player-week or resolved snap rows; the endpoint emits the fallback rather than null.
3,source absence rendered as a number,draft-board,3581,Jadon Canady,CB,games_played,0,null,No 2025 published player-week or resolved snap rows; the endpoint emits the fallback rather than null.
3,source absence rendered as a number,draft-board,3581,Jadon Canady,CB,team_games,17,null,No 2025 published player-week or resolved snap rows; the endpoint emits the fallback rather than null.
3,source absence rendered as a number,draft-board,3608,DeMonte Capehart,DT,games_played,0,null,No 2025 published player-week or resolved snap rows; the endpoint emits the fallback rather than null.
3,source absence rendered as a number,draft-board,3608,DeMonte Capehart,DT,team_games,17,null,No 2025 published player-week or resolved snap rows; the endpoint emits the fallback rather than null.
3,source absence rendered as a number,draft-board,3738,Andre Carter II,LB,games_played,0,null,No 2025 published player-week or resolved snap rows; the endpoint emits the fallback rather than null.
3,source absence rendered as a number,draft-board,3738,Andre Carter II,LB,team_games,17,null,No 2025 published player-week or resolved snap rows; the endpoint emits the fallback rather than null.
3,source absence rendered as a number,draft-board,3756,DeWayne Carter,DT,games_played,0,null,No 2025 published player-week or resolved snap rows; the endpoint emits the fallback rather than null.
3,source absence rendered as a number,draft-board,3756,DeWayne Carter,DT,team_games,17,null,No 2025 published player-week or resolved snap rows; the endpoint emits the fallback rather than null.
3,source absence rendered as a number,draft-board,3872,Tariq Castro-Fields,CB,games_played,0,null,No 2025 published player-week or resolved snap rows; the endpoint emits the fallback rather than null.
3,source absence rendered as a number,draft-board,3872,Tariq Castro-Fields,CB,team_games,17,null,No 2025 published player-week or resolved snap rows; the endpoint emits the fallback rather than null.
3,source absence rendered as a number,draft-board,3970,Irvin Charles,WR,games_played,0,null,No 2025 published player-week or resolved snap rows; the endpoint emits the fallback rather than null.
3,source absence rendered as a number,draft-board,3970,Irvin Charles,WR,team_games,17,null,No 2025 published player-week or resolved snap rows; the endpoint emits the fallback rather than null.
3,source absence rendered as a number,draft-board,4108,Brandon Cisse,CB,games_played,0,null,No 2025 published player-week or resolved snap rows; the endpoint emits the fallback rather than null.
3,source absence rendered as a number,draft-board,4108,Brandon Cisse,CB,team_games,17,null,No 2025 published player-week or resolved snap rows; the endpoint emits the fallback rather than null.
3,source absence rendered as a number,draft-board,4116,Demond Claiborne,RB,games_played,0,null,No 2025 published player-week or resolved snap rows; the endpoint emits the fallback rather than null.
3,source absence rendered as a number,draft-board,4116,Demond Claiborne,RB,team_games,17,null,No 2025 published player-week or resolved snap rows; the endpoint emits the fallback rather than null.
3,source absence rendered as a number,draft-board,4167,Bud Clark,S,games_played,0,null,No 2025 published player-week or resolved snap rows; the endpoint emits the fallback rather than null.
3,source absence rendered as a number,draft-board,4167,Bud Clark,S,team_games,17,null,No 2025 published player-week or resolved snap rows; the endpoint emits the fallback rather than null.
3,source absence rendered as a number,draft-board,4275,Brandon Cleveland,DT,games_played,0,null,No 2025 published player-week or resolved snap rows; the endpoint emits the fallback rather than null.
3,source absence rendered as a number,draft-board,4275,Brandon Cleveland,DT,team_games,17,null,No 2025 published player-week or resolved snap rows; the endpoint emits the fallback rather than null.
3,source absence rendered as a number,draft-board,4281,Sean Clifford,QB,games_played,0,null,No 2025 published player-week or resolved snap rows; the endpoint emits the fallback rather than null.
3,source absence rendered as a number,draft-board,4281,Sean Clifford,QB,team_games,17,null,No 2025 published player-week or resolved snap rows; the endpoint emits the fallback rather than null.
3,source absence rendered as a number,draft-board,4402,Myles Cole,DE,games_played,0,null,No 2025 published player-week or resolved snap rows; the endpoint emits the fallback rather than null.
3,source absence rendered as a number,draft-board,4402,Myles Cole,DE,team_games,17,null,No 2025 published player-week or resolved snap rows; the endpoint emits the fallback rather than null.
3,source absence rendered as a number,draft-board,4435,Jonah Coleman,RB,games_played,0,null,No 2025 published player-week or resolved snap rows; the endpoint emits the fallback rather than null.
3,source absence rendered as a number,draft-board,4435,Jonah Coleman,RB,team_games,17,null,No 2025 published player-week or resolved snap rows; the endpoint emits the fallback rather than null.
3,source absence rendered as a number,draft-board,4441,Kevin Coleman Jr.,WR,games_played,0,null,No 2025 published player-week or resolved snap rows; the endpoint emits the fallback rather than null.
3,source absence rendered as a number,draft-board,4441,Kevin Coleman Jr.,WR,team_games,17,null,No 2025 published player-week or resolved snap rows; the endpoint emits the fallback rather than null.
3,source absence rendered as a number,draft-board,4477,Chris Collier,RB,games_played,0,null,No 2025 published player-week or resolved snap rows; the endpoint emits the fallback rather than null.
3,source absence rendered as a number,draft-board,4477,Chris Collier,RB,team_games,17,null,No 2025 published player-week or resolved snap rows; the endpoint emits the fallback rather than null.
3,source absence rendered as a number,draft-board,4554,Junior Colson,LB,games_played,0,null,No 2025 published player-week or resolved snap rows; the endpoint emits the fallback rather than null.
3,source absence rendered as a number,draft-board,4554,Junior Colson,LB,team_games,17,null,No 2025 published player-week or resolved snap rows; the endpoint emits the fallback rather than null.
3,source absence rendered as a number,draft-board,4580,KC Concepcion,WR,games_played,0,null,No 2025 published player-week or resolved snap rows; the endpoint emits the fallback rather than null.
3,source absence rendered as a number,draft-board,4580,KC Concepcion,WR,team_games,17,null,No 2025 published player-week or resolved snap rows; the endpoint emits the fallback rather than null.
3,source absence rendered as a number,draft-board,4708,Keith Cooper Jr.,DT,games_played,0,null,No 2025 published player-week or resolved snap rows; the endpoint emits the fallback rather than null.
3,source absence rendered as a number,draft-board,4708,Keith Cooper Jr.,DT,team_games,17,null,No 2025 published player-week or resolved snap rows; the endpoint emits the fallback rather than null.
3,source absence rendered as a number,draft-board,4712,Omar Cooper Jr.,WR,games_played,0,null,No 2025 published player-week or resolved snap rows; the endpoint emits the fallback rather than null.
3,source absence rendered as a number,draft-board,4712,Omar Cooper Jr.,WR,team_games,17,null,No 2025 published player-week or resolved snap rows; the endpoint emits the fallback rather than null.
3,source absence rendered as a number,draft-board,4853,Jacob Cowing,WR,games_played,0,null,No 2025 published player-week or resolved snap rows; the endpoint emits the fallback rather than null.
3,source absence rendered as a number,draft-board,4853,Jacob Cowing,WR,team_games,17,null,No 2025 published player-week or resolved snap rows; the endpoint emits the fallback rather than null.
3,source absence rendered as a number,draft-board,4926,Keyron Crawford,DE,games_played,0,null,No 2025 published player-week or resolved snap rows; the endpoint emits the fallback rather than null.
3,source absence rendered as a number,draft-board,4926,Keyron Crawford,DE,team_games,17,null,No 2025 published player-week or resolved snap rows; the endpoint emits the fallback rather than null.
3,source absence rendered as a number,draft-board,5057,Josh Cuevas,TE,games_played,0,null,No 2025 published player-week or resolved snap rows; the endpoint emits the fallback rather than null.
3,source absence rendered as a number,draft-board,5057,Josh Cuevas,TE,team_games,17,null,No 2025 published player-week or resolved snap rows; the endpoint emits the fallback rather than null.
3,source absence rendered as a number,draft-board,5120,Caden Curry,LB,games_played,0,null,No 2025 published player-week or resolved snap rows; the endpoint emits the fallback rather than null.
3,source absence rendered as a number,draft-board,5120,Caden Curry,LB,team_games,17,null,No 2025 published player-week or resolved snap rows; the endpoint emits the fallback rather than null.
3,source absence rendered as a number,draft-board,5214,CJ Daniels,WR,games_played,0,null,No 2025 published player-week or resolved snap rows; the endpoint emits the fallback rather than null.
3,source absence rendered as a number,draft-board,5214,CJ Daniels,WR,team_games,17,null,No 2025 published player-week or resolved snap rows; the endpoint emits the fallback rather than null.
3,source absence rendered as a number,draft-board,5228,Kendal Daniels,LB,games_played,0,null,No 2025 published player-week or resolved snap rows; the endpoint emits the fallback rather than null.
3,source absence rendered as a number,draft-board,5228,Kendal Daniels,LB,team_games,17,null,No 2025 published player-week or resolved snap rows; the endpoint emits the fallback rather than null.
3,source absence rendered as a number,draft-board,5247,Michael Dansby,CB,games_played,0,null,No 2025 published player-week or resolved snap rows; the endpoint emits the fallback rather than null.
3,source absence rendered as a number,draft-board,5247,Michael Dansby,CB,team_games,17,null,No 2025 published player-week or resolved snap rows; the endpoint emits the fallback rather than null.
3,source absence rendered as a number,draft-board,5479,Tacario Davis,CB,games_played,0,null,No 2025 published player-week or resolved snap rows; the endpoint emits the fallback rather than null.
3,source absence rendered as a number,draft-board,5479,Tacario Davis,CB,team_games,17,null,No 2025 published player-week or resolved snap rows; the endpoint emits the fallback rather than null.
3,source absence rendered as a number,draft-board,5607,Tommy DeVito,QB,games_played,0,null,No 2025 published player-week or resolved snap rows; the endpoint emits the fallback rather than null.
3,source absence rendered as a number,draft-board,5607,Tommy DeVito,QB,team_games,17,null,No 2025 published player-week or resolved snap rows; the endpoint emits the fallback rather than null.
3,source absence rendered as a number,draft-board,5655,Mansoor Delane,CB,games_played,0,null,No 2025 published player-week or resolved snap rows; the endpoint emits the fallback rather than null.
3,source absence rendered as a number,draft-board,5655,Mansoor Delane,CB,team_games,17,null,No 2025 published player-week or resolved snap rows; the endpoint emits the fallback rather than null.
3,source absence rendered as a number,draft-board,5662,Tank Dell,WR,games_played,0,null,No 2025 published player-week or resolved snap rows; the endpoint emits the fallback rather than null.
3,source absence rendered as a number,draft-board,5662,Tank Dell,WR,team_games,17,null,No 2025 published player-week or resolved snap rows; the endpoint emits the fallback rather than null.
3,source absence rendered as a number,draft-board,5668,Oscar Delp,TE,games_played,0,null,No 2025 published player-week or resolved snap rows; the endpoint emits the fallback rather than null.
3,source absence rendered as a number,draft-board,5668,Oscar Delp,TE,team_games,17,null,No 2025 published player-week or resolved snap rows; the endpoint emits the fallback rather than null.
3,source absence rendered as a number,draft-board,5676,Charles Demmings,CB,games_played,0,null,No 2025 published player-week or resolved snap rows; the endpoint emits the fallback rather than null.
3,source absence rendered as a number,draft-board,5676,Charles Demmings,CB,team_games,17,null,No 2025 published player-week or resolved snap rows; the endpoint emits the fallback rather than null.
3,source absence rendered as a number,draft-board,5711,Dani Dennis-Sutton,DE,games_played,0,null,No 2025 published player-week or resolved snap rows; the endpoint emits the fallback rather than null.
3,source absence rendered as a number,draft-board,5711,Dani Dennis-Sutton,DE,team_games,17,null,No 2025 published player-week or resolved snap rows; the endpoint emits the fallback rather than null.
3,source absence rendered as a number,draft-board,5743,MJ Devonshire,CB,games_played,0,null,No 2025 published player-week or resolved snap rows; the endpoint emits the fallback rather than null.
3,source absence rendered as a number,draft-board,5743,MJ Devonshire,CB,team_games,17,null,No 2025 published player-week or resolved snap rows; the endpoint emits the fallback rather than null.
3,source absence rendered as a number,draft-board,5765,Marcellas Dial Jr.,CB,games_played,0,null,No 2025 published player-week or resolved snap rows; the endpoint emits the fallback rather than null.
3,source absence rendered as a number,draft-board,5765,Marcellas Dial Jr.,CB,team_games,17,null,No 2025 published player-week or resolved snap rows; the endpoint emits the fallback rather than null.
3,source absence rendered as a number,draft-board,5948,Tommy Doman Jr.,P,games_played,0,null,No 2025 published player-week or resolved snap rows; the endpoint emits the fallback rather than null.
3,source absence rendered as a number,draft-board,5948,Tommy Doman Jr.,P,team_games,17,null,No 2025 published player-week or resolved snap rows; the endpoint emits the fallback rather than null.
3,source absence rendered as a number,draft-board,6003,Phillip Dorsett,WR,games_played,0,null,No 2025 published player-week or resolved snap rows; the endpoint emits the fallback rather than null.
3,source absence rendered as a number,draft-board,6003,Phillip Dorsett,WR,team_games,17,null,No 2025 published player-week or resolved snap rows; the endpoint emits the fallback rather than null.
3,source absence rendered as a number,draft-board,6041,Caleb Douglas,WR,games_played,0,null,No 2025 published player-week or resolved snap rows; the endpoint emits the fallback rather than null.
3,source absence rendered as a number,draft-board,6041,Caleb Douglas,WR,team_games,17,null,No 2025 published player-week or resolved snap rows; the endpoint emits the fallback rather than null.
3,source absence rendered as a number,draft-board,6073,Colton Dowell,WR,games_played,0,null,No 2025 published player-week or resolved snap rows; the endpoint emits the fallback rather than null.
3,source absence rendered as a number,draft-board,6073,Colton Dowell,WR,team_games,17,null,No 2025 published player-week or resolved snap rows; the endpoint emits the fallback rather than null.
3,source absence rendered as a number,draft-board,6083,Caleb Downs,S,games_played,0,null,No 2025 published player-week or resolved snap rows; the endpoint emits the fallback rather than null.
3,source absence rendered as a number,draft-board,6083,Caleb Downs,S,team_games,17,null,No 2025 published player-week or resolved snap rows; the endpoint emits the fallback rather than null.
3,source absence rendered as a number,draft-board,6190,Jaden Dugger,LB,games_played,0,null,No 2025 published player-week or resolved snap rows; the endpoint emits the fallback rather than null.
3,source absence rendered as a number,draft-board,6190,Jaden Dugger,LB,team_games,17,null,No 2025 published player-week or resolved snap rows; the endpoint emits the fallback rather than null.
3,source absence rendered as a number,draft-board,6278,Zane Durant,DT,games_played,0,null,No 2025 published player-week or resolved snap rows; the endpoint emits the fallback rather than null.
3,source absence rendered as a number,draft-board,6278,Zane Durant,DT,team_games,17,null,No 2025 published player-week or resolved snap rows; the endpoint emits the fallback rather than null.
3,source absence rendered as a number,draft-board,6284,Zach Durfee,DE,games_played,0,null,No 2025 published player-week or resolved snap rows; the endpoint emits the fallback rather than null.
3,source absence rendered as a number,draft-board,6284,Zach Durfee,DE,team_games,17,null,No 2025 published player-week or resolved snap rows; the endpoint emits the fallback rather than null.
3,source absence rendered as a number,draft-board,6357,Deven Eastern,DT,games_played,0,null,No 2025 published player-week or resolved snap rows; the endpoint emits the fallback rather than null.
3,source absence rendered as a number,draft-board,6357,Deven Eastern,DT,team_games,17,null,No 2025 published player-week or resolved snap rows; the endpoint emits the fallback rather than null.
3,source absence rendered as a number,draft-board,6383,Ryan Eckley,P,games_played,0,null,No 2025 published player-week or resolved snap rows; the endpoint emits the fallback rather than null.
3,source absence rendered as a number,draft-board,6383,Ryan Eckley,P,team_games,17,null,No 2025 published player-week or resolved snap rows; the endpoint emits the fallback rather than null.
3,source absence rendered as a number,draft-board,6426,Donovan Edwards,RB,games_played,0,null,No 2025 published player-week or resolved snap rows; the endpoint emits the fallback rather than null.
3,source absence rendered as a number,draft-board,6426,Donovan Edwards,RB,team_games,17,null,No 2025 published player-week or resolved snap rows; the endpoint emits the fallback rather than null.
3,source absence rendered as a number,draft-board,6481,Sam Ehlinger,QB,games_played,0,null,No 2025 published player-week or resolved snap rows; the endpoint emits the fallback rather than null.
3,source absence rendered as a number,draft-board,6481,Sam Ehlinger,QB,team_games,17,null,No 2025 published player-week or resolved snap rows; the endpoint emits the fallback rather than null.
3,source absence rendered as a number,draft-board,6517,Kaleb Elarms-Orr,LB,games_played,0,null,No 2025 published player-week or resolved snap rows; the endpoint emits the fallback rather than null.
3,source absence rendered as a number,draft-board,6517,Kaleb Elarms-Orr,LB,team_games,17,null,No 2025 published player-week or resolved snap rows; the endpoint emits the fallback rather than null.
3,source absence rendered as a number,draft-board,6566,Keyshaun Elliott,LB,games_played,0,null,No 2025 published player-week or resolved snap rows; the endpoint emits the fallback rather than null.
3,source absence rendered as a number,draft-board,6566,Keyshaun Elliott,LB,team_games,17,null,No 2025 published player-week or resolved snap rows; the endpoint emits the fallback rather than null.
3,source absence rendered as a number,draft-board,6625,Martin Emerson,CB,games_played,0,null,No 2025 published player-week or resolved snap rows; the endpoint emits the fallback rather than null.
3,source absence rendered as a number,draft-board,6625,Martin Emerson,CB,team_games,17,null,No 2025 published player-week or resolved snap rows; the endpoint emits the fallback rather than null.
3,source absence rendered as a number,draft-board,6639,Jack Endries,TE,games_played,0,null,No 2025 published player-week or resolved snap rows; the endpoint emits the fallback rather than null.
3,source absence rendered as a number,draft-board,6639,Jack Endries,TE,team_games,17,null,No 2025 published player-week or resolved snap rows; the endpoint emits the fallback rather than null.
3,source absence rendered as a number,draft-board,6795,Daylen Everette,CB,games_played,0,null,No 2025 published player-week or resolved snap rows; the endpoint emits the fallback rather than null.
3,source absence rendered as a number,draft-board,6795,Daylen Everette,CB,team_games,17,null,No 2025 published player-week or resolved snap rows; the endpoint emits the fallback rather than null.
3,source absence rendered as a number,draft-board,6812,Erik Ezukanma,WR,games_played,0,null,No 2025 published player-week or resolved snap rows; the endpoint emits the fallback rather than null.
3,source absence rendered as a number,draft-board,6812,Erik Ezukanma,WR,team_games,17,null,No 2025 published player-week or resolved snap rows; the endpoint emits the fallback rather than null.
3,source absence rendered as a number,draft-board,6873,Andrew Farmer,DE,games_played,0,null,No 2025 published player-week or resolved snap rows; the endpoint emits the fallback rather than null.
3,source absence rendered as a number,draft-board,6873,Andrew Farmer,DE,team_games,17,null,No 2025 published player-week or resolved snap rows; the endpoint emits the fallback rather than null.
3,source absence rendered as a number,draft-board,6921,Keldric Faulk,DE,games_played,0,null,No 2025 published player-week or resolved snap rows; the endpoint emits the fallback rather than null.
3,source absence rendered as a number,draft-board,6921,Keldric Faulk,DE,team_games,17,null,No 2025 published player-week or resolved snap rows; the endpoint emits the fallback rather than null.
3,source absence rendered as a number,draft-board,7064,Malachi Fields,WR,games_played,0,null,No 2025 published player-week or resolved snap rows; the endpoint emits the fallback rather than null.
3,source absence rendered as a number,draft-board,7064,Malachi Fields,WR,team_games,17,null,No 2025 published player-week or resolved snap rows; the endpoint emits the fallback rather than null.
3,source absence rendered as a number,draft-board,7065,Tony Fields II,LB,games_played,0,null,No 2025 published player-week or resolved snap rows; the endpoint emits the fallback rather than null.
3,source absence rendered as a number,draft-board,7065,Tony Fields II,LB,team_games,17,null,No 2025 published player-week or resolved snap rows; the endpoint emits the fallback rather than null.
3,source absence rendered as a number,draft-board,7085,AJ Finley,S,games_played,0,null,No 2025 published player-week or resolved snap rows; the endpoint emits the fallback rather than null.
3,source absence rendered as a number,draft-board,7085,AJ Finley,S,team_games,17,null,No 2025 published player-week or resolved snap rows; the endpoint emits the fallback rather than null.
3,source absence rendered as a number,draft-board,7105,Aiden Fisher,LB,games_played,0,null,No 2025 published player-week or resolved snap rows; the endpoint emits the fallback rather than null.
3,source absence rendered as a number,draft-board,7105,Aiden Fisher,LB,team_games,17,null,No 2025 published player-week or resolved snap rows; the endpoint emits the fallback rather than null.
3,source absence rendered as a number,draft-board,7320,Darrick Forrest,S,games_played,0,null,No 2025 published player-week or resolved snap rows; the endpoint emits the fallback rather than null.
3,source absence rendered as a number,draft-board,7320,Darrick Forrest,S,team_games,17,null,No 2025 published player-week or resolved snap rows; the endpoint emits the fallback rather than null.
3,source absence rendered as a number,draft-board,7594,Andre Fuller,CB,games_played,0,null,No 2025 published player-week or resolved snap rows; the endpoint emits the fallback rather than null.
3,source absence rendered as a number,draft-board,7594,Andre Fuller,CB,team_games,17,null,No 2025 published player-week or resolved snap rows; the endpoint emits the fallback rather than null.
3,source absence rendered as a number,draft-board,7629,Tyrek Funderburk,CB,games_played,0,null,No 2025 published player-week or resolved snap rows; the endpoint emits the fallback rather than null.
3,source absence rendered as a number,draft-board,7629,Tyrek Funderburk,CB,team_games,17,null,No 2025 published player-week or resolved snap rows; the endpoint emits the fallback rather than null.
3,source absence rendered as a number,draft-board,7669,Amari Gainer,LB,games_played,0,null,No 2025 published player-week or resolved snap rows; the endpoint emits the fallback rather than null.
3,source absence rendered as a number,draft-board,7669,Amari Gainer,LB,team_games,17,null,No 2025 published player-week or resolved snap rows; the endpoint emits the fallback rather than null.
3,source absence rendered as a number,draft-board,7836,Jonathan Garvin,DE,games_played,0,null,No 2025 published player-week or resolved snap rows; the endpoint emits the fallback rather than null.
3,source absence rendered as a number,draft-board,7836,Jonathan Garvin,DE,team_games,17,null,No 2025 published player-week or resolved snap rows; the endpoint emits the fallback rather than null.
3,source absence rendered as a number,draft-board,8041,Skyler Gill-Howard,DT,games_played,0,null,No 2025 published player-week or resolved snap rows; the endpoint emits the fallback rather than null.
3,source absence rendered as a number,draft-board,8041,Skyler Gill-Howard,DT,team_games,17,null,No 2025 published player-week or resolved snap rows; the endpoint emits the fallback rather than null.
3,source absence rendered as a number,draft-board,8172,Jake Golday,LB,games_played,0,null,No 2025 published player-week or resolved snap rows; the endpoint emits the fallback rather than null.
3,source absence rendered as a number,draft-board,8172,Jake Golday,LB,team_games,17,null,No 2025 published player-week or resolved snap rows; the endpoint emits the fallback rather than null.
3,source absence rendered as a number,draft-board,8286,Frank Gore Jr.,RB,games_played,0,null,No 2025 published player-week or resolved snap rows; the endpoint emits the fallback rather than null.
3,source absence rendered as a number,draft-board,8286,Frank Gore Jr.,RB,team_games,17,null,No 2025 published player-week or resolved snap rows; the endpoint emits the fallback rather than null.
3,source absence rendered as a number,draft-board,8427,Danny Gray,WR,games_played,0,null,No 2025 published player-week or resolved snap rows; the endpoint emits the fallback rather than null.
3,source absence rendered as a number,draft-board,8427,Danny Gray,WR,team_games,17,null,No 2025 published player-week or resolved snap rows; the endpoint emits the fallback rather than null.
3,source absence rendered as a number,draft-board,8545,Taylen Green,QB,games_played,0,null,No 2025 published player-week or resolved snap rows; the endpoint emits the fallback rather than null.
3,source absence rendered as a number,draft-board,8545,Taylen Green,QB,team_games,17,null,No 2025 published player-week or resolved snap rows; the endpoint emits the fallback rather than null.
3,source absence rendered as a number,draft-board,8762,George Gumbs Jr.,LB,games_played,0,null,No 2025 published player-week or resolved snap rows; the endpoint emits the fallback rather than null.
3,source absence rendered as a number,draft-board,8762,George Gumbs Jr.,LB,team_games,17,null,No 2025 published player-week or resolved snap rows; the endpoint emits the fallback rather than null.
3,source absence rendered as a number,draft-board,8857,Kahlef Hailassie,S,games_played,0,null,No 2025 published player-week or resolved snap rows; the endpoint emits the fallback rather than null.
3,source absence rendered as a number,draft-board,8857,Kahlef Hailassie,S,team_games,17,null,No 2025 published player-week or resolved snap rows; the endpoint emits the fallback rather than null.
3,source absence rendered as a number,draft-board,8925,Gabe Hall,DT,games_played,0,null,No 2025 published player-week or resolved snap rows; the endpoint emits the fallback rather than null.
3,source absence rendered as a number,draft-board,8925,Gabe Hall,DT,team_games,17,null,No 2025 published player-week or resolved snap rows; the endpoint emits the fallback rather than null.
3,source absence rendered as a number,draft-board,8959,TJ Hall,CB,games_played,0,null,No 2025 published player-week or resolved snap rows; the endpoint emits the fallback rather than null.
3,source absence rendered as a number,draft-board,8959,TJ Hall,CB,team_games,17,null,No 2025 published player-week or resolved snap rows; the endpoint emits the fallback rather than null.
3,source absence rendered as a number,draft-board,8973,Gracen Halton,DT,games_played,0,null,No 2025 published player-week or resolved snap rows; the endpoint emits the fallback rather than null.
3,source absence rendered as a number,draft-board,8973,Gracen Halton,DT,team_games,17,null,No 2025 published player-week or resolved snap rows; the endpoint emits the fallback rather than null.
3,source absence rendered as a number,draft-board,9006,Kyonte Hamilton,DT,games_played,0,null,No 2025 published player-week or resolved snap rows; the endpoint emits the fallback rather than null.
3,source absence rendered as a number,draft-board,9006,Kyonte Hamilton,DT,team_games,17,null,No 2025 published player-week or resolved snap rows; the endpoint emits the fallback rather than null.
3,source absence rendered as a number,draft-board,9167,Daequan Hardy,CB,games_played,0,null,No 2025 published player-week or resolved snap rows; the endpoint emits the fallback rather than null.
3,source absence rendered as a number,draft-board,9167,Daequan Hardy,CB,team_games,17,null,No 2025 published player-week or resolved snap rows; the endpoint emits the fallback rather than null.
3,source absence rendered as a number,draft-board,9344,Marcus Harris,DT,games_played,0,null,No 2025 published player-week or resolved snap rows; the endpoint emits the fallback rather than null.
3,source absence rendered as a number,draft-board,9344,Marcus Harris,DT,team_games,17,null,No 2025 published player-week or resolved snap rows; the endpoint emits the fallback rather than null.
3,source absence rendered as a number,draft-board,9513,Ahmed Hassanein,DE,games_played,0,null,No 2025 published player-week or resolved snap rows; the endpoint emits the fallback rather than null.
3,source absence rendered as a number,draft-board,9513,Ahmed Hassanein,DE,team_games,17,null,No 2025 published player-week or resolved snap rows; the endpoint emits the fallback rather than null.
3,source absence rendered as a number,draft-board,9540,A.J. Haulcy,S,games_played,0,null,No 2025 published player-week or resolved snap rows; the endpoint emits the fallback rather than null.
3,source absence rendered as a number,draft-board,9540,A.J. Haulcy,S,team_games,17,null,No 2025 published player-week or resolved snap rows; the endpoint emits the fallback rather than null.
3,source absence rendered as a number,draft-board,9593,Matthew Hayball,P,games_played,0,null,No 2025 published player-week or resolved snap rows; the endpoint emits the fallback rather than null.
3,source absence rendered as a number,draft-board,9593,Matthew Hayball,P,team_games,17,null,No 2025 published player-week or resolved snap rows; the endpoint emits the fallback rather than null.
3,source absence rendered as a number,draft-board,9703,Eli Heidenreich,RB,games_played,0,null,No 2025 published player-week or resolved snap rows; the endpoint emits the fallback rather than null.
3,source absence rendered as a number,draft-board,9703,Eli Heidenreich,RB,games_played,0,null,No 2025 published player-week or resolved snap rows; the endpoint emits the fallback rather than null.
3,source absence rendered as a number,draft-board,9703,Eli Heidenreich,RB,team_games,17,null,No 2025 published player-week or resolved snap rows; the endpoint emits the fallback rather than null.
3,source absence rendered as a number,draft-board,9703,Eli Heidenreich,RB,team_games,17,null,No 2025 published player-week or resolved snap rows; the endpoint emits the fallback rather than null.
3,source absence rendered as a number,draft-board,9704,Romello Height,DE,games_played,0,null,No 2025 published player-week or resolved snap rows; the endpoint emits the fallback rather than null.
3,source absence rendered as a number,draft-board,9704,Romello Height,DE,team_games,17,null,No 2025 published player-week or resolved snap rows; the endpoint emits the fallback rather than null.
3,source absence rendered as a number,draft-board,9752,Emmanuel Henderson Jr.,WR,games_played,0,null,No 2025 published player-week or resolved snap rows; the endpoint emits the fallback rather than null.
3,source absence rendered as a number,draft-board,9752,Emmanuel Henderson Jr.,WR,team_games,17,null,No 2025 published player-week or resolved snap rows; the endpoint emits the fallback rather than null.
3,source absence rendered as a number,draft-board,9810,Matt Henningsen,DE,games_played,0,null,No 2025 published player-week or resolved snap rows; the endpoint emits the fallback rather than null.
3,source absence rendered as a number,draft-board,9810,Matt Henningsen,DE,team_games,17,null,No 2025 published player-week or resolved snap rows; the endpoint emits the fallback rather than null.
3,source absence rendered as a number,draft-board,9927,Matthew Hibner,TE,games_played,0,null,No 2025 published player-week or resolved snap rows; the endpoint emits the fallback rather than null.
3,source absence rendered as a number,draft-board,9927,Matthew Hibner,TE,team_games,17,null,No 2025 published player-week or resolved snap rows; the endpoint emits the fallback rather than null.
3,source absence rendered as a number,draft-board,9993,Anthony Hill Jr.,LB,games_played,0,null,No 2025 published player-week or resolved snap rows; the endpoint emits the fallback rather than null.
3,source absence rendered as a number,draft-board,9993,Anthony Hill Jr.,LB,team_games,17,null,No 2025 published player-week or resolved snap rows; the endpoint emits the fallback rather than null.
3,source absence rendered as a number,draft-board,10235,Jimmy Holiday,WR,games_played,0,null,No 2025 published player-week or resolved snap rows; the endpoint emits the fallback rather than null.
3,source absence rendered as a number,draft-board,10235,Jimmy Holiday,WR,team_games,17,null,No 2025 published player-week or resolved snap rows; the endpoint emits the fallback rather than null.
3,source absence rendered as a number,draft-board,10354,Colton Hood,CB,games_played,0,null,No 2025 published player-week or resolved snap rows; the endpoint emits the fallback rather than null.
3,source absence rendered as a number,draft-board,10354,Colton Hood,CB,team_games,17,null,No 2025 published player-week or resolved snap rows; the endpoint emits the fallback rather than null.
3,source absence rendered as a number,draft-board,10365,Hendon Hooker,QB,games_played,0,null,No 2025 published player-week or resolved snap rows; the endpoint emits the fallback rather than null.
3,source absence rendered as a number,draft-board,10365,Hendon Hooker,QB,team_games,17,null,No 2025 published player-week or resolved snap rows; the endpoint emits the fallback rather than null.
3,source absence rendered as a number,draft-board,10416,Timmy Horne,DT,games_played,0,null,No 2025 published player-week or resolved snap rows; the endpoint emits the fallback rather than null.
3,source absence rendered as a number,draft-board,10416,Timmy Horne,DT,team_games,17,null,No 2025 published player-week or resolved snap rows; the endpoint emits the fallback rather than null.
3,source absence rendered as a number,draft-board,10420,Cam Horsley,DT,games_played,0,null,No 2025 published player-week or resolved snap rows; the endpoint emits the fallback rather than null.
3,source absence rendered as a number,draft-board,10420,Cam Horsley,DT,team_games,17,null,No 2025 published player-week or resolved snap rows; the endpoint emits the fallback rather than null.
3,source absence rendered as a number,draft-board,10432,Zach Horton,TE,games_played,0,null,No 2025 published player-week or resolved snap rows; the endpoint emits the fallback rather than null.
3,source absence rendered as a number,draft-board,10432,Zach Horton,TE,team_games,17,null,No 2025 published player-week or resolved snap rows; the endpoint emits the fallback rather than null.
3,source absence rendered as a number,draft-board,10456,Dennis Houston,WR,games_played,0,null,No 2025 published player-week or resolved snap rows; the endpoint emits the fallback rather than null.
3,source absence rendered as a number,draft-board,10456,Dennis Houston,WR,team_games,17,null,No 2025 published player-week or resolved snap rows; the endpoint emits the fallback rather than null.
3,source absence rendered as a number,draft-board,10506,Will Howard,QB,games_played,0,null,No 2025 published player-week or resolved snap rows; the endpoint emits the fallback rather than null.
3,source absence rendered as a number,draft-board,10506,Will Howard,QB,team_games,17,null,No 2025 published player-week or resolved snap rows; the endpoint emits the fallback rather than null.
3,source absence rendered as a number,draft-board,10513,Cashius Howell,DE,games_played,0,null,No 2025 published player-week or resolved snap rows; the endpoint emits the fallback rather than null.
3,source absence rendered as a number,draft-board,10513,Cashius Howell,DE,team_games,17,null,No 2025 published player-week or resolved snap rows; the endpoint emits the fallback rather than null.
3,source absence rendered as a number,draft-board,10522,Sam Howell,QB,games_played,0,null,No 2025 published player-week or resolved snap rows; the endpoint emits the fallback rather than null.
3,source absence rendered as a number,draft-board,10522,Sam Howell,QB,team_games,17,null,No 2025 published player-week or resolved snap rows; the endpoint emits the fallback rather than null.
3,source absence rendered as a number,draft-board,10614,Parker Hughes,LB,games_played,0,null,No 2025 published player-week or resolved snap rows; the endpoint emits the fallback rather than null.
3,source absence rendered as a number,draft-board,10614,Parker Hughes,LB,team_games,17,null,No 2025 published player-week or resolved snap rows; the endpoint emits the fallback rather than null.
3,source absence rendered as a number,draft-board,10708,Lee Hunter,DT,games_played,0,null,No 2025 published player-week or resolved snap rows; the endpoint emits the fallback rather than null.
3,source absence rendered as a number,draft-board,10708,Lee Hunter,DT,team_games,17,null,No 2025 published player-week or resolved snap rows; the endpoint emits the fallback rather than null.
3,source absence rendered as a number,draft-board,10742,Ted Hurst III,WR,games_played,0,null,No 2025 published player-week or resolved snap rows; the endpoint emits the fallback rather than null.
3,source absence rendered as a number,draft-board,10742,Ted Hurst III,WR,team_games,17,null,No 2025 published player-week or resolved snap rows; the endpoint emits the fallback rather than null.
3,source absence rendered as a number,draft-board,10747,Jalen Huskey,S,games_played,0,null,No 2025 published player-week or resolved snap rows; the endpoint emits the fallback rather than null.
3,source absence rendered as a number,draft-board,10747,Jalen Huskey,S,team_games,17,null,No 2025 published player-week or resolved snap rows; the endpoint emits the fallback rather than null.
3,source absence rendered as a number,draft-board,10753,Quintayvious Hutchins,LB,games_played,0,null,No 2025 published player-week or resolved snap rows; the endpoint emits the fallback rather than null.
3,source absence rendered as a number,draft-board,10753,Quintayvious Hutchins,LB,team_games,17,null,No 2025 published player-week or resolved snap rows; the endpoint emits the fallback rather than null.
3,source absence rendered as a number,draft-board,10794,Davison Igbinosun,CB,games_played,0,null,No 2025 published player-week or resolved snap rows; the endpoint emits the fallback rather than null.
3,source absence rendered as a number,draft-board,10794,Davison Igbinosun,CB,team_games,17,null,No 2025 published player-week or resolved snap rows; the endpoint emits the fallback rather than null.
3,source absence rendered as a number,draft-board,10876,Adisa Isaac,LB,games_played,0,null,No 2025 published player-week or resolved snap rows; the endpoint emits the fallback rather than null.
3,source absence rendered as a number,draft-board,10876,Adisa Isaac,LB,team_games,17,null,No 2025 published player-week or resolved snap rows; the endpoint emits the fallback rather than null.
3,source absence rendered as a number,draft-board,10926,Gabe Jacas,LB,games_played,0,null,No 2025 published player-week or resolved snap rows; the endpoint emits the fallback rather than null.
3,source absence rendered as a number,draft-board,10926,Gabe Jacas,LB,team_games,17,null,No 2025 published player-week or resolved snap rows; the endpoint emits the fallback rather than null.
3,source absence rendered as a number,draft-board,10977,Dan Jackson,S,games_played,0,null,No 2025 published player-week or resolved snap rows; the endpoint emits the fallback rather than null.
3,source absence rendered as a number,draft-board,10977,Dan Jackson,S,team_games,17,null,No 2025 published player-week or resolved snap rows; the endpoint emits the fallback rather than null.
3,source absence rendered as a number,draft-board,10980,Darrell Jackson Jr.,DT,games_played,0,null,No 2025 published player-week or resolved snap rows; the endpoint emits the fallback rather than null.
3,source absence rendered as a number,draft-board,10980,Darrell Jackson Jr.,DT,team_games,17,null,No 2025 published player-week or resolved snap rows; the endpoint emits the fallback rather than null.
3,source absence rendered as a number,draft-board,10987,Domani Jackson,CB,games_played,0,null,No 2025 published player-week or resolved snap rows; the endpoint emits the fallback rather than null.
3,source absence rendered as a number,draft-board,10987,Domani Jackson,CB,team_games,17,null,No 2025 published player-week or resolved snap rows; the endpoint emits the fallback rather than null.
3,source absence rendered as a number,draft-board,11021,Jha'Quan Jackson,WR,games_played,0,null,No 2025 published player-week or resolved snap rows; the endpoint emits the fallback rather than null.
3,source absence rendered as a number,draft-board,11021,Jha'Quan Jackson,WR,team_games,17,null,No 2025 published player-week or resolved snap rows; the endpoint emits the fallback rather than null.
3,source absence rendered as a number,draft-board,11198,Keyshawn James-Newby,LB,games_played,0,null,No 2025 published player-week or resolved snap rows; the endpoint emits the fallback rather than null.
3,source absence rendered as a number,draft-board,11198,Keyshawn James-Newby,LB,team_games,17,null,No 2025 published player-week or resolved snap rows; the endpoint emits the fallback rather than null.
3,source absence rendered as a number,draft-board,11207,Bobby Jamison-Travis,DT,games_played,0,null,No 2025 published player-week or resolved snap rows; the endpoint emits the fallback rather than null.
3,source absence rendered as a number,draft-board,11207,Bobby Jamison-Travis,DT,team_games,17,null,No 2025 published player-week or resolved snap rows; the endpoint emits the fallback rather than null.
3,source absence rendered as a number,draft-board,11252,Shemar Jean-Charles,CB,games_played,0,null,No 2025 published player-week or resolved snap rows; the endpoint emits the fallback rather than null.
3,source absence rendered as a number,draft-board,11252,Shemar Jean-Charles,CB,team_games,17,null,No 2025 published player-week or resolved snap rows; the endpoint emits the fallback rather than null.
3,source absence rendered as a number,draft-board,11275,Justin Jefferson,LB,games_played,0,null,No 2025 published player-week or resolved snap rows; the endpoint emits the fallback rather than null.
3,source absence rendered as a number,draft-board,11275,Justin Jefferson,LB,team_games,17,null,No 2025 published player-week or resolved snap rows; the endpoint emits the fallback rather than null.
3,source absence rendered as a number,draft-board,11454,Anthony Johnson Jr.,S,games_played,0,null,No 2025 published player-week or resolved snap rows; the endpoint emits the fallback rather than null.
3,source absence rendered as a number,draft-board,11454,Anthony Johnson Jr.,S,team_games,17,null,No 2025 published player-week or resolved snap rows; the endpoint emits the fallback rather than null.
3,source absence rendered as a number,draft-board,11456,Chris Johnson,CB,games_played,0,null,No 2025 published player-week or resolved snap rows; the endpoint emits the fallback rather than null.
3,source absence rendered as a number,draft-board,11456,Chris Johnson,CB,team_games,17,null,No 2025 published player-week or resolved snap rows; the endpoint emits the fallback rather than null.
3,source absence rendered as a number,draft-board,11471,Brandon Johnson,WR,games_played,0,null,No 2025 published player-week or resolved snap rows; the endpoint emits the fallback rather than null.
3,source absence rendered as a number,draft-board,11471,Brandon Johnson,WR,team_games,17,null,No 2025 published player-week or resolved snap rows; the endpoint emits the fallback rather than null.
3,source absence rendered as a number,draft-board,11514,Cornelius Johnson,WR,games_played,0,null,No 2025 published player-week or resolved snap rows; the endpoint emits the fallback rather than null.
3,source absence rendered as a number,draft-board,11514,Cornelius Johnson,WR,team_games,17,null,No 2025 published player-week or resolved snap rows; the endpoint emits the fallback rather than null.
3,source absence rendered as a number,draft-board,11521,Dalton Johnson,S,games_played,0,null,No 2025 published player-week or resolved snap rows; the endpoint emits the fallback rather than null.
3,source absence rendered as a number,draft-board,11521,Dalton Johnson,S,team_games,17,null,No 2025 published player-week or resolved snap rows; the endpoint emits the fallback rather than null.
3,source absence rendered as a number,draft-board,11574,Emmett Johnson,RB,games_played,0,null,No 2025 published player-week or resolved snap rows; the endpoint emits the fallback rather than null.
3,source absence rendered as a number,draft-board,11574,Emmett Johnson,RB,team_games,17,null,No 2025 published player-week or resolved snap rows; the endpoint emits the fallback rather than null.
3,source absence rendered as a number,draft-board,11847,Justin Joly,TE,games_played,0,null,No 2025 published player-week or resolved snap rows; the endpoint emits the fallback rather than null.
3,source absence rendered as a number,draft-board,11847,Justin Joly,TE,team_games,17,null,No 2025 published player-week or resolved snap rows; the endpoint emits the fallback rather than null.
3,source absence rendered as a number,draft-board,12168,Brevin Jordan,TE,games_played,0,null,No 2025 published player-week or resolved snap rows; the endpoint emits the fallback rather than null.
3,source absence rendered as a number,draft-board,12168,Brevin Jordan,TE,team_games,17,null,No 2025 published player-week or resolved snap rows; the endpoint emits the fallback rather than null.
3,source absence rendered as a number,draft-board,12223,Joshua Josephs,LB,games_played,0,null,No 2025 published player-week or resolved snap rows; the endpoint emits the fallback rather than null.
3,source absence rendered as a number,draft-board,12223,Joshua Josephs,LB,team_games,17,null,No 2025 published player-week or resolved snap rows; the endpoint emits the fallback rather than null.
3,source absence rendered as a number,draft-board,12274,Will Kacmarek,TE,games_played,0,null,No 2025 published player-week or resolved snap rows; the endpoint emits the fallback rather than null.
3,source absence rendered as a number,draft-board,12274,Will Kacmarek,TE,team_games,17,null,No 2025 published player-week or resolved snap rows; the endpoint emits the fallback rather than null.
3,source absence rendered as a number,draft-board,12295,Athan Kaliakmanis,QB,games_played,0,null,No 2025 published player-week or resolved snap rows; the endpoint emits the fallback rather than null.
3,source absence rendered as a number,draft-board,12295,Athan Kaliakmanis,QB,team_games,17,null,No 2025 published player-week or resolved snap rows; the endpoint emits the fallback rather than null.
3,source absence rendered as a number,draft-board,12317,Jaren Kanak,TE,games_played,0,null,No 2025 published player-week or resolved snap rows; the endpoint emits the fallback rather than null.
3,source absence rendered as a number,draft-board,12317,Jaren Kanak,TE,team_games,17,null,No 2025 published player-week or resolved snap rows; the endpoint emits the fallback rather than null.
3,source absence rendered as a number,draft-board,12389,Tim Keenan III,DT,games_played,0,null,No 2025 published player-week or resolved snap rows; the endpoint emits the fallback rather than null.
3,source absence rendered as a number,draft-board,12389,Tim Keenan III,DT,team_games,17,null,No 2025 published player-week or resolved snap rows; the endpoint emits the fallback rather than null.
3,source absence rendered as a number,draft-board,12394,Case Keenum,QB,games_played,0,null,No 2025 published player-week or resolved snap rows; the endpoint emits the fallback rather than null.
3,source absence rendered as a number,draft-board,12394,Case Keenum,QB,team_games,17,null,No 2025 published player-week or resolved snap rows; the endpoint emits the fallback rather than null.
3,source absence rendered as a number,draft-board,12446,Jack Kelly,LB,games_played,0,null,No 2025 published player-week or resolved snap rows; the endpoint emits the fallback rather than null.
3,source absence rendered as a number,draft-board,12446,Jack Kelly,LB,team_games,17,null,No 2025 published player-week or resolved snap rows; the endpoint emits the fallback rather than null.
3,source absence rendered as a number,draft-board,12515,Donte Kent,CB,games_played,0,null,No 2025 published player-week or resolved snap rows; the endpoint emits the fallback rather than null.
3,source absence rendered as a number,draft-board,12515,Donte Kent,CB,team_games,17,null,No 2025 published player-week or resolved snap rows; the endpoint emits the fallback rather than null.
3,source absence rendered as a number,draft-board,12581,Jalon Kilgore,S,games_played,0,null,No 2025 published player-week or resolved snap rows; the endpoint emits the fallback rather than null.
3,source absence rendered as a number,draft-board,12581,Jalon Kilgore,S,team_games,17,null,No 2025 published player-week or resolved snap rows; the endpoint emits the fallback rather than null.
3,source absence rendered as a number,draft-board,12725,Max Klare,TE,games_played,0,null,No 2025 published player-week or resolved snap rows; the endpoint emits the fallback rather than null.
3,source absence rendered as a number,draft-board,12725,Max Klare,TE,team_games,17,null,No 2025 published player-week or resolved snap rows; the endpoint emits the fallback rather than null.
3,source absence rendered as a number,draft-board,12730,Marlin Klein,TE,games_played,0,null,No 2025 published player-week or resolved snap rows; the endpoint emits the fallback rather than null.
3,source absence rendered as a number,draft-board,12730,Marlin Klein,TE,team_games,17,null,No 2025 published player-week or resolved snap rows; the endpoint emits the fallback rather than null.
3,source absence rendered as a number,draft-board,12747,Cade Klubnik,QB,games_played,0,null,No 2025 published player-week or resolved snap rows; the endpoint emits the fallback rather than null.
3,source absence rendered as a number,draft-board,12747,Cade Klubnik,QB,team_games,17,null,No 2025 published player-week or resolved snap rows; the endpoint emits the fallback rather than null.
3,source absence rendered as a number,draft-board,12767,Qwuantrezz Knight,S,games_played,0,null,No 2025 published player-week or resolved snap rows; the endpoint emits the fallback rather than null.
3,source absence rendered as a number,draft-board,12767,Qwuantrezz Knight,S,team_games,17,null,No 2025 published player-week or resolved snap rows; the endpoint emits the fallback rather than null.
3,source absence rendered as a number,draft-board,12811,Kader Kohou,CB,games_played,0,null,No 2025 published player-week or resolved snap rows; the endpoint emits the fallback rather than null.
3,source absence rendered as a number,draft-board,12811,Kader Kohou,CB,team_games,17,null,No 2025 published player-week or resolved snap rows; the endpoint emits the fallback rather than null.
3,source absence rendered as a number,draft-board,12826,Bilhal Kone,CB,games_played,0,null,No 2025 published player-week or resolved snap rows; the endpoint emits the fallback rather than null.
3,source absence rendered as a number,draft-board,12826,Bilhal Kone,CB,team_games,17,null,No 2025 published player-week or resolved snap rows; the endpoint emits the fallback rather than null.
3,source absence rendered as a number,draft-board,12869,Tanner Koziol,TE,games_played,0,null,No 2025 published player-week or resolved snap rows; the endpoint emits the fallback rather than null.
3,source absence rendered as a number,draft-board,12869,Tanner Koziol,TE,team_games,17,null,No 2025 published player-week or resolved snap rows; the endpoint emits the fallback rather than null.
3,source absence rendered as a number,draft-board,12969,Jackson Kuwatch,LB,games_played,0,null,No 2025 published player-week or resolved snap rows; the endpoint emits the fallback rather than null.
3,source absence rendered as a number,draft-board,12969,Jackson Kuwatch,LB,team_games,17,null,No 2025 published player-week or resolved snap rows; the endpoint emits the fallback rather than null.
3,source absence rendered as a number,draft-board,13009,Luke Lachey,TE,games_played,0,null,No 2025 published player-week or resolved snap rows; the endpoint emits the fallback rather than null.
3,source absence rendered as a number,draft-board,13009,Luke Lachey,TE,team_games,17,null,No 2025 published player-week or resolved snap rows; the endpoint emits the fallback rather than null.
3,source absence rendered as a number,draft-board,13062,Bryce Lance,WR,games_played,0,null,No 2025 published player-week or resolved snap rows; the endpoint emits the fallback rather than null.
3,source absence rendered as a number,draft-board,13062,Bryce Lance,WR,team_games,17,null,No 2025 published player-week or resolved snap rows; the endpoint emits the fallback rather than null.
3,source absence rendered as a number,draft-board,13092,Ja'Kobi Lane,WR,games_played,0,null,No 2025 published player-week or resolved snap rows; the endpoint emits the fallback rather than null.
3,source absence rendered as a number,draft-board,13092,Ja'Kobi Lane,WR,team_games,17,null,No 2025 published player-week or resolved snap rows; the endpoint emits the fallback rather than null.
3,source absence rendered as a number,draft-board,13135,Lan Larison,RB,games_played,0,null,No 2025 published player-week or resolved snap rows; the endpoint emits the fallback rather than null.
3,source absence rendered as a number,draft-board,13135,Lan Larison,RB,team_games,17,null,No 2025 published player-week or resolved snap rows; the endpoint emits the fallback rather than null.
3,source absence rendered as a number,draft-board,13210,Kendrick Law,WR,games_played,0,null,No 2025 published player-week or resolved snap rows; the endpoint emits the fallback rather than null.
3,source absence rendered as a number,draft-board,13210,Kendrick Law,WR,team_games,17,null,No 2025 published player-week or resolved snap rows; the endpoint emits the fallback rather than null.
3,source absence rendered as a number,draft-board,13225,Malachi Lawrence,LB,games_played,0,null,No 2025 published player-week or resolved snap rows; the endpoint emits the fallback rather than null.
3,source absence rendered as a number,draft-board,13225,Malachi Lawrence,LB,team_games,17,null,No 2025 published player-week or resolved snap rows; the endpoint emits the fallback rather than null.
3,source absence rendered as a number,draft-board,13356,Will Lee III,CB,games_played,0,null,No 2025 published player-week or resolved snap rows; the endpoint emits the fallback rather than null.
3,source absence rendered as a number,draft-board,13356,Will Lee III,CB,team_games,17,null,No 2025 published player-week or resolved snap rows; the endpoint emits the fallback rather than null.
3,source absence rendered as a number,draft-board,13397,Makai Lemon,WR,games_played,0,null,No 2025 published player-week or resolved snap rows; the endpoint emits the fallback rather than null.
3,source absence rendered as a number,draft-board,13397,Makai Lemon,WR,team_games,17,null,No 2025 published player-week or resolved snap rows; the endpoint emits the fallback rather than null.
3,source absence rendered as a number,draft-board,13453,Will Levis,QB,games_played,0,null,No 2025 published player-week or resolved snap rows; the endpoint emits the fallback rather than null.
3,source absence rendered as a number,draft-board,13453,Will Levis,QB,team_games,17,null,No 2025 published player-week or resolved snap rows; the endpoint emits the fallback rather than null.
3,source absence rendered as a number,draft-board,13648,Max Llewellyn,DE,games_played,0,null,No 2025 published player-week or resolved snap rows; the endpoint emits the fallback rather than null.
3,source absence rendered as a number,draft-board,13648,Max Llewellyn,DE,team_games,17,null,No 2025 published player-week or resolved snap rows; the endpoint emits the fallback rather than null.
3,source absence rendered as a number,draft-board,13657,MarShawn Lloyd,RB,games_played,0,null,No 2025 published player-week or resolved snap rows; the endpoint emits the fallback rather than null.
3,source absence rendered as a number,draft-board,13657,MarShawn Lloyd,RB,team_games,17,null,No 2025 published player-week or resolved snap rows; the endpoint emits the fallback rather than null.
3,source absence rendered as a number,draft-board,13705,Caleb Lohner,TE,games_played,0,null,No 2025 published player-week or resolved snap rows; the endpoint emits the fallback rather than null.
3,source absence rendered as a number,draft-board,13705,Caleb Lohner,TE,team_games,17,null,No 2025 published player-week or resolved snap rows; the endpoint emits the fallback rather than null.
3,source absence rendered as a number,draft-board,13751,Robert Longerbeam,CB,games_played,0,null,No 2025 published player-week or resolved snap rows; the endpoint emits the fallback rather than null.
3,source absence rendered as a number,draft-board,13751,Robert Longerbeam,CB,team_games,17,null,No 2025 published player-week or resolved snap rows; the endpoint emits the fallback rather than null.
3,source absence rendered as a number,draft-board,13790,Kyle Louis,LB,games_played,0,null,No 2025 published player-week or resolved snap rows; the endpoint emits the fallback rather than null.
3,source absence rendered as a number,draft-board,13790,Kyle Louis,LB,team_games,17,null,No 2025 published player-week or resolved snap rows; the endpoint emits the fallback rather than null.
3,source absence rendered as a number,draft-board,13803,Jeremiyah Love,RB,games_played,0,null,No 2025 published player-week or resolved snap rows; the endpoint emits the fallback rather than null.
3,source absence rendered as a number,draft-board,13803,Jeremiyah Love,RB,team_games,17,null,No 2025 published player-week or resolved snap rows; the endpoint emits the fallback rather than null.
3,source absence rendered as a number,draft-board,13839,Dean Lowry,DT,games_played,0,null,No 2025 published player-week or resolved snap rows; the endpoint emits the fallback rather than null.
3,source absence rendered as a number,draft-board,13839,Dean Lowry,DT,team_games,17,null,No 2025 published player-week or resolved snap rows; the endpoint emits the fallback rather than null.
3,source absence rendered as a number,draft-board,13886,Jesse Luketa,LB,games_played,0,null,No 2025 published player-week or resolved snap rows; the endpoint emits the fallback rather than null.
3,source absence rendered as a number,draft-board,13886,Jesse Luketa,LB,team_games,17,null,No 2025 published player-week or resolved snap rows; the endpoint emits the fallback rather than null.
3,source absence rendered as a number,draft-board,14244,Jackie Marshall,DT,games_played,0,null,No 2025 published player-week or resolved snap rows; the endpoint emits the fallback rather than null.
3,source absence rendered as a number,draft-board,14244,Jackie Marshall,DT,team_games,17,null,No 2025 published player-week or resolved snap rows; the endpoint emits the fallback rather than null.
3,source absence rendered as a number,draft-board,14260,Terrace Marshall Jr.,WR,games_played,0,null,No 2025 published player-week or resolved snap rows; the endpoint emits the fallback rather than null.
3,source absence rendered as a number,draft-board,14260,Terrace Marshall Jr.,WR,team_games,17,null,No 2025 published player-week or resolved snap rows; the endpoint emits the fallback rather than null.
3,source absence rendered as a number,draft-board,14342,Damien Martinez,RB,games_played,0,null,No 2025 published player-week or resolved snap rows; the endpoint emits the fallback rather than null.
3,source absence rendered as a number,draft-board,14342,Damien Martinez,RB,team_games,17,null,No 2025 published player-week or resolved snap rows; the endpoint emits the fallback rather than null.
3,source absence rendered as a number,draft-board,14374,Hezekiah Masses,CB,games_played,0,null,No 2025 published player-week or resolved snap rows; the endpoint emits the fallback rather than null.
3,source absence rendered as a number,draft-board,14374,Hezekiah Masses,CB,team_games,17,null,No 2025 published player-week or resolved snap rows; the endpoint emits the fallback rather than null.
3,source absence rendered as a number,draft-board,14404,Damarri Mathis,CB,games_played,0,null,No 2025 published player-week or resolved snap rows; the endpoint emits the fallback rather than null.
3,source absence rendered as a number,draft-board,14404,Damarri Mathis,CB,team_games,17,null,No 2025 published player-week or resolved snap rows; the endpoint emits the fallback rather than null.
3,source absence rendered as a number,draft-board,14590,Tanner McCalister,S,games_played,0,null,No 2025 published player-week or resolved snap rows; the endpoint emits the fallback rather than null.
3,source absence rendered as a number,draft-board,14590,Tanner McCalister,S,team_games,17,null,No 2025 published player-week or resolved snap rows; the endpoint emits the fallback rather than null.
3,source absence rendered as a number,draft-board,14637,Chris McClellan,DT,games_played,0,null,No 2025 published player-week or resolved snap rows; the endpoint emits the fallback rather than null.
3,source absence rendered as a number,draft-board,14637,Chris McClellan,DT,team_games,17,null,No 2025 published player-week or resolved snap rows; the endpoint emits the fallback rather than null.
3,source absence rendered as a number,draft-board,14678,Kyle McCord,QB,games_played,0,null,No 2025 published player-week or resolved snap rows; the endpoint emits the fallback rather than null.
3,source absence rendered as a number,draft-board,14678,Kyle McCord,QB,team_games,17,null,No 2025 published player-week or resolved snap rows; the endpoint emits the fallback rather than null.
3,source absence rendered as a number,draft-board,14681,Sincere McCormick,RB,games_played,0,null,No 2025 published player-week or resolved snap rows; the endpoint emits the fallback rather than null.
3,source absence rendered as a number,draft-board,14681,Sincere McCormick,RB,team_games,17,null,No 2025 published player-week or resolved snap rows; the endpoint emits the fallback rather than null.
3,source absence rendered as a number,draft-board,14695,Jermod McCoy,CB,games_played,0,null,No 2025 published player-week or resolved snap rows; the endpoint emits the fallback rather than null.
3,source absence rendered as a number,draft-board,14695,Jermod McCoy,CB,team_games,17,null,No 2025 published player-week or resolved snap rows; the endpoint emits the fallback rather than null.
3,source absence rendered as a number,draft-board,14782,Kayden McDonald,DT,games_played,0,null,No 2025 published player-week or resolved snap rows; the endpoint emits the fallback rather than null.
3,source absence rendered as a number,draft-board,14782,Kayden McDonald,DT,team_games,17,null,No 2025 published player-week or resolved snap rows; the endpoint emits the fallback rather than null.
3,source absence rendered as a number,draft-board,14900,Seth McGowan,RB,games_played,0,null,No 2025 published player-week or resolved snap rows; the endpoint emits the fallback rather than null.
3,source absence rendered as a number,draft-board,14900,Seth McGowan,RB,team_games,17,null,No 2025 published player-week or resolved snap rows; the endpoint emits the fallback rather than null.
3,source absence rendered as a number,draft-board,14940,Kenny McIntosh,RB,games_played,0,null,No 2025 published player-week or resolved snap rows; the endpoint emits the fallback rather than null.
3,source absence rendered as a number,draft-board,14940,Kenny McIntosh,RB,team_games,17,null,No 2025 published player-week or resolved snap rows; the endpoint emits the fallback rather than null.
3,source absence rendered as a number,draft-board,15043,Jalen McLeod,LB,games_played,0,null,No 2025 published player-week or resolved snap rows; the endpoint emits the fallback rather than null.
3,source absence rendered as a number,draft-board,15043,Jalen McLeod,LB,team_games,17,null,No 2025 published player-week or resolved snap rows; the endpoint emits the fallback rather than null.
3,source absence rendered as a number,draft-board,15083,Patrick McMorris,S,games_played,0,null,No 2025 published player-week or resolved snap rows; the endpoint emits the fallback rather than null.
3,source absence rendered as a number,draft-board,15083,Patrick McMorris,S,team_games,17,null,No 2025 published player-week or resolved snap rows; the endpoint emits the fallback rather than null.
3,source absence rendered as a number,draft-board,15110,Emmanuel McNeil-Warren,S,games_played,0,null,No 2025 published player-week or resolved snap rows; the endpoint emits the fallback rather than null.
3,source absence rendered as a number,draft-board,15110,Emmanuel McNeil-Warren,S,team_games,17,null,No 2025 published player-week or resolved snap rows; the endpoint emits the fallback rather than null.
3,source absence rendered as a number,draft-board,15166,Bub Means,WR,games_played,0,null,No 2025 published player-week or resolved snap rows; the endpoint emits the fallback rather than null.
3,source absence rendered as a number,draft-board,15166,Bub Means,WR,team_games,17,null,No 2025 published player-week or resolved snap rows; the endpoint emits the fallback rather than null.
3,source absence rendered as a number,draft-board,15217,Fernando Mendoza,QB,games_played,0,null,No 2025 published player-week or resolved snap rows; the endpoint emits the fallback rather than null.
3,source absence rendered as a number,draft-board,15217,Fernando Mendoza,QB,team_games,17,null,No 2025 published player-week or resolved snap rows; the endpoint emits the fallback rather than null.
3,source absence rendered as a number,draft-board,15252,Graham Mertz,QB,games_played,0,null,No 2025 published player-week or resolved snap rows; the endpoint emits the fallback rather than null.
3,source absence rendered as a number,draft-board,15252,Graham Mertz,QB,team_games,17,null,No 2025 published player-week or resolved snap rows; the endpoint emits the fallback rather than null.
3,source absence rendered as a number,draft-board,15255,Akheem Mesidor,LB,games_played,0,null,No 2025 published player-week or resolved snap rows; the endpoint emits the fallback rather than null.
3,source absence rendered as a number,draft-board,15255,Akheem Mesidor,LB,team_games,17,null,No 2025 published player-week or resolved snap rows; the endpoint emits the fallback rather than null.
3,source absence rendered as a number,draft-board,15363,Cam Miller,QB,games_played,0,null,No 2025 published player-week or resolved snap rows; the endpoint emits the fallback rather than null.
3,source absence rendered as a number,draft-board,15363,Cam Miller,QB,team_games,17,null,No 2025 published player-week or resolved snap rows; the endpoint emits the fallback rather than null.
3,source absence rendered as a number,draft-board,15368,Christen Miller,DT,games_played,0,null,No 2025 published player-week or resolved snap rows; the endpoint emits the fallback rather than null.
3,source absence rendered as a number,draft-board,15368,Christen Miller,DT,team_games,17,null,No 2025 published player-week or resolved snap rows; the endpoint emits the fallback rather than null.
3,source absence rendered as a number,draft-board,15377,Dante Miller,RB,games_played,0,null,No 2025 published player-week or resolved snap rows; the endpoint emits the fallback rather than null.
3,source absence rendered as a number,draft-board,15377,Dante Miller,RB,team_games,17,null,No 2025 published player-week or resolved snap rows; the endpoint emits the fallback rather than null.
3,source absence rendered as a number,draft-board,15395,Jam Miller,RB,games_played,0,null,No 2025 published player-week or resolved snap rows; the endpoint emits the fallback rather than null.
3,source absence rendered as a number,draft-board,15395,Jam Miller,RB,team_games,17,null,No 2025 published player-week or resolved snap rows; the endpoint emits the fallback rather than null.
3,source absence rendered as a number,draft-board,15762,Derrick Moore,DE,games_played,0,null,No 2025 published player-week or resolved snap rows; the endpoint emits the fallback rather than null.
3,source absence rendered as a number,draft-board,15762,Derrick Moore,DE,team_games,17,null,No 2025 published player-week or resolved snap rows; the endpoint emits the fallback rather than null.
3,source absence rendered as a number,draft-board,15764,Devin Moore,CB,games_played,0,null,No 2025 published player-week or resolved snap rows; the endpoint emits the fallback rather than null.
3,source absence rendered as a number,draft-board,15764,Devin Moore,CB,team_games,17,null,No 2025 published player-week or resolved snap rows; the endpoint emits the fallback rather than null.
3,source absence rendered as a number,draft-board,15850,Trey Moore,LB,games_played,0,null,No 2025 published player-week or resolved snap rows; the endpoint emits the fallback rather than null.
3,source absence rendered as a number,draft-board,15850,Trey Moore,LB,team_games,17,null,No 2025 published player-week or resolved snap rows; the endpoint emits the fallback rather than null.
3,source absence rendered as a number,draft-board,15983,Behren Morton,QB,games_played,0,null,No 2025 published player-week or resolved snap rows; the endpoint emits the fallback rather than null.
3,source absence rendered as a number,draft-board,15983,Behren Morton,QB,team_games,17,null,No 2025 published player-week or resolved snap rows; the endpoint emits the fallback rather than null.
3,source absence rendered as a number,draft-board,16076,Malik Muhammad,CB,games_played,0,null,No 2025 published player-week or resolved snap rows; the endpoint emits the fallback rather than null.
3,source absence rendered as a number,draft-board,16076,Malik Muhammad,CB,team_games,17,null,No 2025 published player-week or resolved snap rows; the endpoint emits the fallback rather than null.
3,source absence rendered as a number,draft-board,16127,Red Murdock,LB,games_played,0,null,No 2025 published player-week or resolved snap rows; the endpoint emits the fallback rather than null.
3,source absence rendered as a number,draft-board,16127,Red Murdock,LB,team_games,17,null,No 2025 published player-week or resolved snap rows; the endpoint emits the fallback rather than null.
3,source absence rendered as a number,draft-board,16167,Sean Murphy-Bunting,CB,games_played,0,null,No 2025 published player-week or resolved snap rows; the endpoint emits the fallback rather than null.
3,source absence rendered as a number,draft-board,16167,Sean Murphy-Bunting,CB,team_games,17,null,No 2025 published player-week or resolved snap rows; the endpoint emits the fallback rather than null.
3,source absence rendered as a number,draft-board,16273,Nick Nash,WR,games_played,0,null,No 2025 published player-week or resolved snap rows; the endpoint emits the fallback rather than null.
3,source absence rendered as a number,draft-board,16273,Nick Nash,WR,team_games,17,null,No 2025 published player-week or resolved snap rows; the endpoint emits the fallback rather than null.
3,source absence rendered as a number,draft-board,16303,Julian Neal,CB,games_played,0,null,No 2025 published player-week or resolved snap rows; the endpoint emits the fallback rather than null.
3,source absence rendered as a number,draft-board,16303,Julian Neal,CB,team_games,17,null,No 2025 published player-week or resolved snap rows; the endpoint emits the fallback rather than null.
3,source absence rendered as a number,draft-board,16459,Isaiah Neyor,WR,games_played,0,null,No 2025 published player-week or resolved snap rows; the endpoint emits the fallback rather than null.
3,source absence rendered as a number,draft-board,16459,Isaiah Neyor,WR,team_games,17,null,No 2025 published player-week or resolved snap rows; the endpoint emits the fallback rather than null.
3,source absence rendered as a number,draft-board,16618,Riley Nowakowski,FB,games_played,0,null,No 2025 published player-week or resolved snap rows; the endpoint emits the fallback rather than null.
3,source absence rendered as a number,draft-board,16618,Riley Nowakowski,FB,team_games,17,null,No 2025 published player-week or resolved snap rows; the endpoint emits the fallback rather than null.
3,source absence rendered as a number,draft-board,16638,Garrett Nussmeier,QB,games_played,0,null,No 2025 published player-week or resolved snap rows; the endpoint emits the fallback rather than null.
3,source absence rendered as a number,draft-board,16638,Garrett Nussmeier,QB,team_games,17,null,No 2025 published player-week or resolved snap rows; the endpoint emits the fallback rather than null.
3,source absence rendered as a number,draft-board,16717,Namdi Obiazor,LB,games_played,0,null,No 2025 published player-week or resolved snap rows; the endpoint emits the fallback rather than null.
3,source absence rendered as a number,draft-board,16717,Namdi Obiazor,LB,team_games,17,null,No 2025 published player-week or resolved snap rows; the endpoint emits the fallback rather than null.
3,source absence rendered as a number,draft-board,16823,Julian Okwara,DE,games_played,0,null,No 2025 published player-week or resolved snap rows; the endpoint emits the fallback rather than null.
3,source absence rendered as a number,draft-board,16823,Julian Okwara,DE,team_games,17,null,No 2025 published player-week or resolved snap rows; the endpoint emits the fallback rather than null.
3,source absence rendered as a number,draft-board,16905,Levi Onwuzurike,DE,games_played,0,null,No 2025 published player-week or resolved snap rows; the endpoint emits the fallback rather than null.
3,source absence rendered as a number,draft-board,16905,Levi Onwuzurike,DE,team_games,17,null,No 2025 published player-week or resolved snap rows; the endpoint emits the fallback rather than null.
3,source absence rendered as a number,draft-board,16906,Tyler Onyedim,DT,games_played,0,null,No 2025 published player-week or resolved snap rows; the endpoint emits the fallback rather than null.
3,source absence rendered as a number,draft-board,16906,Tyler Onyedim,DT,team_games,17,null,No 2025 published player-week or resolved snap rows; the endpoint emits the fallback rather than null.
3,source absence rendered as a number,draft-board,16914,Domonique Orange,DT,games_played,0,null,No 2025 published player-week or resolved snap rows; the endpoint emits the fallback rather than null.
3,source absence rendered as a number,draft-board,16914,Domonique Orange,DT,team_games,17,null,No 2025 published player-week or resolved snap rows; the endpoint emits the fallback rather than null.
3,source absence rendered as a number,draft-board,16948,K.J. Osborn,WR,games_played,0,null,No 2025 published player-week or resolved snap rows; the endpoint emits the fallback rather than null.
3,source absence rendered as a number,draft-board,16948,K.J. Osborn,WR,team_games,17,null,No 2025 published player-week or resolved snap rows; the endpoint emits the fallback rather than null.
3,source absence rendered as a number,draft-board,16999,LT Overton,DT,games_played,0,null,No 2025 published player-week or resolved snap rows; the endpoint emits the fallback rather than null.
3,source absence rendered as a number,draft-board,16999,LT Overton,DT,team_games,17,null,No 2025 published player-week or resolved snap rows; the endpoint emits the fallback rather than null.
3,source absence rendered as a number,draft-board,17015,Gervarrius Owens,S,games_played,0,null,No 2025 published player-week or resolved snap rows; the endpoint emits the fallback rather than null.
3,source absence rendered as a number,draft-board,17015,Gervarrius Owens,S,team_games,17,null,No 2025 published player-week or resolved snap rows; the endpoint emits the fallback rather than null.
3,source absence rendered as a number,draft-board,17038,Jeremiah Owusu-Koramoah,LB,games_played,0,null,No 2025 published player-week or resolved snap rows; the endpoint emits the fallback rather than null.
3,source absence rendered as a number,draft-board,17038,Jeremiah Owusu-Koramoah,LB,team_games,17,null,No 2025 published player-week or resolved snap rows; the endpoint emits the fallback rather than null.
3,source absence rendered as a number,draft-board,17109,Trey Palmer,WR,games_played,0,null,No 2025 published player-week or resolved snap rows; the endpoint emits the fallback rather than null.
3,source absence rendered as a number,draft-board,17109,Trey Palmer,WR,team_games,17,null,No 2025 published player-week or resolved snap rows; the endpoint emits the fallback rather than null.
3,source absence rendered as a number,draft-board,17178,TJ Parker,LB,games_played,0,null,No 2025 published player-week or resolved snap rows; the endpoint emits the fallback rather than null.
3,source absence rendered as a number,draft-board,17178,TJ Parker,LB,team_games,17,null,No 2025 published player-week or resolved snap rows; the endpoint emits the fallback rather than null.
3,source absence rendered as a number,draft-board,17296,Pooh Paul Jr.,LB,games_played,0,null,No 2025 published player-week or resolved snap rows; the endpoint emits the fallback rather than null.
3,source absence rendered as a number,draft-board,17296,Pooh Paul Jr.,LB,team_games,17,null,No 2025 published player-week or resolved snap rows; the endpoint emits the fallback rather than null.
3,source absence rendered as a number,draft-board,17327,VJ Payne,S,games_played,0,null,No 2025 published player-week or resolved snap rows; the endpoint emits the fallback rather than null.
3,source absence rendered as a number,draft-board,17327,VJ Payne,S,team_games,17,null,No 2025 published player-week or resolved snap rows; the endpoint emits the fallback rather than null.
3,source absence rendered as a number,draft-board,17330,Cole Payton,QB,games_played,0,null,No 2025 published player-week or resolved snap rows; the endpoint emits the fallback rather than null.
3,source absence rendered as a number,draft-board,17330,Cole Payton,QB,team_games,17,null,No 2025 published player-week or resolved snap rows; the endpoint emits the fallback rather than null.
3,source absence rendered as a number,draft-board,17442,Harold Perkins Jr.,LB,games_played,0,null,No 2025 published player-week or resolved snap rows; the endpoint emits the fallback rather than null.
3,source absence rendered as a number,draft-board,17442,Harold Perkins Jr.,LB,team_games,17,null,No 2025 published player-week or resolved snap rows; the endpoint emits the fallback rather than null.
3,source absence rendered as a number,draft-board,17465,A.T. Perry,WR,games_played,0,null,No 2025 published player-week or resolved snap rows; the endpoint emits the fallback rather than null.
3,source absence rendered as a number,draft-board,17465,A.T. Perry,WR,team_games,17,null,No 2025 published player-week or resolved snap rows; the endpoint emits the fallback rather than null.
3,source absence rendered as a number,draft-board,17802,Ja'Lynn Polk,WR,games_played,0,null,No 2025 published player-week or resolved snap rows; the endpoint emits the fallback rather than null.
3,source absence rendered as a number,draft-board,17802,Ja'Lynn Polk,WR,team_games,17,null,No 2025 published player-week or resolved snap rows; the endpoint emits the fallback rather than null.
3,source absence rendered as a number,draft-board,17830,D'Angelo Ponds,CB,games_played,0,null,No 2025 published player-week or resolved snap rows; the endpoint emits the fallback rather than null.
3,source absence rendered as a number,draft-board,17830,D'Angelo Ponds,CB,team_games,17,null,No 2025 published player-week or resolved snap rows; the endpoint emits the fallback rather than null.
3,source absence rendered as a number,draft-board,17866,Daryl Porter,CB,games_played,0,null,No 2025 published player-week or resolved snap rows; the endpoint emits the fallback rather than null.
3,source absence rendered as a number,draft-board,17866,Daryl Porter,CB,team_games,17,null,No 2025 published player-week or resolved snap rows; the endpoint emits the fallback rather than null.
3,source absence rendered as a number,draft-board,17945,Antwaun Powell-Ryland,LB,games_played,0,null,No 2025 published player-week or resolved snap rows; the endpoint emits the fallback rather than null.
3,source absence rendered as a number,draft-board,17945,Antwaun Powell-Ryland,LB,team_games,17,null,No 2025 published player-week or resolved snap rows; the endpoint emits the fallback rather than null.
3,source absence rendered as a number,draft-board,18003,Jadarian Price,RB,games_played,0,null,No 2025 published player-week or resolved snap rows; the endpoint emits the fallback rather than null.
3,source absence rendered as a number,draft-board,18003,Jadarian Price,RB,team_games,17,null,No 2025 published player-week or resolved snap rows; the endpoint emits the fallback rather than null.
3,source absence rendered as a number,draft-board,18021,Toriano Pride Jr.,CB,games_played,0,null,No 2025 published player-week or resolved snap rows; the endpoint emits the fallback rather than null.
3,source absence rendered as a number,draft-board,18021,Toriano Pride Jr.,CB,team_games,17,null,No 2025 published player-week or resolved snap rows; the endpoint emits the fallback rather than null.
3,source absence rendered as a number,draft-board,18082,Karon Prunty,CB,games_played,0,null,No 2025 published player-week or resolved snap rows; the endpoint emits the fallback rather than null.
3,source absence rendered as a number,draft-board,18082,Karon Prunty,CB,team_games,17,null,No 2025 published player-week or resolved snap rows; the endpoint emits the fallback rather than null.
3,source absence rendered as a number,draft-board,18086,Kendric Pryor,WR,games_played,0,null,No 2025 published player-week or resolved snap rows; the endpoint emits the fallback rather than null.
3,source absence rendered as a number,draft-board,18086,Kendric Pryor,WR,team_games,17,null,No 2025 published player-week or resolved snap rows; the endpoint emits the fallback rather than null.
3,source absence rendered as a number,draft-board,18092,Ephesians Prysock,CB,games_played,0,null,No 2025 published player-week or resolved snap rows; the endpoint emits the fallback rather than null.
3,source absence rendered as a number,draft-board,18092,Ephesians Prysock,CB,team_games,17,null,No 2025 published player-week or resolved snap rows; the endpoint emits the fallback rather than null.
3,source absence rendered as a number,draft-board,18222,Ennis Rakestraw Jr.,CB,games_played,0,null,No 2025 published player-week or resolved snap rows; the endpoint emits the fallback rather than null.
3,source absence rendered as a number,draft-board,18222,Ennis Rakestraw Jr.,CB,team_games,17,null,No 2025 published player-week or resolved snap rows; the endpoint emits the fallback rather than null.
3,source absence rendered as a number,draft-board,18231,Jose Ramirez,LB,games_played,0,null,No 2025 published player-week or resolved snap rows; the endpoint emits the fallback rather than null.
3,source absence rendered as a number,draft-board,18231,Jose Ramirez,LB,team_games,17,null,No 2025 published player-week or resolved snap rows; the endpoint emits the fallback rather than null.
3,source absence rendered as a number,draft-board,18239,Kamari Ramsey,S,games_played,0,null,No 2025 published player-week or resolved snap rows; the endpoint emits the fallback rather than null.
3,source absence rendered as a number,draft-board,18239,Kamari Ramsey,S,team_games,17,null,No 2025 published player-week or resolved snap rows; the endpoint emits the fallback rather than null.
3,source absence rendered as a number,draft-board,18247,Adam Randall,RB,games_played,0,null,No 2025 published player-week or resolved snap rows; the endpoint emits the fallback rather than null.
3,source absence rendered as a number,draft-board,18247,Adam Randall,RB,team_games,17,null,No 2025 published player-week or resolved snap rows; the endpoint emits the fallback rather than null.
3,source absence rendered as a number,draft-board,18274,Caleb Ransaw,S,games_played,0,null,No 2025 published player-week or resolved snap rows; the endpoint emits the fallback rather than null.
3,source absence rendered as a number,draft-board,18274,Caleb Ransaw,S,team_games,17,null,No 2025 published player-week or resolved snap rows; the endpoint emits the fallback rather than null.
3,source absence rendered as a number,draft-board,18281,Eli Raridon,TE,games_played,0,null,No 2025 published player-week or resolved snap rows; the endpoint emits the fallback rather than null.
3,source absence rendered as a number,draft-board,18281,Eli Raridon,TE,team_games,17,null,No 2025 published player-week or resolved snap rows; the endpoint emits the fallback rather than null.
3,source absence rendered as a number,draft-board,18351,Jalen Reagor,WR,games_played,0,null,No 2025 published player-week or resolved snap rows; the endpoint emits the fallback rather than null.
3,source absence rendered as a number,draft-board,18351,Jalen Reagor,WR,team_games,17,null,No 2025 published player-week or resolved snap rows; the endpoint emits the fallback rather than null.
3,source absence rendered as a number,draft-board,18456,Arvell Reese,LB,games_played,0,null,No 2025 published player-week or resolved snap rows; the endpoint emits the fallback rather than null.
3,source absence rendered as a number,draft-board,18456,Arvell Reese,LB,team_games,17,null,No 2025 published player-week or resolved snap rows; the endpoint emits the fallback rather than null.
3,source absence rendered as a number,draft-board,18467,Otis Reese,LB,games_played,0,null,No 2025 published player-week or resolved snap rows; the endpoint emits the fallback rather than null.
3,source absence rendered as a number,draft-board,18467,Otis Reese,LB,team_games,17,null,No 2025 published player-week or resolved snap rows; the endpoint emits the fallback rather than null.
3,source absence rendered as a number,draft-board,18480,Albert Regis,DT,games_played,0,null,No 2025 published player-week or resolved snap rows; the endpoint emits the fallback rather than null.
3,source absence rendered as a number,draft-board,18480,Albert Regis,DT,team_games,17,null,No 2025 published player-week or resolved snap rows; the endpoint emits the fallback rather than null.
3,source absence rendered as a number,draft-board,18513,Winston Reid,LB,games_played,0,null,No 2025 published player-week or resolved snap rows; the endpoint emits the fallback rather than null.
3,source absence rendered as a number,draft-board,18513,Winston Reid,LB,team_games,17,null,No 2025 published player-week or resolved snap rows; the endpoint emits the fallback rather than null.
3,source absence rendered as a number,draft-board,18618,Brenden Rice,WR,games_played,0,null,No 2025 published player-week or resolved snap rows; the endpoint emits the fallback rather than null.
3,source absence rendered as a number,draft-board,18618,Brenden Rice,WR,team_games,17,null,No 2025 published player-week or resolved snap rows; the endpoint emits the fallback rather than null.
3,source absence rendered as a number,draft-board,18789,Chandler Rivers,CB,games_played,0,null,No 2025 published player-week or resolved snap rows; the endpoint emits the fallback rather than null.
3,source absence rendered as a number,draft-board,18789,Chandler Rivers,CB,team_games,17,null,No 2025 published player-week or resolved snap rows; the endpoint emits the fallback rather than null.
3,source absence rendered as a number,draft-board,18958,Landon Robinson,DT,games_played,0,null,No 2025 published player-week or resolved snap rows; the endpoint emits the fallback rather than null.
3,source absence rendered as a number,draft-board,18958,Landon Robinson,DT,team_games,17,null,No 2025 published player-week or resolved snap rows; the endpoint emits the fallback rather than null.
3,source absence rendered as a number,draft-board,19044,Jacob Rodriguez,LB,games_played,0,null,No 2025 published player-week or resolved snap rows; the endpoint emits the fallback rather than null.
3,source absence rendered as a number,draft-board,19044,Jacob Rodriguez,LB,team_games,17,null,No 2025 published player-week or resolved snap rows; the endpoint emits the fallback rather than null.
3,source absence rendered as a number,draft-board,19107,Jimmy Rolder,LB,games_played,0,null,No 2025 published player-week or resolved snap rows; the endpoint emits the fallback rather than null.
3,source absence rendered as a number,draft-board,19107,Jimmy Rolder,LB,team_games,17,null,No 2025 published player-week or resolved snap rows; the endpoint emits the fallback rather than null.
3,source absence rendered as a number,draft-board,19231,Kurtis Rourke,QB,games_played,0,null,No 2025 published player-week or resolved snap rows; the endpoint emits the fallback rather than null.
3,source absence rendered as a number,draft-board,19231,Kurtis Rourke,QB,team_games,17,null,No 2025 published player-week or resolved snap rows; the endpoint emits the fallback rather than null.
3,source absence rendered as a number,draft-board,19238,Sam Roush,TE,games_played,0,null,No 2025 published player-week or resolved snap rows; the endpoint emits the fallback rather than null.
3,source absence rendered as a number,draft-board,19238,Sam Roush,TE,team_games,17,null,No 2025 published player-week or resolved snap rows; the endpoint emits the fallback rather than null.
3,source absence rendered as a number,draft-board,19267,Joe Royer,TE,games_played,0,null,No 2025 published player-week or resolved snap rows; the endpoint emits the fallback rather than null.
3,source absence rendered as a number,draft-board,19267,Joe Royer,TE,team_games,17,null,No 2025 published player-week or resolved snap rows; the endpoint emits the fallback rather than null.
3,source absence rendered as a number,draft-board,19389,Carsen Ryan,TE,games_played,0,null,No 2025 published player-week or resolved snap rows; the endpoint emits the fallback rather than null.
3,source absence rendered as a number,draft-board,19389,Carsen Ryan,TE,team_games,17,null,No 2025 published player-week or resolved snap rows; the endpoint emits the fallback rather than null.
3,source absence rendered as a number,draft-board,19421,Kenyon Sadiq,TE,games_played,0,null,No 2025 published player-week or resolved snap rows; the endpoint emits the fallback rather than null.
3,source absence rendered as a number,draft-board,19421,Kenyon Sadiq,TE,team_games,17,null,No 2025 published player-week or resolved snap rows; the endpoint emits the fallback rather than null.
3,source absence rendered as a number,draft-board,19517,Drew Sanders,LB,games_played,0,null,No 2025 published player-week or resolved snap rows; the endpoint emits the fallback rather than null.
3,source absence rendered as a number,draft-board,19517,Drew Sanders,LB,team_games,17,null,No 2025 published player-week or resolved snap rows; the endpoint emits the fallback rather than null.
3,source absence rendered as a number,draft-board,19525,Jason Sanders,PK,games_played,0,null,No 2025 published player-week or resolved snap rows; the endpoint emits the fallback rather than null.
3,source absence rendered as a number,draft-board,19525,Jason Sanders,PK,team_games,17,null,No 2025 published player-week or resolved snap rows; the endpoint emits the fallback rather than null.
3,source absence rendered as a number,draft-board,19586,Elijah Sarratt,WR,games_played,0,null,No 2025 published player-week or resolved snap rows; the endpoint emits the fallback rather than null.
3,source absence rendered as a number,draft-board,19586,Elijah Sarratt,WR,team_games,17,null,No 2025 published player-week or resolved snap rows; the endpoint emits the fallback rather than null.
3,source absence rendered as a number,draft-board,19830,Keionte Scott,CB,games_played,0,null,No 2025 published player-week or resolved snap rows; the endpoint emits the fallback rather than null.
3,source absence rendered as a number,draft-board,19830,Keionte Scott,CB,team_games,17,null,No 2025 published player-week or resolved snap rows; the endpoint emits the fallback rather than null.
3,source absence rendered as a number,draft-board,19840,Miles Scott,S,games_played,0,null,No 2025 published player-week or resolved snap rows; the endpoint emits the fallback rather than null.
3,source absence rendered as a number,draft-board,19840,Miles Scott,S,team_games,17,null,No 2025 published player-week or resolved snap rows; the endpoint emits the fallback rather than null.
3,source absence rendered as a number,draft-board,19859,Tyler Scott,WR,games_played,0,null,No 2025 published player-week or resolved snap rows; the endpoint emits the fallback rather than null.
3,source absence rendered as a number,draft-board,19859,Tyler Scott,WR,team_games,17,null,No 2025 published player-week or resolved snap rows; the endpoint emits the fallback rather than null.
3,source absence rendered as a number,draft-board,19997,Karson Sharar,LB,games_played,0,null,No 2025 published player-week or resolved snap rows; the endpoint emits the fallback rather than null.
3,source absence rendered as a number,draft-board,19997,Karson Sharar,LB,team_games,17,null,No 2025 published player-week or resolved snap rows; the endpoint emits the fallback rather than null.
3,source absence rendered as a number,draft-board,19999,Bauer Sharp,TE,games_played,0,null,No 2025 published player-week or resolved snap rows; the endpoint emits the fallback rather than null.
3,source absence rendered as a number,draft-board,19999,Bauer Sharp,TE,team_games,17,null,No 2025 published player-week or resolved snap rows; the endpoint emits the fallback rather than null.
3,source absence rendered as a number,draft-board,20199,Trevor Siemian,QB,games_played,0,null,No 2025 published player-week or resolved snap rows; the endpoint emits the fallback rather than null.
3,source absence rendered as a number,draft-board,20199,Trevor Siemian,QB,team_games,17,null,No 2025 published player-week or resolved snap rows; the endpoint emits the fallback rather than null.
3,source absence rendered as a number,draft-board,20307,Ty Simpson,QB,games_played,0,null,No 2025 published player-week or resolved snap rows; the endpoint emits the fallback rather than null.
3,source absence rendered as a number,draft-board,20307,Ty Simpson,QB,team_games,17,null,No 2025 published player-week or resolved snap rows; the endpoint emits the fallback rather than null.
3,source absence rendered as a number,draft-board,20359,Nicholas Singleton,RB,games_played,0,null,No 2025 published player-week or resolved snap rows; the endpoint emits the fallback rather than null.
3,source absence rendered as a number,draft-board,20359,Nicholas Singleton,RB,team_games,17,null,No 2025 published player-week or resolved snap rows; the endpoint emits the fallback rather than null.
3,source absence rendered as a number,draft-board,20453,Trey Smack,PK,games_played,0,null,No 2025 published player-week or resolved snap rows; the endpoint emits the fallback rather than null.
3,source absence rendered as a number,draft-board,20453,Trey Smack,PK,team_games,17,null,No 2025 published player-week or resolved snap rows; the endpoint emits the fallback rather than null.
3,source absence rendered as a number,draft-board,20485,Ainias Smith,WR,games_played,0,null,No 2025 published player-week or resolved snap rows; the endpoint emits the fallback rather than null.
3,source absence rendered as a number,draft-board,20485,Ainias Smith,WR,team_games,17,null,No 2025 published player-week or resolved snap rows; the endpoint emits the fallback rather than null.
3,source absence rendered as a number,draft-board,20498,Anthony Smith,WR,games_played,0,null,No 2025 published player-week or resolved snap rows; the endpoint emits the fallback rather than null.
3,source absence rendered as a number,draft-board,20498,Anthony Smith,WR,team_games,17,null,No 2025 published player-week or resolved snap rows; the endpoint emits the fallback rather than null.
3,source absence rendered as a number,draft-board,20542,Chris Smith,DT,games_played,0,null,No 2025 published player-week or resolved snap rows; the endpoint emits the fallback rather than null.
3,source absence rendered as a number,draft-board,20542,Chris Smith,DT,team_games,17,null,No 2025 published player-week or resolved snap rows; the endpoint emits the fallback rather than null.
3,source absence rendered as a number,draft-board,20604,Genesis Smith,S,games_played,0,null,No 2025 published player-week or resolved snap rows; the endpoint emits the fallback rather than null.
3,source absence rendered as a number,draft-board,20604,Genesis Smith,S,team_games,17,null,No 2025 published player-week or resolved snap rows; the endpoint emits the fallback rather than null.
3,source absence rendered as a number,draft-board,20787,Terell Smith,CB,games_played,0,null,No 2025 published player-week or resolved snap rows; the endpoint emits the fallback rather than null.
3,source absence rendered as a number,draft-board,20787,Terell Smith,CB,team_games,17,null,No 2025 published player-week or resolved snap rows; the endpoint emits the fallback rather than null.
3,source absence rendered as a number,draft-board,20794,Tim Smith,DT,games_played,0,null,No 2025 published player-week or resolved snap rows; the endpoint emits the fallback rather than null.
3,source absence rendered as a number,draft-board,20794,Tim Smith,DT,team_games,17,null,No 2025 published player-week or resolved snap rows; the endpoint emits the fallback rather than null.
3,source absence rendered as a number,draft-board,20808,Tyreke Smith,DE,games_played,0,null,No 2025 published player-week or resolved snap rows; the endpoint emits the fallback rather than null.
3,source absence rendered as a number,draft-board,20808,Tyreke Smith,DE,team_games,17,null,No 2025 published player-week or resolved snap rows; the endpoint emits the fallback rather than null.
3,source absence rendered as a number,draft-board,20825,Ihmir Smith-Marsette,WR,games_played,0,null,No 2025 published player-week or resolved snap rows; the endpoint emits the fallback rather than null.
3,source absence rendered as a number,draft-board,20825,Ihmir Smith-Marsette,WR,team_games,17,null,No 2025 published player-week or resolved snap rows; the endpoint emits the fallback rather than null.
3,source absence rendered as a number,draft-board,20933,Robert Spears-Jennings,S,games_played,0,null,No 2025 published player-week or resolved snap rows; the endpoint emits the fallback rather than null.
3,source absence rendered as a number,draft-board,20933,Robert Spears-Jennings,S,team_games,17,null,No 2025 published player-week or resolved snap rows; the endpoint emits the fallback rather than null.
3,source absence rendered as a number,draft-board,21123,Carson Steele,RB,games_played,0,null,No 2025 published player-week or resolved snap rows; the endpoint emits the fallback rather than null.
3,source absence rendered as a number,draft-board,21123,Carson Steele,RB,team_games,17,null,No 2025 published player-week or resolved snap rows; the endpoint emits the fallback rather than null.
3,source absence rendered as a number,draft-board,21259,Easton Stick,QB,games_played,0,null,No 2025 published player-week or resolved snap rows; the endpoint emits the fallback rather than null.
3,source absence rendered as a number,draft-board,21259,Easton Stick,QB,team_games,17,null,No 2025 published player-week or resolved snap rows; the endpoint emits the fallback rather than null.
3,source absence rendered as a number,draft-board,21338,Eli Stowers,TE,games_played,0,null,No 2025 published player-week or resolved snap rows; the endpoint emits the fallback rather than null.
3,source absence rendered as a number,draft-board,21338,Eli Stowers,TE,team_games,17,null,No 2025 published player-week or resolved snap rows; the endpoint emits the fallback rather than null.
3,source absence rendered as a number,draft-board,21366,De'Zhaun Stribling,WR,games_played,0,null,No 2025 published player-week or resolved snap rows; the endpoint emits the fallback rather than null.
3,source absence rendered as a number,draft-board,21366,De'Zhaun Stribling,WR,team_games,17,null,No 2025 published player-week or resolved snap rows; the endpoint emits the fallback rather than null.
3,source absence rendered as a number,draft-board,21396,Pierre Strong,RB,games_played,0,null,No 2025 published player-week or resolved snap rows; the endpoint emits the fallback rather than null.
3,source absence rendered as a number,draft-board,21396,Pierre Strong,RB,team_games,17,null,No 2025 published player-week or resolved snap rows; the endpoint emits the fallback rather than null.
3,source absence rendered as a number,draft-board,21431,Treydan Stukes,S,games_played,0,null,No 2025 published player-week or resolved snap rows; the endpoint emits the fallback rather than null.
3,source absence rendered as a number,draft-board,21431,Treydan Stukes,S,team_games,17,null,No 2025 published player-week or resolved snap rows; the endpoint emits the fallback rather than null.
3,source absence rendered as a number,draft-board,21442,Sonny Styles,LB,games_played,0,null,No 2025 published player-week or resolved snap rows; the endpoint emits the fallback rather than null.
3,source absence rendered as a number,draft-board,21442,Sonny Styles,LB,team_games,17,null,No 2025 published player-week or resolved snap rows; the endpoint emits the fallback rather than null.
3,source absence rendered as a number,draft-board,21444,Lorenzo Styles Jr.,S,games_played,0,null,No 2025 published player-week or resolved snap rows; the endpoint emits the fallback rather than null.
3,source absence rendered as a number,draft-board,21444,Lorenzo Styles Jr.,S,team_games,17,null,No 2025 published player-week or resolved snap rows; the endpoint emits the fallback rather than null.
3,source absence rendered as a number,draft-board,21628,Michael Taaffe,S,games_played,0,null,No 2025 published player-week or resolved snap rows; the endpoint emits the fallback rather than null.
3,source absence rendered as a number,draft-board,21628,Michael Taaffe,S,team_games,17,null,No 2025 published player-week or resolved snap rows; the endpoint emits the fallback rather than null.
3,source absence rendered as a number,draft-board,21700,Carnell Tate,WR,games_played,0,null,No 2025 published player-week or resolved snap rows; the endpoint emits the fallback rather than null.
3,source absence rendered as a number,draft-board,21700,Carnell Tate,WR,team_games,17,null,No 2025 published player-week or resolved snap rows; the endpoint emits the fallback rather than null.
3,source absence rendered as a number,draft-board,21811,Patrick Taylor,RB,games_played,0,null,No 2025 published player-week or resolved snap rows; the endpoint emits the fallback rather than null.
3,source absence rendered as a number,draft-board,21811,Patrick Taylor,RB,team_games,17,null,No 2025 published player-week or resolved snap rows; the endpoint emits the fallback rather than null.
3,source absence rendered as a number,draft-board,21881,Avieon Terrell,CB,games_played,0,null,No 2025 published player-week or resolved snap rows; the endpoint emits the fallback rather than null.
3,source absence rendered as a number,draft-board,21881,Avieon Terrell,CB,team_games,17,null,No 2025 published player-week or resolved snap rows; the endpoint emits the fallback rather than null.
3,source absence rendered as a number,draft-board,21920,Dillon Thieneman,S,games_played,0,null,No 2025 published player-week or resolved snap rows; the endpoint emits the fallback rather than null.
3,source absence rendered as a number,draft-board,21920,Dillon Thieneman,S,team_games,17,null,No 2025 published player-week or resolved snap rows; the endpoint emits the fallback rather than null.
3,source absence rendered as a number,draft-board,21931,Ambry Thomas,CB,games_played,0,null,No 2025 published player-week or resolved snap rows; the endpoint emits the fallback rather than null.
3,source absence rendered as a number,draft-board,21931,Ambry Thomas,CB,team_games,17,null,No 2025 published player-week or resolved snap rows; the endpoint emits the fallback rather than null.
3,source absence rendered as a number,draft-board,22001,Jakobe Thomas,S,games_played,0,null,No 2025 published player-week or resolved snap rows; the endpoint emits the fallback rather than null.
3,source absence rendered as a number,draft-board,22001,Jakobe Thomas,S,team_games,17,null,No 2025 published player-week or resolved snap rows; the endpoint emits the fallback rather than null.
3,source absence rendered as a number,draft-board,22024,Keir Thomas,LB,games_played,0,null,No 2025 published player-week or resolved snap rows; the endpoint emits the fallback rather than null.
3,source absence rendered as a number,draft-board,22024,Keir Thomas,LB,team_games,17,null,No 2025 published player-week or resolved snap rows; the endpoint emits the fallback rather than null.
3,source absence rendered as a number,draft-board,22065,R Mason Thomas,DE,games_played,0,null,No 2025 published player-week or resolved snap rows; the endpoint emits the fallback rather than null.
3,source absence rendered as a number,draft-board,22065,R Mason Thomas,DE,team_games,17,null,No 2025 published player-week or resolved snap rows; the endpoint emits the fallback rather than null.
3,source absence rendered as a number,draft-board,22090,Starling Thomas V,CB,games_played,0,null,No 2025 published player-week or resolved snap rows; the endpoint emits the fallback rather than null.
3,source absence rendered as a number,draft-board,22090,Starling Thomas V,CB,team_games,17,null,No 2025 published player-week or resolved snap rows; the endpoint emits the fallback rather than null.
3,source absence rendered as a number,draft-board,22107,Zavion Thomas,WR,games_played,0,null,No 2025 published player-week or resolved snap rows; the endpoint emits the fallback rather than null.
3,source absence rendered as a number,draft-board,22107,Zavion Thomas,WR,team_games,17,null,No 2025 published player-week or resolved snap rows; the endpoint emits the fallback rather than null.
3,source absence rendered as a number,draft-board,22117,Anterio Thompson,DT,games_played,0,null,No 2025 published player-week or resolved snap rows; the endpoint emits the fallback rather than null.
3,source absence rendered as a number,draft-board,22117,Anterio Thompson,DT,team_games,17,null,No 2025 published player-week or resolved snap rows; the endpoint emits the fallback rather than null.
3,source absence rendered as a number,draft-board,22128,Brenen Thompson,WR,games_played,0,null,No 2025 published player-week or resolved snap rows; the endpoint emits the fallback rather than null.
3,source absence rendered as a number,draft-board,22128,Brenen Thompson,WR,team_games,17,null,No 2025 published player-week or resolved snap rows; the endpoint emits the fallback rather than null.
3,source absence rendered as a number,draft-board,22199,Skylar Thompson,QB,games_played,0,null,No 2025 published player-week or resolved snap rows; the endpoint emits the fallback rather than null.
3,source absence rendered as a number,draft-board,22199,Skylar Thompson,QB,team_games,17,null,No 2025 published player-week or resolved snap rows; the endpoint emits the fallback rather than null.
3,source absence rendered as a number,draft-board,22457,Seydou Traore,TE,games_played,0,null,No 2025 published player-week or resolved snap rows; the endpoint emits the fallback rather than null.
3,source absence rendered as a number,draft-board,22457,Seydou Traore,TE,team_games,17,null,No 2025 published player-week or resolved snap rows; the endpoint emits the fallback rather than null.
3,source absence rendered as a number,draft-board,22495,Bralen Trice,LB,games_played,0,null,No 2025 published player-week or resolved snap rows; the endpoint emits the fallback rather than null.
3,source absence rendered as a number,draft-board,22495,Bralen Trice,LB,team_games,17,null,No 2025 published player-week or resolved snap rows; the endpoint emits the fallback rather than null.
3,source absence rendered as a number,draft-board,22497,Michael Trigg,TE,games_played,0,null,No 2025 published player-week or resolved snap rows; the endpoint emits the fallback rather than null.
3,source absence rendered as a number,draft-board,22497,Michael Trigg,TE,team_games,17,null,No 2025 published player-week or resolved snap rows; the endpoint emits the fallback rather than null.
3,source absence rendered as a number,draft-board,22512,Josiah Trotter,LB,games_played,0,null,No 2025 published player-week or resolved snap rows; the endpoint emits the fallback rather than null.
3,source absence rendered as a number,draft-board,22512,Josiah Trotter,LB,team_games,17,null,No 2025 published player-week or resolved snap rows; the endpoint emits the fallback rather than null.
3,source absence rendered as a number,draft-board,22660,Payton Turner,DE,games_played,0,null,No 2025 published player-week or resolved snap rows; the endpoint emits the fallback rather than null.
3,source absence rendered as a number,draft-board,22660,Payton Turner,DE,team_games,17,null,No 2025 published player-week or resolved snap rows; the endpoint emits the fallback rather than null.
3,source absence rendered as a number,draft-board,22715,Jordyn Tyson,WR,games_played,0,null,No 2025 published player-week or resolved snap rows; the endpoint emits the fallback rather than null.
3,source absence rendered as a number,draft-board,22715,Jordyn Tyson,WR,team_games,17,null,No 2025 published player-week or resolved snap rows; the endpoint emits the fallback rather than null.
3,source absence rendered as a number,draft-board,22978,Jalen Virgil,WR,games_played,0,null,No 2025 published player-week or resolved snap rows; the endpoint emits the fallback rather than null.
3,source absence rendered as a number,draft-board,22978,Jalen Virgil,WR,team_games,17,null,No 2025 published player-week or resolved snap rows; the endpoint emits the fallback rather than null.
3,source absence rendered as a number,draft-board,22980,Reggie Virgil,WR,games_played,0,null,No 2025 published player-week or resolved snap rows; the endpoint emits the fallback rather than null.
3,source absence rendered as a number,draft-board,22980,Reggie Virgil,WR,team_games,17,null,No 2025 published player-week or resolved snap rows; the endpoint emits the fallback rather than null.
3,source absence rendered as a number,draft-board,23095,David Walker,LB,games_played,0,null,No 2025 published player-week or resolved snap rows; the endpoint emits the fallback rather than null.
3,source absence rendered as a number,draft-board,23095,David Walker,LB,team_games,17,null,No 2025 published player-week or resolved snap rows; the endpoint emits the fallback rather than null.
3,source absence rendered as a number,draft-board,23199,Justin Walley,CB,games_played,0,null,No 2025 published player-week or resolved snap rows; the endpoint emits the fallback rather than null.
3,source absence rendered as a number,draft-board,23199,Justin Walley,CB,team_games,17,null,No 2025 published player-week or resolved snap rows; the endpoint emits the fallback rather than null.
3,source absence rendered as a number,draft-board,23393,Mike Washington,RB,games_played,0,null,No 2025 published player-week or resolved snap rows; the endpoint emits the fallback rather than null.
3,source absence rendered as a number,draft-board,23393,Mike Washington,RB,team_games,17,null,No 2025 published player-week or resolved snap rows; the endpoint emits the fallback rather than null.
3,source absence rendered as a number,draft-board,23441,Quez Watkins,WR,games_played,0,null,No 2025 published player-week or resolved snap rows; the endpoint emits the fallback rather than null.
3,source absence rendered as a number,draft-board,23441,Quez Watkins,WR,team_games,17,null,No 2025 published player-week or resolved snap rows; the endpoint emits the fallback rather than null.
3,source absence rendered as a number,draft-board,23449,Deshaun Watson,QB,games_played,0,null,No 2025 published player-week or resolved snap rows; the endpoint emits the fallback rather than null.
3,source absence rendered as a number,draft-board,23449,Deshaun Watson,QB,team_games,17,null,No 2025 published player-week or resolved snap rows; the endpoint emits the fallback rather than null.
3,source absence rendered as a number,draft-board,23466,Nathaniel Watson,LB,games_played,0,null,No 2025 published player-week or resolved snap rows; the endpoint emits the fallback rather than null.
3,source absence rendered as a number,draft-board,23466,Nathaniel Watson,LB,team_games,17,null,No 2025 published player-week or resolved snap rows; the endpoint emits the fallback rather than null.
3,source absence rendered as a number,draft-board,23614,Treyton Welch,TE,games_played,0,null,No 2025 published player-week or resolved snap rows; the endpoint emits the fallback rather than null.
3,source absence rendered as a number,draft-board,23614,Treyton Welch,TE,team_games,17,null,No 2025 published player-week or resolved snap rows; the endpoint emits the fallback rather than null.
3,source absence rendered as a number,draft-board,23682,Tyre West,DT,games_played,0,null,No 2025 published player-week or resolved snap rows; the endpoint emits the fallback rather than null.
3,source absence rendered as a number,draft-board,23682,Tyre West,DT,team_games,17,null,No 2025 published player-week or resolved snap rows; the endpoint emits the fallback rather than null.
3,source absence rendered as a number,draft-board,23709,Kaden Wetjen,WR,games_played,0,null,No 2025 published player-week or resolved snap rows; the endpoint emits the fallback rather than null.
3,source absence rendered as a number,draft-board,23709,Kaden Wetjen,WR,team_games,17,null,No 2025 published player-week or resolved snap rows; the endpoint emits the fallback rather than null.
3,source absence rendered as a number,draft-board,23727,Zakee Wheatley,S,games_played,0,null,No 2025 published player-week or resolved snap rows; the endpoint emits the fallback rather than null.
3,source absence rendered as a number,draft-board,23727,Zakee Wheatley,S,team_games,17,null,No 2025 published player-week or resolved snap rows; the endpoint emits the fallback rather than null.
3,source absence rendered as a number,draft-board,23869,Benton Whitley,DE,games_played,0,null,No 2025 published player-week or resolved snap rows; the endpoint emits the fallback rather than null.
3,source absence rendered as a number,draft-board,23869,Benton Whitley,DE,team_games,17,null,No 2025 published player-week or resolved snap rows; the endpoint emits the fallback rather than null.
3,source absence rendered as a number,draft-board,24008,Antonio Williams,WR,games_played,0,null,No 2025 published player-week or resolved snap rows; the endpoint emits the fallback rather than null.
3,source absence rendered as a number,draft-board,24008,Antonio Williams,WR,team_games,17,null,No 2025 published player-week or resolved snap rows; the endpoint emits the fallback rather than null.
3,source absence rendered as a number,draft-board,24048,C.J. Williams,WR,games_played,0,null,No 2025 published player-week or resolved snap rows; the endpoint emits the fallback rather than null.
3,source absence rendered as a number,draft-board,24048,C.J. Williams,WR,team_games,17,null,No 2025 published player-week or resolved snap rows; the endpoint emits the fallback rather than null.
3,source absence rendered as a number,draft-board,24062,Damarion Williams,CB,games_played,0,null,No 2025 published player-week or resolved snap rows; the endpoint emits the fallback rather than null.
3,source absence rendered as a number,draft-board,24062,Damarion Williams,CB,team_games,17,null,No 2025 published player-week or resolved snap rows; the endpoint emits the fallback rather than null.
3,source absence rendered as a number,draft-board,24374,Wesley Williams,DE,games_played,0,null,No 2025 published player-week or resolved snap rows; the endpoint emits the fallback rather than null.
3,source absence rendered as a number,draft-board,24374,Wesley Williams,DE,team_games,17,null,No 2025 published player-week or resolved snap rows; the endpoint emits the fallback rather than null.
3,source absence rendered as a number,draft-board,24490,Johnny Wilson,WR,games_played,0,null,No 2025 published player-week or resolved snap rows; the endpoint emits the fallback rather than null.
3,source absence rendered as a number,draft-board,24490,Johnny Wilson,WR,team_games,17,null,No 2025 published player-week or resolved snap rows; the endpoint emits the fallback rather than null.
3,source absence rendered as a number,draft-board,24629,Cole Wisniewski,S,games_played,0,null,No 2025 published player-week or resolved snap rows; the endpoint emits the fallback rather than null.
3,source absence rendered as a number,draft-board,24629,Cole Wisniewski,S,team_games,17,null,No 2025 published player-week or resolved snap rows; the endpoint emits the fallback rather than null.
3,source absence rendered as a number,draft-board,24657,Hunter Wohler,S,games_played,0,null,No 2025 published player-week or resolved snap rows; the endpoint emits the fallback rather than null.
3,source absence rendered as a number,draft-board,24657,Hunter Wohler,S,team_games,17,null,No 2025 published player-week or resolved snap rows; the endpoint emits the fallback rather than null.
3,source absence rendered as a number,draft-board,24688,Julius Wood,S,games_played,0,null,No 2025 published player-week or resolved snap rows; the endpoint emits the fallback rather than null.
3,source absence rendered as a number,draft-board,24688,Julius Wood,S,team_games,17,null,No 2025 published player-week or resolved snap rows; the endpoint emits the fallback rather than null.
3,source absence rendered as a number,draft-board,24701,Wade Woodaz,LB,games_played,0,null,No 2025 published player-week or resolved snap rows; the endpoint emits the fallback rather than null.
3,source absence rendered as a number,draft-board,24701,Wade Woodaz,LB,team_games,17,null,No 2025 published player-week or resolved snap rows; the endpoint emits the fallback rather than null.
3,source absence rendered as a number,draft-board,24740,Peter Woods,DT,games_played,0,null,No 2025 published player-week or resolved snap rows; the endpoint emits the fallback rather than null.
3,source absence rendered as a number,draft-board,24740,Peter Woods,DT,team_games,17,null,No 2025 published player-week or resolved snap rows; the endpoint emits the fallback rather than null.
3,source absence rendered as a number,draft-board,24869,Rejzohn Wright,CB,games_played,0,null,No 2025 published player-week or resolved snap rows; the endpoint emits the fallback rather than null.
3,source absence rendered as a number,draft-board,24869,Rejzohn Wright,CB,team_games,17,null,No 2025 published player-week or resolved snap rows; the endpoint emits the fallback rather than null.
3,source absence rendered as a number,draft-board,24950,Russ Yeast,S,games_played,0,null,No 2025 published player-week or resolved snap rows; the endpoint emits the fallback rather than null.
3,source absence rendered as a number,draft-board,24950,Russ Yeast,S,team_games,17,null,No 2025 published player-week or resolved snap rows; the endpoint emits the fallback rather than null.
3,source absence rendered as a number,draft-board,24953,Kenny Yeboah,TE,games_played,0,null,No 2025 published player-week or resolved snap rows; the endpoint emits the fallback rather than null.
3,source absence rendered as a number,draft-board,24953,Kenny Yeboah,TE,team_games,17,null,No 2025 published player-week or resolved snap rows; the endpoint emits the fallback rather than null.
3,source absence rendered as a number,draft-board,24961,Cade York,PK,games_played,0,null,No 2025 published player-week or resolved snap rows; the endpoint emits the fallback rather than null.
3,source absence rendered as a number,draft-board,24961,Cade York,PK,team_games,17,null,No 2025 published player-week or resolved snap rows; the endpoint emits the fallback rather than null.
3,source absence rendered as a number,draft-board,24984,Colbie Young,WR,games_played,0,null,No 2025 published player-week or resolved snap rows; the endpoint emits the fallback rather than null.
3,source absence rendered as a number,draft-board,24984,Colbie Young,WR,team_games,17,null,No 2025 published player-week or resolved snap rows; the endpoint emits the fallback rather than null.
3,source absence rendered as a number,draft-board,25037,Zion Young,LB,games_played,0,null,No 2025 published player-week or resolved snap rows; the endpoint emits the fallback rather than null.
3,source absence rendered as a number,draft-board,25037,Zion Young,LB,team_games,17,null,No 2025 published player-week or resolved snap rows; the endpoint emits the fallback rather than null.
3,source absence rendered as a number,draft-board,25060,Bailey Zappe,QB,games_played,0,null,No 2025 published player-week or resolved snap rows; the endpoint emits the fallback rather than null.
3,source absence rendered as a number,draft-board,25060,Bailey Zappe,QB,team_games,17,null,No 2025 published player-week or resolved snap rows; the endpoint emits the fallback rather than null.
3,source absence rendered as a number,draft-board,25122,Dominic Zvada,PK,games_played,0,null,No 2025 published player-week or resolved snap rows; the endpoint emits the fallback rather than null.
3,source absence rendered as a number,draft-board,25122,Dominic Zvada,PK,team_games,17,null,No 2025 published player-week or resolved snap rows; the endpoint emits the fallback rather than null.
3,source absence rendered as a number,draft-board,25129,Jordan van den Berg,DT,games_played,0,null,No 2025 published player-week or resolved snap rows; the endpoint emits the fallback rather than null.
3,source absence rendered as a number,draft-board,25129,Jordan van den Berg,DT,team_games,17,null,No 2025 published player-week or resolved snap rows; the endpoint emits the fallback rather than null.
3,source absence rendered as a number,draft-board,29620,Gabriel Rubio,DE,games_played,0,null,No 2025 published player-week or resolved snap rows; the endpoint emits the fallback rather than null.
3,source absence rendered as a number,draft-board,29620,Gabriel Rubio,DE,team_games,17,null,No 2025 published player-week or resolved snap rows; the endpoint emits the fallback rather than null.
3,source absence rendered as a number,mock-pool + player-detail,412,Drew Allar,QB,games_played,0,null,No 2025 published player-week or resolved snap rows; the endpoint emits the fallback rather than null.
3,source absence rendered as a number,mock-pool + player-detail,412,Drew Allar,QB,team_games,17,null,No 2025 published player-week or resolved snap rows; the endpoint emits the fallback rather than null.
3,source absence rendered as a number,mock-pool + player-detail,1386,Tyler Bass,PK,games_played,0,null,No 2025 published player-week or resolved snap rows; the endpoint emits the fallback rather than null.
3,source absence rendered as a number,mock-pool + player-detail,1386,Tyler Bass,PK,team_games,17,null,No 2025 published player-week or resolved snap rows; the endpoint emits the fallback rather than null.
3,source absence rendered as a number,mock-pool + player-detail,1522,Carson Beck,QB,games_played,0,null,No 2025 published player-week or resolved snap rows; the endpoint emits the fallback rather than null.
3,source absence rendered as a number,mock-pool + player-detail,1522,Carson Beck,QB,team_games,17,null,No 2025 published player-week or resolved snap rows; the endpoint emits the fallback rather than null.
3,source absence rendered as a number,mock-pool + player-detail,1534,Odell Beckham Jr.,WR,games_played,0,null,No 2025 published player-week or resolved snap rows; the endpoint emits the fallback rather than null.
3,source absence rendered as a number,mock-pool + player-detail,1534,Odell Beckham Jr.,WR,team_games,17,null,No 2025 published player-week or resolved snap rows; the endpoint emits the fallback rather than null.
3,source absence rendered as a number,mock-pool + player-detail,1634,Skyler Bell,WR,games_played,0,null,No 2025 published player-week or resolved snap rows; the endpoint emits the fallback rather than null.
3,source absence rendered as a number,mock-pool + player-detail,1634,Skyler Bell,WR,team_games,17,null,No 2025 published player-week or resolved snap rows; the endpoint emits the fallback rather than null.
3,source absence rendered as a number,mock-pool + player-detail,1773,Germie Bernard,WR,games_played,0,null,No 2025 published player-week or resolved snap rows; the endpoint emits the fallback rather than null.
3,source absence rendered as a number,mock-pool + player-detail,1773,Germie Bernard,WR,team_games,17,null,No 2025 published player-week or resolved snap rows; the endpoint emits the fallback rather than null.
3,source absence rendered as a number,mock-pool + player-detail,2245,Denzel Boston,WR,games_played,0,null,No 2025 published player-week or resolved snap rows; the endpoint emits the fallback rather than null.
3,source absence rendered as a number,mock-pool + player-detail,2245,Denzel Boston,WR,team_games,17,null,No 2025 published player-week or resolved snap rows; the endpoint emits the fallback rather than null.
3,source absence rendered as a number,mock-pool + player-detail,2674,Jonathon Brooks,RB,games_played,0,null,No 2025 published player-week or resolved snap rows; the endpoint emits the fallback rather than null.
3,source absence rendered as a number,mock-pool + player-detail,2674,Jonathon Brooks,RB,team_games,17,null,No 2025 published player-week or resolved snap rows; the endpoint emits the fallback rather than null.
3,source absence rendered as a number,mock-pool + player-detail,2967,Tanner Brown,PK,games_played,0,null,No 2025 published player-week or resolved snap rows; the endpoint emits the fallback rather than null.
3,source absence rendered as a number,mock-pool + player-detail,2967,Tanner Brown,PK,team_games,17,null,No 2025 published player-week or resolved snap rows; the endpoint emits the fallback rather than null.
3,source absence rendered as a number,mock-pool + player-detail,4580,KC Concepcion,WR,games_played,0,null,No 2025 published player-week or resolved snap rows; the endpoint emits the fallback rather than null.
3,source absence rendered as a number,mock-pool + player-detail,4580,KC Concepcion,WR,team_games,17,null,No 2025 published player-week or resolved snap rows; the endpoint emits the fallback rather than null.
3,source absence rendered as a number,mock-pool + player-detail,4712,Omar Cooper Jr.,WR,games_played,0,null,No 2025 published player-week or resolved snap rows; the endpoint emits the fallback rather than null.
3,source absence rendered as a number,mock-pool + player-detail,4712,Omar Cooper Jr.,WR,team_games,17,null,No 2025 published player-week or resolved snap rows; the endpoint emits the fallback rather than null.
3,source absence rendered as a number,mock-pool + player-detail,5607,Tommy DeVito,QB,games_played,0,null,No 2025 published player-week or resolved snap rows; the endpoint emits the fallback rather than null.
3,source absence rendered as a number,mock-pool + player-detail,5607,Tommy DeVito,QB,team_games,17,null,No 2025 published player-week or resolved snap rows; the endpoint emits the fallback rather than null.
3,source absence rendered as a number,mock-pool + player-detail,7064,Malachi Fields,WR,games_played,0,null,No 2025 published player-week or resolved snap rows; the endpoint emits the fallback rather than null.
3,source absence rendered as a number,mock-pool + player-detail,7064,Malachi Fields,WR,team_games,17,null,No 2025 published player-week or resolved snap rows; the endpoint emits the fallback rather than null.
3,source absence rendered as a number,mock-pool + player-detail,9703,Eli Heidenreich,RB,games_played,0,null,No 2025 published player-week or resolved snap rows; the endpoint emits the fallback rather than null.
3,source absence rendered as a number,mock-pool + player-detail,9703,Eli Heidenreich,RB,team_games,17,null,No 2025 published player-week or resolved snap rows; the endpoint emits the fallback rather than null.
3,source absence rendered as a number,mock-pool + player-detail,10506,Will Howard,QB,games_played,0,null,No 2025 published player-week or resolved snap rows; the endpoint emits the fallback rather than null.
3,source absence rendered as a number,mock-pool + player-detail,10506,Will Howard,QB,team_games,17,null,No 2025 published player-week or resolved snap rows; the endpoint emits the fallback rather than null.
3,source absence rendered as a number,mock-pool + player-detail,11574,Emmett Johnson,RB,games_played,0,null,No 2025 published player-week or resolved snap rows; the endpoint emits the fallback rather than null.
3,source absence rendered as a number,mock-pool + player-detail,11574,Emmett Johnson,RB,team_games,17,null,No 2025 published player-week or resolved snap rows; the endpoint emits the fallback rather than null.
3,source absence rendered as a number,mock-pool + player-detail,12747,Cade Klubnik,QB,games_played,0,null,No 2025 published player-week or resolved snap rows; the endpoint emits the fallback rather than null.
3,source absence rendered as a number,mock-pool + player-detail,12747,Cade Klubnik,QB,team_games,17,null,No 2025 published player-week or resolved snap rows; the endpoint emits the fallback rather than null.
3,source absence rendered as a number,mock-pool + player-detail,13092,Ja'Kobi Lane,WR,games_played,0,null,No 2025 published player-week or resolved snap rows; the endpoint emits the fallback rather than null.
3,source absence rendered as a number,mock-pool + player-detail,13092,Ja'Kobi Lane,WR,team_games,17,null,No 2025 published player-week or resolved snap rows; the endpoint emits the fallback rather than null.
3,source absence rendered as a number,mock-pool + player-detail,13397,Makai Lemon,WR,games_played,0,null,No 2025 published player-week or resolved snap rows; the endpoint emits the fallback rather than null.
3,source absence rendered as a number,mock-pool + player-detail,13397,Makai Lemon,WR,team_games,17,null,No 2025 published player-week or resolved snap rows; the endpoint emits the fallback rather than null.
3,source absence rendered as a number,mock-pool + player-detail,13803,Jeremiyah Love,RB,games_played,0,null,No 2025 published player-week or resolved snap rows; the endpoint emits the fallback rather than null.
3,source absence rendered as a number,mock-pool + player-detail,13803,Jeremiyah Love,RB,team_games,17,null,No 2025 published player-week or resolved snap rows; the endpoint emits the fallback rather than null.
3,source absence rendered as a number,mock-pool + player-detail,15217,Fernando Mendoza,QB,games_played,0,null,No 2025 published player-week or resolved snap rows; the endpoint emits the fallback rather than null.
3,source absence rendered as a number,mock-pool + player-detail,15217,Fernando Mendoza,QB,team_games,17,null,No 2025 published player-week or resolved snap rows; the endpoint emits the fallback rather than null.
3,source absence rendered as a number,mock-pool + player-detail,18003,Jadarian Price,RB,games_played,0,null,No 2025 published player-week or resolved snap rows; the endpoint emits the fallback rather than null.
3,source absence rendered as a number,mock-pool + player-detail,18003,Jadarian Price,RB,team_games,17,null,No 2025 published player-week or resolved snap rows; the endpoint emits the fallback rather than null.
3,source absence rendered as a number,mock-pool + player-detail,18281,Eli Raridon,TE,games_played,0,null,No 2025 published player-week or resolved snap rows; the endpoint emits the fallback rather than null.
3,source absence rendered as a number,mock-pool + player-detail,18281,Eli Raridon,TE,team_games,17,null,No 2025 published player-week or resolved snap rows; the endpoint emits the fallback rather than null.
3,source absence rendered as a number,mock-pool + player-detail,19238,Sam Roush,TE,games_played,0,null,No 2025 published player-week or resolved snap rows; the endpoint emits the fallback rather than null.
3,source absence rendered as a number,mock-pool + player-detail,19238,Sam Roush,TE,team_games,17,null,No 2025 published player-week or resolved snap rows; the endpoint emits the fallback rather than null.
3,source absence rendered as a number,mock-pool + player-detail,19421,Kenyon Sadiq,TE,games_played,0,null,No 2025 published player-week or resolved snap rows; the endpoint emits the fallback rather than null.
3,source absence rendered as a number,mock-pool + player-detail,19421,Kenyon Sadiq,TE,team_games,17,null,No 2025 published player-week or resolved snap rows; the endpoint emits the fallback rather than null.
3,source absence rendered as a number,mock-pool + player-detail,19525,Jason Sanders,PK,games_played,0,null,No 2025 published player-week or resolved snap rows; the endpoint emits the fallback rather than null.
3,source absence rendered as a number,mock-pool + player-detail,19525,Jason Sanders,PK,team_games,17,null,No 2025 published player-week or resolved snap rows; the endpoint emits the fallback rather than null.
3,source absence rendered as a number,mock-pool + player-detail,20307,Ty Simpson,QB,games_played,0,null,No 2025 published player-week or resolved snap rows; the endpoint emits the fallback rather than null.
3,source absence rendered as a number,mock-pool + player-detail,20307,Ty Simpson,QB,team_games,17,null,No 2025 published player-week or resolved snap rows; the endpoint emits the fallback rather than null.
3,source absence rendered as a number,mock-pool + player-detail,20453,Trey Smack,PK,games_played,0,null,No 2025 published player-week or resolved snap rows; the endpoint emits the fallback rather than null.
3,source absence rendered as a number,mock-pool + player-detail,20453,Trey Smack,PK,team_games,17,null,No 2025 published player-week or resolved snap rows; the endpoint emits the fallback rather than null.
3,source absence rendered as a number,mock-pool + player-detail,21700,Carnell Tate,WR,games_played,0,null,No 2025 published player-week or resolved snap rows; the endpoint emits the fallback rather than null.
3,source absence rendered as a number,mock-pool + player-detail,21700,Carnell Tate,WR,team_games,17,null,No 2025 published player-week or resolved snap rows; the endpoint emits the fallback rather than null.
3,source absence rendered as a number,mock-pool + player-detail,22107,Zavion Thomas,WR,games_played,0,null,No 2025 published player-week or resolved snap rows; the endpoint emits the fallback rather than null.
3,source absence rendered as a number,mock-pool + player-detail,22107,Zavion Thomas,WR,team_games,17,null,No 2025 published player-week or resolved snap rows; the endpoint emits the fallback rather than null.
3,source absence rendered as a number,mock-pool + player-detail,22497,Michael Trigg,TE,games_played,0,null,No 2025 published player-week or resolved snap rows; the endpoint emits the fallback rather than null.
3,source absence rendered as a number,mock-pool + player-detail,22497,Michael Trigg,TE,team_games,17,null,No 2025 published player-week or resolved snap rows; the endpoint emits the fallback rather than null.
3,source absence rendered as a number,mock-pool + player-detail,22715,Jordyn Tyson,WR,games_played,0,null,No 2025 published player-week or resolved snap rows; the endpoint emits the fallback rather than null.
3,source absence rendered as a number,mock-pool + player-detail,22715,Jordyn Tyson,WR,team_games,17,null,No 2025 published player-week or resolved snap rows; the endpoint emits the fallback rather than null.
3,source absence rendered as a number,mock-pool + player-detail,24008,Antonio Williams,WR,games_played,0,null,No 2025 published player-week or resolved snap rows; the endpoint emits the fallback rather than null.
3,source absence rendered as a number,mock-pool + player-detail,24008,Antonio Williams,WR,team_games,17,null,No 2025 published player-week or resolved snap rows; the endpoint emits the fallback rather than null.
3,source absence rendered as a number,mock-pool + player-detail,25122,Dominic Zvada,PK,games_played,0,null,No 2025 published player-week or resolved snap rows; the endpoint emits the fallback rather than null.
3,source absence rendered as a number,mock-pool + player-detail,25122,Dominic Zvada,PK,team_games,17,null,No 2025 published player-week or resolved snap rows; the endpoint emits the fallback rather than null.
4,draft-board aggregate rounding disagreement,draft-board,1519,Jack Bech,WR,ppr_per_game_played,2.6,2.7,Published weekly PPR summed directly; mock pool and detail agree with it.
4,draft-board aggregate rounding disagreement,draft-board,2669,Jalen Brooks,WR,ppr_per_game_played,1.3,1.4,Published weekly PPR summed directly; mock pool and detail agree with it.
4,draft-board aggregate rounding disagreement,draft-board,16838,Chris Olave,WR,ppr_per_game_played,16.8,16.7,Published weekly PPR summed directly; mock pool and detail agree with it.
4,draft-board aggregate rounding disagreement,draft-board,19865,Zavier Scott,RB,ppr_per_game_played,2.4,2.5,Published weekly PPR summed directly; mock pool and detail agree with it.
4,draft-board aggregate rounding disagreement,draft-board,23435,Jordan Watkins,WR,ppr_per_game_played,1.1,1.2,Published weekly PPR summed directly; mock pool and detail agree with it.
4,draft-board aggregate rounding disagreement,draft-board,24802,Xavier Worthy,WR,ppr_per_game_played,7.8,7.9,Published weekly PPR summed directly; mock pool and detail agree with it.
4,snap percentage loses weekly precision,draft-board,13816,Colston Loveland,TE,snap_pct,65.0,64.0,Endpoint aggregate has 16 weekly snap values; published snap source has 16.
4,snap percentage loses weekly precision,draft-board,14674,Ladd McConkey,WR,snap_pct,77.0,78.0,Endpoint aggregate has 16 weekly snap values; published snap source has 16.
4,snap percentage loses weekly precision,draft-board,17642,Kenny Pickett,QB,snap_pct,28.0,29.0,Endpoint aggregate has 6 weekly snap values; published snap source has 6.
4,target share loses weekly precision,draft-board,819,Elijah Arroyo,TE,target_share,7.8,7.9,All weekly shares are present; the ingest rounded each published weekly value to three decimals before averaging.
4,target share loses weekly precision,draft-board,881,Tutu Atwell,WR,target_share,5.0,4.9,All weekly shares are present; the ingest rounded each published weekly value to three decimals before averaging.
4,target share loses weekly precision,draft-board,2746,A.J. Brown,WR,target_share,28.6,28.7,All weekly shares are present; the ingest rounded each published weekly value to three decimals before averaging.
4,target share loses weekly precision,draft-board,3235,Treylon Burks,WR,target_share,12.6,12.5,All weekly shares are present; the ingest rounded each published weekly value to three decimals before averaging.
4,target share loses weekly precision,draft-board,4589,Tyler Conklin,TE,target_share,4.6,4.7,All weekly shares are present; the ingest rounded each published weekly value to three decimals before averaging.
4,target share loses weekly precision,draft-board,6768,Mike Evans,WR,target_share,24.4,24.3,All weekly shares are present; the ingest rounded each published weekly value to three decimals before averaging.
4,target share loses weekly precision,draft-board,6860,Noah Fant,TE,target_share,9.1,9.2,All weekly shares are present; the ingest rounded each published weekly value to three decimals before averaging.
4,target share loses weekly precision,draft-board,7979,Jahmyr Gibbs,RB,target_share,16.1,16.2,All weekly shares are present; the ingest rounded each published weekly value to three decimals before averaging.
4,target share loses weekly precision,draft-board,9552,Jackson Hawes,TE,target_share,5.6,5.7,All weekly shares are present; the ingest rounded each published weekly value to three decimals before averaging.
4,target share loses weekly precision,draft-board,9725,Gunnar Helm,TE,target_share,10.6,10.7,All weekly shares are present; the ingest rounded each published weekly value to three decimals before averaging.
4,target share loses weekly precision,draft-board,11672,Tez Johnson,WR,target_share,9.1,9.2,All weekly shares are present; the ingest rounded each published weekly value to three decimals before averaging.
4,target share loses weekly precision,draft-board,12719,George Kittle,TE,target_share,21.4,21.5,All weekly shares are present; the ingest rounded each published weekly value to three decimals before averaging.
4,target share loses weekly precision,draft-board,12926,Lucas Krull,TE,target_share,7.0,7.1,All weekly shares are present; the ingest rounded each published weekly value to three decimals before averaging.
4,target share loses weekly precision,draft-board,13730,Hunter Long,TE,target_share,6.8,6.9,All weekly shares are present; the ingest rounded each published weekly value to three decimals before averaging.
4,target share loses weekly precision,draft-board,14279,Tay Martin,WR,target_share,4.2,4.3,All weekly shares are present; the ingest rounded each published weekly value to three decimals before averaging.
4,target share loses weekly precision,draft-board,16254,Jalen Nailor,WR,target_share,11.6,11.7,All weekly shares are present; the ingest rounded each published weekly value to three decimals before averaging.
4,target share loses weekly precision,draft-board,17348,Ricky Pearsall,WR,target_share,17.9,18.0,All weekly shares are present; the ingest rounded each published weekly value to three decimals before averaging.
4,target share loses weekly precision,draft-board,20310,Ben Sims,TE,target_share,8.2,8.3,All weekly shares are present; the ingest rounded each published weekly value to three decimals before averaging.
4,target share loses weekly precision,draft-board,21333,Cade Stover,TE,target_share,9.2,9.3,All weekly shares are present; the ingest rounded each published weekly value to three decimals before averaging.
4,target share loses weekly precision,draft-board,21575,D'Andre Swift,RB,target_share,9.3,9.4,All weekly shares are present; the ingest rounded each published weekly value to three decimals before averaging.
4,target share loses weekly precision,draft-board,23408,Tahj Washington,WR,target_share,8.9,9.0,All weekly shares are present; the ingest rounded each published weekly value to three decimals before averaging.
4,target share loses weekly precision,draft-board,23514,Theo Wease Jr.,WR,target_share,13.0,13.1,All weekly shares are present; the ingest rounded each published weekly value to three decimals before averaging.
4,target share loses weekly precision,draft-board,23814,Rachaad White,RB,target_share,8.2,8.3,All weekly shares are present; the ingest rounded each published weekly value to three decimals before averaging.
4,target share loses weekly precision,mock-pool + player-detail,881,Tutu Atwell,WR,target_share,5.0,4.9,All weekly shares are present; the ingest rounded each published weekly value to three decimals before averaging.
4,target share loses weekly precision,mock-pool + player-detail,2746,A.J. Brown,WR,target_share,28.6,28.7,All weekly shares are present; the ingest rounded each published weekly value to three decimals before averaging.
4,target share loses weekly precision,mock-pool + player-detail,7979,Jahmyr Gibbs,RB,target_share,16.1,16.2,All weekly shares are present; the ingest rounded each published weekly value to three decimals before averaging.
4,target share loses weekly precision,mock-pool + player-detail,9725,Gunnar Helm,TE,target_share,10.6,10.7,All weekly shares are present; the ingest rounded each published weekly value to three decimals before averaging.
4,target share loses weekly precision,mock-pool + player-detail,12719,George Kittle,TE,target_share,21.4,21.5,All weekly shares are present; the ingest rounded each published weekly value to three decimals before averaging.
4,target share loses weekly precision,mock-pool + player-detail,16254,Jalen Nailor,WR,target_share,11.6,11.7,All weekly shares are present; the ingest rounded each published weekly value to three decimals before averaging.
4,target share loses weekly precision,mock-pool + player-detail,17348,Ricky Pearsall,WR,target_share,17.9,18.0,All weekly shares are present; the ingest rounded each published weekly value to three decimals before averaging.
4,target share loses weekly precision,mock-pool + player-detail,21575,D'Andre Swift,RB,target_share,9.3,9.4,All weekly shares are present; the ingest rounded each published weekly value to three decimals before averaging.
4,target share loses weekly precision,mock-pool + player-detail,23814,Rachaad White,RB,target_share,8.2,8.3,All weekly shares are present; the ingest rounded each published weekly value to three decimals before averaging.
5,live ADP source refresh drift,draft-board,138,Yasir Abdullah,LB,adp,169.8,169.81,DB snapshot is 2026-07-28T17:38:31.888534+00:00; published ESPN ownership data was fetched during this audit.
5,live ADP source refresh drift,draft-board,138,Yasir Abdullah,LB,percent_owned,1.03,1.02,DB snapshot is 2026-07-28T17:38:31.888534+00:00; published ESPN ownership data was fetched during this audit.
5,live ADP source refresh drift,draft-board,144,Keith Abney II,CB,adp,169.58,169.59,DB snapshot is 2026-07-28T17:38:31.888534+00:00; published ESPN ownership data was fetched during this audit.
5,live ADP source refresh drift,draft-board,144,Keith Abney II,CB,percent_owned,1.73,1.72,DB snapshot is 2026-07-28T17:38:31.888534+00:00; published ESPN ownership data was fetched during this audit.
5,live ADP source refresh drift,draft-board,158,Kris Abrams-Draine,CB,percent_owned,0.71,0.7,DB snapshot is 2026-07-28T17:38:31.888534+00:00; published ESPN ownership data was fetched during this audit.
5,live ADP source refresh drift,draft-board,159,De'Von Achane,RB,adp,12.91,12.89,DB snapshot is 2026-07-28T17:38:31.888534+00:00; published ESPN ownership data was fetched during this audit.
5,live ADP source refresh drift,draft-board,187,Davante Adams,WR,adp,46.06,46.04,DB snapshot is 2026-07-28T17:38:31.888534+00:00; published ESPN ownership data was fetched during this audit.
5,live ADP source refresh drift,draft-board,215,Myles Adams,DE,adp,168.93,168.82,DB snapshot is 2026-07-28T17:38:31.888534+00:00; published ESPN ownership data was fetched during this audit.
5,live ADP source refresh drift,draft-board,215,Myles Adams,DE,percent_owned,0.77,0.85,DB snapshot is 2026-07-28T17:38:31.888534+00:00; published ESPN ownership data was fetched during this audit.
5,live ADP source refresh drift,draft-board,229,Tony Adams,S,adp,170.8,170.78,DB snapshot is 2026-07-28T17:38:31.888534+00:00; published ESPN ownership data was fetched during this audit.
5,live ADP source refresh drift,draft-board,229,Tony Adams,S,percent_owned,5.49,5.46,DB snapshot is 2026-07-28T17:38:31.888534+00:00; published ESPN ownership data was fetched during this audit.
5,live ADP source refresh drift,draft-board,242,Jordan Addison,WR,adp,120.58,120.56,DB snapshot is 2026-07-28T17:38:31.888534+00:00; published ESPN ownership data was fetched during this audit.
5,live ADP source refresh drift,draft-board,244,Adetomiwa Adebawore,DT,adp,170.83,170.8,DB snapshot is 2026-07-28T17:38:31.888534+00:00; published ESPN ownership data was fetched during this audit.
5,live ADP source refresh drift,draft-board,245,Paulson Adebo,CB,adp,178.72,178.23,DB snapshot is 2026-07-28T17:38:31.888534+00:00; published ESPN ownership data was fetched during this audit.
5,live ADP source refresh drift,draft-board,245,Paulson Adebo,CB,percent_owned,33.25,33.26,DB snapshot is 2026-07-28T17:38:31.888534+00:00; published ESPN ownership data was fetched during this audit.
5,live ADP source refresh drift,draft-board,287,Salvon Ahmed,RB,adp,169.99,170.0,DB snapshot is 2026-07-28T17:38:31.888534+00:00; published ESPN ownership data was fetched during this audit.
5,live ADP source refresh drift,draft-board,300,Brandon Aiyuk,WR,adp,170.44,170.42,DB snapshot is 2026-07-28T17:38:31.888534+00:00; published ESPN ownership data was fetched during this audit.
5,live ADP source refresh drift,draft-board,300,Brandon Aiyuk,WR,percent_owned,8.02,7.98,DB snapshot is 2026-07-28T17:38:31.888534+00:00; published ESPN ownership data was fetched during this audit.
5,live ADP source refresh drift,draft-board,302,Austin Ajiake,LB,adp,170.08,170.07,DB snapshot is 2026-07-28T17:38:31.888534+00:00; published ESPN ownership data was fetched during this audit.
5,live ADP source refresh drift,draft-board,302,Austin Ajiake,LB,percent_owned,3.04,3.03,DB snapshot is 2026-07-28T17:38:31.888534+00:00; published ESPN ownership data was fetched during this audit.
5,live ADP source refresh drift,draft-board,319,Azeez Al-Shaair,LB,adp,177.53,177.34,DB snapshot is 2026-07-28T17:38:31.888534+00:00; published ESPN ownership data was fetched during this audit.
5,live ADP source refresh drift,draft-board,319,Azeez Al-Shaair,LB,percent_owned,23.17,23.06,DB snapshot is 2026-07-28T17:38:31.888534+00:00; published ESPN ownership data was fetched during this audit.
5,live ADP source refresh drift,draft-board,376,Maurice Alexander,WR,adp,170.01,170.0,DB snapshot is 2026-07-28T17:38:31.888534+00:00; published ESPN ownership data was fetched during this audit.
5,live ADP source refresh drift,draft-board,398,Dee Alford,CB,adp,170.83,170.81,DB snapshot is 2026-07-28T17:38:31.888534+00:00; published ESPN ownership data was fetched during this audit.
5,live ADP source refresh drift,draft-board,398,Dee Alford,CB,percent_owned,2.98,2.97,DB snapshot is 2026-07-28T17:38:31.888534+00:00; published ESPN ownership data was fetched during this audit.
5,live ADP source refresh drift,draft-board,408,Mo Alie-Cox,TE,percent_owned,0.09,0.1,DB snapshot is 2026-07-28T17:38:31.888534+00:00; published ESPN ownership data was fetched during this audit.
5,live ADP source refresh drift,draft-board,412,Drew Allar,QB,adp,169.94,169.93,DB snapshot is 2026-07-28T17:38:31.888534+00:00; published ESPN ownership data was fetched during this audit.
5,live ADP source refresh drift,draft-board,425,Braelon Allen,RB,adp,169.17,169.18,DB snapshot is 2026-07-28T17:38:31.888534+00:00; published ESPN ownership data was fetched during this audit.
5,live ADP source refresh drift,draft-board,435,CJ Allen,LB,adp,176.16,176.01,DB snapshot is 2026-07-28T17:38:31.888534+00:00; published ESPN ownership data was fetched during this audit.
5,live ADP source refresh drift,draft-board,435,CJ Allen,LB,percent_owned,12.33,12.26,DB snapshot is 2026-07-28T17:38:31.888534+00:00; published ESPN ownership data was fetched during this audit.
5,live ADP source refresh drift,draft-board,466,Jonathan Allen,DT,adp,170.76,170.73,DB snapshot is 2026-07-28T17:38:31.888534+00:00; published ESPN ownership data was fetched during this audit.
5,live ADP source refresh drift,draft-board,466,Jonathan Allen,DT,percent_owned,6.77,6.73,DB snapshot is 2026-07-28T17:38:31.888534+00:00; published ESPN ownership data was fetched during this audit.
5,live ADP source refresh drift,draft-board,469,Josh Allen,QB,adp,22.86,22.85,DB snapshot is 2026-07-28T17:38:31.888534+00:00; published ESPN ownership data was fetched during this audit.
5,live ADP source refresh drift,draft-board,475,Kyle Allen,QB,adp,169.94,169.95,DB snapshot is 2026-07-28T17:38:31.888534+00:00; published ESPN ownership data was fetched during this audit.
5,live ADP source refresh drift,draft-board,477,LeQuint Allen Jr.,RB,adp,170.3,170.29,DB snapshot is 2026-07-28T17:38:31.888534+00:00; published ESPN ownership data was fetched during this audit.
5,live ADP source refresh drift,draft-board,504,Zach Allen,DE,adp,171.54,171.12,DB snapshot is 2026-07-28T17:38:31.888534+00:00; published ESPN ownership data was fetched during this audit.
5,live ADP source refresh drift,draft-board,504,Zach Allen,DE,percent_owned,8.65,8.69,DB snapshot is 2026-07-28T17:38:31.888534+00:00; published ESPN ownership data was fetched during this audit.
5,live ADP source refresh drift,draft-board,507,Tyler Allgeier,RB,adp,169.83,169.84,DB snapshot is 2026-07-28T17:38:31.888534+00:00; published ESPN ownership data was fetched during this audit.
5,live ADP source refresh drift,draft-board,507,Tyler Allgeier,RB,percent_owned,19.6,19.52,DB snapshot is 2026-07-28T17:38:31.888534+00:00; published ESPN ownership data was fetched during this audit.
5,live ADP source refresh drift,draft-board,555,Trey Amos,CB,percent_owned,1.88,1.87,DB snapshot is 2026-07-28T17:38:31.888534+00:00; published ESPN ownership data was fetched during this audit.
5,live ADP source refresh drift,draft-board,566,Troy Andersen,LB,adp,170.8,170.78,DB snapshot is 2026-07-28T17:38:31.888534+00:00; published ESPN ownership data was fetched during this audit.
5,live ADP source refresh drift,draft-board,566,Troy Andersen,LB,percent_owned,3.78,3.76,DB snapshot is 2026-07-28T17:38:31.888534+00:00; published ESPN ownership data was fetched during this audit.
5,live ADP source refresh drift,draft-board,603,Evan Anderson,DT,adp,170.8,170.77,DB snapshot is 2026-07-28T17:38:31.888534+00:00; published ESPN ownership data was fetched during this audit.
5,live ADP source refresh drift,draft-board,665,Will Anderson Jr.,DE,adp,103.71,102.87,DB snapshot is 2026-07-28T17:38:31.888534+00:00; published ESPN ownership data was fetched during this audit.
5,live ADP source refresh drift,draft-board,665,Will Anderson Jr.,DE,percent_owned,81.39,81.5,DB snapshot is 2026-07-28T17:38:31.888534+00:00; published ESPN ownership data was fetched during this audit.
5,live ADP source refresh drift,draft-board,670,Zayne Anderson,S,adp,171.15,171.12,DB snapshot is 2026-07-28T17:38:31.888534+00:00; published ESPN ownership data was fetched during this audit.
5,live ADP source refresh drift,draft-board,672,Joe Andreessen,LB,adp,170.53,170.52,DB snapshot is 2026-07-28T17:38:31.888534+00:00; published ESPN ownership data was fetched during this audit.
5,live ADP source refresh drift,draft-board,682,Mark Andrews,TE,adp,119.74,119.72,DB snapshot is 2026-07-28T17:38:31.888534+00:00; published ESPN ownership data was fetched during this audit.
5,live ADP source refresh drift,draft-board,682,Mark Andrews,TE,percent_owned,80.6,80.64,DB snapshot is 2026-07-28T17:38:31.888534+00:00; published ESPN ownership data was fetched during this audit.
5,live ADP source refresh drift,draft-board,725,Felix Anudike-Uzomah,DE,percent_owned,1.35,1.34,DB snapshot is 2026-07-28T17:38:31.888534+00:00; published ESPN ownership data was fetched during this audit.
5,live ADP source refresh drift,draft-board,728,Chigozie Anusiem,CB,percent_owned,0.24,0.23,DB snapshot is 2026-07-28T17:38:31.888534+00:00; published ESPN ownership data was fetched during this audit.
5,live ADP source refresh drift,draft-board,729,Alex Anzalone,LB,adp,178.2,178.0,DB snapshot is 2026-07-28T17:38:31.888534+00:00; published ESPN ownership data was fetched during this audit.
5,live ADP source refresh drift,draft-board,729,Alex Anzalone,LB,percent_owned,14.3,14.31,DB snapshot is 2026-07-28T17:38:31.888534+00:00; published ESPN ownership data was fetched during this audit.
5,live ADP source refresh drift,draft-board,732,Eli Apple,CB,adp,176.35,176.2,DB snapshot is 2026-07-28T17:38:31.888534+00:00; published ESPN ownership data was fetched during this audit.
5,live ADP source refresh drift,draft-board,732,Eli Apple,CB,percent_owned,1.18,1.17,DB snapshot is 2026-07-28T17:38:31.888534+00:00; published ESPN ownership data was fetched during this audit.
5,live ADP source refresh drift,draft-board,771,Arik Armstead,DT,adp,175.23,175.06,DB snapshot is 2026-07-28T17:38:31.888534+00:00; published ESPN ownership data was fetched during this audit.
5,live ADP source refresh drift,draft-board,771,Arik Armstead,DT,percent_owned,3.94,3.92,DB snapshot is 2026-07-28T17:38:31.888534+00:00; published ESPN ownership data was fetched during this audit.
5,live ADP source refresh drift,draft-board,786,Dorance Armstrong,DE,adp,175.13,174.99,DB snapshot is 2026-07-28T17:38:31.888534+00:00; published ESPN ownership data was fetched during this audit.
5,live ADP source refresh drift,draft-board,786,Dorance Armstrong,DE,percent_owned,4.83,4.8,DB snapshot is 2026-07-28T17:38:31.888534+00:00; published ESPN ownership data was fetched during this audit.
5,live ADP source refresh drift,draft-board,882,Brandon Aubrey,PK,adp,85.34,85.36,DB snapshot is 2026-07-28T17:38:31.888534+00:00; published ESPN ownership data was fetched during this audit.
5,live ADP source refresh drift,draft-board,941,Chidobe Awuzie,CB,adp,174.13,174.03,DB snapshot is 2026-07-28T17:38:31.888534+00:00; published ESPN ownership data was fetched during this audit.
5,live ADP source refresh drift,draft-board,1000,David Bailey,LB,adp,174.91,174.77,DB snapshot is 2026-07-28T17:38:31.888534+00:00; published ESPN ownership data was fetched during this audit.
5,live ADP source refresh drift,draft-board,1000,David Bailey,LB,percent_owned,19.32,19.21,DB snapshot is 2026-07-28T17:38:31.888534+00:00; published ESPN ownership data was fetched during this audit.
5,live ADP source refresh drift,draft-board,1036,Rueben Bain Jr.,LB,adp,175.79,175.63,DB snapshot is 2026-07-28T17:38:31.888534+00:00; published ESPN ownership data was fetched during this audit.
5,live ADP source refresh drift,draft-board,1036,Rueben Bain Jr.,LB,percent_owned,16.63,16.69,DB snapshot is 2026-07-28T17:38:31.888534+00:00; published ESPN ownership data was fetched during this audit.
5,live ADP source refresh drift,draft-board,1044,Budda Baker,S,adp,146.17,146.08,DB snapshot is 2026-07-28T17:38:31.888534+00:00; published ESPN ownership data was fetched during this audit.
5,live ADP source refresh drift,draft-board,1044,Budda Baker,S,percent_owned,62.7,62.48,DB snapshot is 2026-07-28T17:38:31.888534+00:00; published ESPN ownership data was fetched during this audit.
5,live ADP source refresh drift,draft-board,1050,Darrell Baker Jr.,CB,adp,171.24,171.21,DB snapshot is 2026-07-28T17:38:31.888534+00:00; published ESPN ownership data was fetched during this audit.
5,live ADP source refresh drift,draft-board,1050,Darrell Baker Jr.,CB,percent_owned,1.02,1.01,DB snapshot is 2026-07-28T17:38:31.888534+00:00; published ESPN ownership data was fetched during this audit.
5,live ADP source refresh drift,draft-board,1104,Johnathan Baldwin,S,adp,170.36,170.35,DB snapshot is 2026-07-28T17:38:31.888534+00:00; published ESPN ownership data was fetched during this audit.
5,live ADP source refresh drift,draft-board,1104,Johnathan Baldwin,S,percent_owned,0.66,0.65,DB snapshot is 2026-07-28T17:38:31.888534+00:00; published ESPN ownership data was fetched during this audit.
5,live ADP source refresh drift,draft-board,1160,Caleb Banks,DT,percent_owned,2.4,2.39,DB snapshot is 2026-07-28T17:38:31.888534+00:00; published ESPN ownership data was fetched during this audit.
5,live ADP source refresh drift,draft-board,1164,Deonte Banks,CB,adp,170.2,170.19,DB snapshot is 2026-07-28T17:38:31.888534+00:00; published ESPN ownership data was fetched during this audit.
5,live ADP source refresh drift,draft-board,1164,Deonte Banks,CB,percent_owned,1.96,1.95,DB snapshot is 2026-07-28T17:38:31.888534+00:00; published ESPN ownership data was fetched during this audit.
5,live ADP source refresh drift,draft-board,1224,Jaishawn Barham,LB,percent_owned,1.31,1.3,DB snapshot is 2026-07-28T17:38:31.888534+00:00; published ESPN ownership data was fetched during this audit.
5,live ADP source refresh drift,draft-board,1235,Saquon Barkley,RB,adp,17.01,17.02,DB snapshot is 2026-07-28T17:38:31.888534+00:00; published ESPN ownership data was fetched during this audit.
5,live ADP source refresh drift,draft-board,1243,Christian Barmore,DT,adp,171.24,171.2,DB snapshot is 2026-07-28T17:38:31.888534+00:00; published ESPN ownership data was fetched during this audit.
5,live ADP source refresh drift,draft-board,1243,Christian Barmore,DT,percent_owned,1.97,1.96,DB snapshot is 2026-07-28T17:38:31.888534+00:00; published ESPN ownership data was fetched during this audit.
5,live ADP source refresh drift,draft-board,1247,AJ Barner,TE,adp,169.14,169.12,DB snapshot is 2026-07-28T17:38:31.888534+00:00; published ESPN ownership data was fetched during this audit.
5,live ADP source refresh drift,draft-board,1247,AJ Barner,TE,percent_owned,4.06,4.07,DB snapshot is 2026-07-28T17:38:31.888534+00:00; published ESPN ownership data was fetched during this audit.
5,live ADP source refresh drift,draft-board,1259,Derrick Barnes,LB,adp,173.81,173.71,DB snapshot is 2026-07-28T17:38:31.888534+00:00; published ESPN ownership data was fetched during this audit.
5,live ADP source refresh drift,draft-board,1259,Derrick Barnes,LB,percent_owned,6.98,6.95,DB snapshot is 2026-07-28T17:38:31.888534+00:00; published ESPN ownership data was fetched during this audit.
5,live ADP source refresh drift,draft-board,1328,Jahdae Barron,CB,adp,171.43,171.4,DB snapshot is 2026-07-28T17:38:31.888534+00:00; published ESPN ownership data was fetched during this audit.
5,live ADP source refresh drift,draft-board,1328,Jahdae Barron,CB,percent_owned,1.96,1.95,DB snapshot is 2026-07-28T17:38:31.888534+00:00; published ESPN ownership data was fetched during this audit.
5,live ADP source refresh drift,draft-board,1348,Gavin Bartholomew,TE,adp,169.96,169.97,DB snapshot is 2026-07-28T17:38:31.888534+00:00; published ESPN ownership data was fetched during this audit.
5,live ADP source refresh drift,draft-board,1356,Cody Barton,LB,adp,175.01,174.89,DB snapshot is 2026-07-28T17:38:31.888534+00:00; published ESPN ownership data was fetched during this audit.
5,live ADP source refresh drift,draft-board,1356,Cody Barton,LB,percent_owned,8.22,8.18,DB snapshot is 2026-07-28T17:38:31.888534+00:00; published ESPN ownership data was fetched during this audit.
5,live ADP source refresh drift,draft-board,1386,Tyler Bass,PK,adp,169.86,169.87,DB snapshot is 2026-07-28T17:38:31.888534+00:00; published ESPN ownership data was fetched during this audit.
5,live ADP source refresh drift,draft-board,1387,Jeffrey Bassa,LB,adp,170.55,170.53,DB snapshot is 2026-07-28T17:38:31.888534+00:00; published ESPN ownership data was fetched during this audit.
5,live ADP source refresh drift,draft-board,1394,Rashod Bateman,WR,adp,170.42,170.41,DB snapshot is 2026-07-28T17:38:31.888534+00:00; published ESPN ownership data was fetched during this audit.
5,live ADP source refresh drift,draft-board,1394,Rashod Bateman,WR,percent_owned,2.98,2.99,DB snapshot is 2026-07-28T17:38:31.888534+00:00; published ESPN ownership data was fetched during this audit.
5,live ADP source refresh drift,draft-board,1399,Jake Bates,PK,adp,155.23,155.2,DB snapshot is 2026-07-28T17:38:31.888534+00:00; published ESPN ownership data was fetched during this audit.
5,live ADP source refresh drift,draft-board,1399,Jake Bates,PK,percent_owned,75.19,75.16,DB snapshot is 2026-07-28T17:38:31.888534+00:00; published ESPN ownership data was fetched during this audit.
5,live ADP source refresh drift,draft-board,1400,Jessie Bates,S,adp,177.06,176.67,DB snapshot is 2026-07-28T17:38:31.888534+00:00; published ESPN ownership data was fetched during this audit.
5,live ADP source refresh drift,draft-board,1400,Jessie Bates,S,percent_owned,22.87,22.84,DB snapshot is 2026-07-28T17:38:31.888534+00:00; published ESPN ownership data was fetched during this audit.
5,live ADP source refresh drift,draft-board,1423,Jordan Battle,S,adp,172.2,171.98,DB snapshot is 2026-07-28T17:38:31.888534+00:00; published ESPN ownership data was fetched during this audit.
5,live ADP source refresh drift,draft-board,1423,Jordan Battle,S,percent_owned,35.9,35.97,DB snapshot is 2026-07-28T17:38:31.888534+00:00; published ESPN ownership data was fetched during this audit.
5,live ADP source refresh drift,draft-board,1446,Zack Baun,LB,adp,164.14,163.85,DB snapshot is 2026-07-28T17:38:31.888534+00:00; published ESPN ownership data was fetched during this audit.
5,live ADP source refresh drift,draft-board,1446,Zack Baun,LB,percent_owned,41.17,41.13,DB snapshot is 2026-07-28T17:38:31.888534+00:00; published ESPN ownership data was fetched during this audit.
5,live ADP source refresh drift,draft-board,1482,Robert Beal Jr.,DE,adp,171.05,171.02,DB snapshot is 2026-07-28T17:38:31.888534+00:00; published ESPN ownership data was fetched during this audit.
5,live ADP source refresh drift,draft-board,1519,Jack Bech,WR,adp,170.89,170.88,DB snapshot is 2026-07-28T17:38:31.888534+00:00; published ESPN ownership data was fetched during this audit.
5,live ADP source refresh drift,draft-board,1522,Carson Beck,QB,adp,169.96,169.97,DB snapshot is 2026-07-28T17:38:31.888534+00:00; published ESPN ownership data was fetched during this audit.
5,live ADP source refresh drift,draft-board,1534,Odell Beckham Jr.,WR,adp,169.34,169.35,DB snapshot is 2026-07-28T17:38:31.888534+00:00; published ESPN ownership data was fetched during this audit.
5,live ADP source refresh drift,draft-board,1583,Chris Bell,WR,percent_owned,4.8,4.78,DB snapshot is 2026-07-28T17:38:31.888534+00:00; published ESPN ownership data was fetched during this audit.
5,live ADP source refresh drift,draft-board,1585,D'Anthony Bell,S,percent_owned,0.25,0.24,DB snapshot is 2026-07-28T17:38:31.888534+00:00; published ESPN ownership data was fetched during this audit.
5,live ADP source refresh drift,draft-board,1598,Jaheim Bell,TE,percent_owned,0.05,0.04,DB snapshot is 2026-07-28T17:38:31.888534+00:00; published ESPN ownership data was fetched during this audit.
5,live ADP source refresh drift,draft-board,1633,Ronnie Bell,WR,adp,170.0,169.99,DB snapshot is 2026-07-28T17:38:31.888534+00:00; published ESPN ownership data was fetched during this audit.
5,live ADP source refresh drift,draft-board,1657,Nick Bellore,LB,adp,171.34,171.28,DB snapshot is 2026-07-28T17:38:31.888534+00:00; published ESPN ownership data was fetched during this audit.
5,live ADP source refresh drift,draft-board,1657,Nick Bellore,LB,percent_owned,6.24,6.3,DB snapshot is 2026-07-28T17:38:31.888534+00:00; published ESPN ownership data was fetched during this audit.
5,live ADP source refresh drift,draft-board,1661,Dane Belton,S,adp,171.59,171.55,DB snapshot is 2026-07-28T17:38:31.888534+00:00; published ESPN ownership data was fetched during this audit.
5,live ADP source refresh drift,draft-board,1661,Dane Belton,S,percent_owned,2.13,2.12,DB snapshot is 2026-07-28T17:38:31.888534+00:00; published ESPN ownership data was fetched during this audit.
5,live ADP source refresh drift,draft-board,1677,Christian Benford,CB,adp,170.41,170.4,DB snapshot is 2026-07-28T17:38:31.888534+00:00; published ESPN ownership data was fetched during this audit.
5,live ADP source refresh drift,draft-board,1677,Christian Benford,CB,percent_owned,3.29,3.28,DB snapshot is 2026-07-28T17:38:31.888534+00:00; published ESPN ownership data was fetched during this audit.
5,live ADP source refresh drift,draft-board,1709,Jakorian Bennett,CB,adp,170.19,170.18,DB snapshot is 2026-07-28T17:38:31.888534+00:00; published ESPN ownership data was fetched during this audit.
5,live ADP source refresh drift,draft-board,1709,Jakorian Bennett,CB,percent_owned,0.24,0.23,DB snapshot is 2026-07-28T17:38:31.888534+00:00; published ESPN ownership data was fetched during this audit.
5,live ADP source refresh drift,draft-board,1749,Keeanu Benton,DT,adp,172.25,172.18,DB snapshot is 2026-07-28T17:38:31.888534+00:00; published ESPN ownership data was fetched during this audit.
5,live ADP source refresh drift,draft-board,1749,Keeanu Benton,DT,percent_owned,2.66,2.73,DB snapshot is 2026-07-28T17:38:31.888534+00:00; published ESPN ownership data was fetched during this audit.
5,live ADP source refresh drift,draft-board,1773,Germie Bernard,WR,adp,169.48,169.5,DB snapshot is 2026-07-28T17:38:31.888534+00:00; published ESPN ownership data was fetched during this audit.
5,live ADP source refresh drift,draft-board,1773,Germie Bernard,WR,percent_owned,7.35,7.34,DB snapshot is 2026-07-28T17:38:31.888534+00:00; published ESPN ownership data was fetched during this audit.
5,live ADP source refresh drift,draft-board,1777,Terrel Bernard,LB,adp,175.49,175.36,DB snapshot is 2026-07-28T17:38:31.888534+00:00; published ESPN ownership data was fetched during this audit.
5,live ADP source refresh drift,draft-board,1777,Terrel Bernard,LB,percent_owned,15.94,15.86,DB snapshot is 2026-07-28T17:38:31.888534+00:00; published ESPN ownership data was fetched during this audit.
5,live ADP source refresh drift,draft-board,1778,Uar Bernard,DT,adp,170.22,170.21,DB snapshot is 2026-07-28T17:38:31.888534+00:00; published ESPN ownership data was fetched during this audit.
5,live ADP source refresh drift,draft-board,1813,JD Bertrand,LB,percent_owned,0.99,0.98,DB snapshot is 2026-07-28T17:38:31.888534+00:00; published ESPN ownership data was fetched during this audit.
5,live ADP source refresh drift,draft-board,1830,Tatum Bethune,LB,adp,171.17,171.14,DB snapshot is 2026-07-28T17:38:31.888534+00:00; published ESPN ownership data was fetched during this audit.
5,live ADP source refresh drift,draft-board,1830,Tatum Bethune,LB,percent_owned,3.94,3.92,DB snapshot is 2026-07-28T17:38:31.888534+00:00; published ESPN ownership data was fetched during this audit.
5,live ADP source refresh drift,draft-board,1866,Zeek Biggers,DT,adp,171.68,171.62,DB snapshot is 2026-07-28T17:38:31.888534+00:00; published ESPN ownership data was fetched during this audit.
5,live ADP source refresh drift,draft-board,1903,Cole Bishop,S,adp,177.6,177.41,DB snapshot is 2026-07-28T17:38:31.888534+00:00; published ESPN ownership data was fetched during this audit.
5,live ADP source refresh drift,draft-board,1903,Cole Bishop,S,percent_owned,19.1,19.0,DB snapshot is 2026-07-28T17:38:31.888534+00:00; published ESPN ownership data was fetched during this audit.
5,live ADP source refresh drift,draft-board,1932,Kaelon Black,RB,adp,170.18,170.17,DB snapshot is 2026-07-28T17:38:31.888534+00:00; published ESPN ownership data was fetched during this audit.
5,live ADP source refresh drift,draft-board,1932,Kaelon Black,RB,percent_owned,2.37,2.36,DB snapshot is 2026-07-28T17:38:31.888534+00:00; published ESPN ownership data was fetched during this audit.
5,live ADP source refresh drift,draft-board,1944,Yahya Black,DE,adp,171.71,171.65,DB snapshot is 2026-07-28T17:38:31.888534+00:00; published ESPN ownership data was fetched during this audit.
5,live ADP source refresh drift,draft-board,1953,Julian Blackmon,S,percent_owned,3.2,3.18,DB snapshot is 2026-07-28T17:38:31.888534+00:00; published ESPN ownership data was fetched during this audit.
5,live ADP source refresh drift,draft-board,1955,Mekhi Blackmon,CB,adp,170.85,170.83,DB snapshot is 2026-07-28T17:38:31.888534+00:00; published ESPN ownership data was fetched during this audit.
5,live ADP source refresh drift,draft-board,1955,Mekhi Blackmon,CB,percent_owned,1.18,1.25,DB snapshot is 2026-07-28T17:38:31.888534+00:00; published ESPN ownership data was fetched during this audit.
5,live ADP source refresh drift,draft-board,2007,DaRon Bland,CB,adp,179.61,179.25,DB snapshot is 2026-07-28T17:38:31.888534+00:00; published ESPN ownership data was fetched during this audit.
5,live ADP source refresh drift,draft-board,2007,DaRon Bland,CB,percent_owned,33.25,33.18,DB snapshot is 2026-07-28T17:38:31.888534+00:00; published ESPN ownership data was fetched during this audit.
5,live ADP source refresh drift,draft-board,2012,Reed Blankenship,S,adp,169.54,169.55,DB snapshot is 2026-07-28T17:38:31.888534+00:00; published ESPN ownership data was fetched during this audit.
5,live ADP source refresh drift,draft-board,2012,Reed Blankenship,S,percent_owned,8.93,8.88,DB snapshot is 2026-07-28T17:38:31.888534+00:00; published ESPN ownership data was fetched during this audit.
5,live ADP source refresh drift,draft-board,2092,Bryce Boettcher,LB,adp,170.56,170.55,DB snapshot is 2026-07-28T17:38:31.888534+00:00; published ESPN ownership data was fetched during this audit.
5,live ADP source refresh drift,draft-board,2092,Bryce Boettcher,LB,percent_owned,2.22,2.29,DB snapshot is 2026-07-28T17:38:31.888534+00:00; published ESPN ownership data was fetched during this audit.
5,live ADP source refresh drift,draft-board,2100,Quinton Bohanna,DT,adp,171.54,171.49,DB snapshot is 2026-07-28T17:38:31.888534+00:00; published ESPN ownership data was fetched during this audit.
5,live ADP source refresh drift,draft-board,2138,Nick Bolton,LB,adp,114.61,114.83,DB snapshot is 2026-07-28T17:38:31.888534+00:00; published ESPN ownership data was fetched during this audit.
5,live ADP source refresh drift,draft-board,2138,Nick Bolton,LB,percent_owned,79.46,79.48,DB snapshot is 2026-07-28T17:38:31.888534+00:00; published ESPN ownership data was fetched during this audit.
5,live ADP source refresh drift,draft-board,2154,Nik Bonitto,LB,adp,165.65,165.77,DB snapshot is 2026-07-28T17:38:31.888534+00:00; published ESPN ownership data was fetched during this audit.
5,live ADP source refresh drift,draft-board,2154,Nik Bonitto,LB,percent_owned,32.54,32.36,DB snapshot is 2026-07-28T17:38:31.888534+00:00; published ESPN ownership data was fetched during this audit.
5,live ADP source refresh drift,draft-board,2168,Austin Booker,DE,adp,177.22,177.01,DB snapshot is 2026-07-28T17:38:31.888534+00:00; published ESPN ownership data was fetched during this audit.
5,live ADP source refresh drift,draft-board,2168,Austin Booker,DE,percent_owned,5.86,5.83,DB snapshot is 2026-07-28T17:38:31.888534+00:00; published ESPN ownership data was fetched during this audit.
5,live ADP source refresh drift,draft-board,2171,Thomas Booker,DT,adp,170.97,170.94,DB snapshot is 2026-07-28T17:38:31.888534+00:00; published ESPN ownership data was fetched during this audit.
5,live ADP source refresh drift,draft-board,2171,Thomas Booker,DT,percent_owned,1.46,1.45,DB snapshot is 2026-07-28T17:38:31.888534+00:00; published ESPN ownership data was fetched during this audit.
5,live ADP source refresh drift,draft-board,2217,Andy Borregales,PK,adp,170.11,170.1,DB snapshot is 2026-07-28T17:38:31.888534+00:00; published ESPN ownership data was fetched during this audit.
5,live ADP source refresh drift,draft-board,2217,Andy Borregales,PK,percent_owned,3.36,3.37,DB snapshot is 2026-07-28T17:38:31.888534+00:00; published ESPN ownership data was fetched during this audit.
5,live ADP source refresh drift,draft-board,2227,Nick Bosa,DE,adp,129.9,129.66,DB snapshot is 2026-07-28T17:38:31.888534+00:00; published ESPN ownership data was fetched during this audit.
5,live ADP source refresh drift,draft-board,2227,Nick Bosa,DE,percent_owned,69.83,69.84,DB snapshot is 2026-07-28T17:38:31.888534+00:00; published ESPN ownership data was fetched during this audit.
5,live ADP source refresh drift,draft-board,2245,Denzel Boston,WR,percent_owned,11.31,11.3,DB snapshot is 2026-07-28T17:38:31.888534+00:00; published ESPN ownership data was fetched during this audit.
5,live ADP source refresh drift,draft-board,2247,Chris Boswell,PK,percent_owned,38.67,38.65,DB snapshot is 2026-07-28T17:38:31.888534+00:00; published ESPN ownership data was fetched during this audit.
5,live ADP source refresh drift,draft-board,2265,Kayshon Boutte,WR,adp,170.45,170.44,DB snapshot is 2026-07-28T17:38:31.888534+00:00; published ESPN ownership data was fetched during this audit.
5,live ADP source refresh drift,draft-board,2288,Brock Bowers,TE,adp,23.27,23.26,DB snapshot is 2026-07-28T17:38:31.888534+00:00; published ESPN ownership data was fetched during this audit.
5,live ADP source refresh drift,draft-board,2288,Brock Bowers,TE,percent_owned,99.73,99.74,DB snapshot is 2026-07-28T17:38:31.888534+00:00; published ESPN ownership data was fetched during this audit.
5,live ADP source refresh drift,draft-board,2301,Billy Bowman Jr.,CB,adp,172.23,172.18,DB snapshot is 2026-07-28T17:38:31.888534+00:00; published ESPN ownership data was fetched during this audit.
5,live ADP source refresh drift,draft-board,2301,Billy Bowman Jr.,CB,percent_owned,1.73,1.72,DB snapshot is 2026-07-28T17:38:31.888534+00:00; published ESPN ownership data was fetched during this audit.
5,live ADP source refresh drift,draft-board,2449,Brian Branch,DB,adp,166.58,166.15,DB snapshot is 2026-07-28T17:38:31.888534+00:00; published ESPN ownership data was fetched during this audit.
5,live ADP source refresh drift,draft-board,2449,Brian Branch,DB,percent_owned,47.7,47.55,DB snapshot is 2026-07-28T17:38:31.888534+00:00; published ESPN ownership data was fetched during this audit.
5,live ADP source refresh drift,draft-board,2459,Zachariah Branch,WR,adp,170.03,170.02,DB snapshot is 2026-07-28T17:38:31.888534+00:00; published ESPN ownership data was fetched during this audit.
5,live ADP source refresh drift,draft-board,2459,Zachariah Branch,WR,percent_owned,2.38,2.37,DB snapshot is 2026-07-28T17:38:31.888534+00:00; published ESPN ownership data was fetched during this audit.
5,live ADP source refresh drift,draft-board,2480,Christian Braswell,CB,adp,171.71,171.67,DB snapshot is 2026-07-28T17:38:31.888534+00:00; published ESPN ownership data was fetched during this audit.
5,live ADP source refresh drift,draft-board,2501,Chris Brazzell II,WR,adp,170.24,170.22,DB snapshot is 2026-07-28T17:38:31.888534+00:00; published ESPN ownership data was fetched during this audit.
5,live ADP source refresh drift,draft-board,2525,Julius Brents,CB,adp,170.65,170.63,DB snapshot is 2026-07-28T17:38:31.888534+00:00; published ESPN ownership data was fetched during this audit.
5,live ADP source refresh drift,draft-board,2526,Bryan Bresee,DT,adp,176.23,176.03,DB snapshot is 2026-07-28T17:38:31.888534+00:00; published ESPN ownership data was fetched during this audit.
5,live ADP source refresh drift,draft-board,2526,Bryan Bresee,DT,percent_owned,3.0,2.98,DB snapshot is 2026-07-28T17:38:31.888534+00:00; published ESPN ownership data was fetched during this audit.
5,live ADP source refresh drift,draft-board,2551,Teddy Bridgewater,QB,adp,169.96,169.97,DB snapshot is 2026-07-28T17:38:31.888534+00:00; published ESPN ownership data was fetched during this audit.
5,live ADP source refresh drift,draft-board,2557,Jowon Briggs,DT,adp,171.35,171.3,DB snapshot is 2026-07-28T17:38:31.888534+00:00; published ESPN ownership data was fetched during this audit.
5,live ADP source refresh drift,draft-board,2557,Jowon Briggs,DT,percent_owned,0.69,0.68,DB snapshot is 2026-07-28T17:38:31.888534+00:00; published ESPN ownership data was fetched during this audit.
5,live ADP source refresh drift,draft-board,2591,Jaquan Brisker,S,adp,178.08,177.87,DB snapshot is 2026-07-28T17:38:31.888534+00:00; published ESPN ownership data was fetched during this audit.
5,live ADP source refresh drift,draft-board,2591,Jaquan Brisker,S,percent_owned,22.77,22.74,DB snapshot is 2026-07-28T17:38:31.888534+00:00; published ESPN ownership data was fetched during this audit.
5,live ADP source refresh drift,draft-board,2592,Jacoby Brissett,QB,percent_owned,2.52,2.53,DB snapshot is 2026-07-28T17:38:31.888534+00:00; published ESPN ownership data was fetched during this audit.
5,live ADP source refresh drift,draft-board,2601,K.J. Britt,LB,adp,170.56,170.54,DB snapshot is 2026-07-28T17:38:31.888534+00:00; published ESPN ownership data was fetched during this audit.
5,live ADP source refresh drift,draft-board,2601,K.J. Britt,LB,percent_owned,2.22,2.21,DB snapshot is 2026-07-28T17:38:31.888534+00:00; published ESPN ownership data was fetched during this audit.
5,live ADP source refresh drift,draft-board,2658,Chris Brooks,RB,adp,170.2,170.19,DB snapshot is 2026-07-28T17:38:31.888534+00:00; published ESPN ownership data was fetched during this audit.
5,live ADP source refresh drift,draft-board,2674,Jonathon Brooks,RB,adp,131.2,131.22,DB snapshot is 2026-07-28T17:38:31.888534+00:00; published ESPN ownership data was fetched during this audit.
5,live ADP source refresh drift,draft-board,2674,Jonathon Brooks,RB,percent_owned,75.4,75.44,DB snapshot is 2026-07-28T17:38:31.888534+00:00; published ESPN ownership data was fetched during this audit.
5,live ADP source refresh drift,draft-board,2675,Jordyn Brooks,LB,adp,74.7,74.05,DB snapshot is 2026-07-28T17:38:31.888534+00:00; published ESPN ownership data was fetched during this audit.
5,live ADP source refresh drift,draft-board,2675,Jordyn Brooks,LB,percent_owned,90.48,90.6,DB snapshot is 2026-07-28T17:38:31.888534+00:00; published ESPN ownership data was fetched during this audit.
5,live ADP source refresh drift,draft-board,2677,Karl Brooks,DT,percent_owned,0.6,0.68,DB snapshot is 2026-07-28T17:38:31.888534+00:00; published ESPN ownership data was fetched during this audit.
5,live ADP source refresh drift,draft-board,2678,Kendell Brooks,S,adp,171.82,171.77,DB snapshot is 2026-07-28T17:38:31.888534+00:00; published ESPN ownership data was fetched during this audit.
5,live ADP source refresh drift,draft-board,2707,Max Brosmer,QB,percent_owned,0.05,0.04,DB snapshot is 2026-07-28T17:38:31.888534+00:00; published ESPN ownership data was fetched during this audit.
5,live ADP source refresh drift,draft-board,2772,Chase Brown,RB,adp,26.48,26.47,DB snapshot is 2026-07-28T17:38:31.888534+00:00; published ESPN ownership data was fetched during this audit.
5,live ADP source refresh drift,draft-board,2814,Derrick Brown,DT,adp,165.59,164.43,DB snapshot is 2026-07-28T17:38:31.888534+00:00; published ESPN ownership data was fetched during this audit.
5,live ADP source refresh drift,draft-board,2814,Derrick Brown,DT,percent_owned,39.93,40.12,DB snapshot is 2026-07-28T17:38:31.888534+00:00; published ESPN ownership data was fetched during this audit.
5,live ADP source refresh drift,draft-board,2821,Dyami Brown,WR,adp,170.24,170.23,DB snapshot is 2026-07-28T17:38:31.888534+00:00; published ESPN ownership data was fetched during this audit.
5,live ADP source refresh drift,draft-board,2859,Ji'Ayir Brown,S,adp,172.52,172.46,DB snapshot is 2026-07-28T17:38:31.888534+00:00; published ESPN ownership data was fetched during this audit.
5,live ADP source refresh drift,draft-board,2859,Ji'Ayir Brown,S,percent_owned,5.33,5.3,DB snapshot is 2026-07-28T17:38:31.888534+00:00; published ESPN ownership data was fetched during this audit.
5,live ADP source refresh drift,draft-board,2905,Marquise Brown,WR,percent_owned,0.76,0.75,DB snapshot is 2026-07-28T17:38:31.888534+00:00; published ESPN ownership data was fetched during this audit.
5,live ADP source refresh drift,draft-board,2910,Mike Brown,S,adp,171.72,171.67,DB snapshot is 2026-07-28T17:38:31.888534+00:00; published ESPN ownership data was fetched during this audit.
5,live ADP source refresh drift,draft-board,2910,Mike Brown,S,percent_owned,0.25,0.24,DB snapshot is 2026-07-28T17:38:31.888534+00:00; published ESPN ownership data was fetched during this audit.
5,live ADP source refresh drift,draft-board,2914,Montaric Brown,CB,adp,170.89,170.87,DB snapshot is 2026-07-28T17:38:31.888534+00:00; published ESPN ownership data was fetched during this audit.
5,live ADP source refresh drift,draft-board,3007,Baron Browning,LB,adp,170.51,170.5,DB snapshot is 2026-07-28T17:38:31.888534+00:00; published ESPN ownership data was fetched during this audit.
5,live ADP source refresh drift,draft-board,3011,Jake Browning,QB,adp,170.0,169.99,DB snapshot is 2026-07-28T17:38:31.888534+00:00; published ESPN ownership data was fetched during this audit.
5,live ADP source refresh drift,draft-board,3064,Coby Bryant,S,adp,170.36,170.35,DB snapshot is 2026-07-28T17:38:31.888534+00:00; published ESPN ownership data was fetched during this audit.
5,live ADP source refresh drift,draft-board,3064,Coby Bryant,S,percent_owned,5.82,5.79,DB snapshot is 2026-07-28T17:38:31.888534+00:00; published ESPN ownership data was fetched during this audit.
5,live ADP source refresh drift,draft-board,3083,Myles Bryant,CB,adp,171.18,171.15,DB snapshot is 2026-07-28T17:38:31.888534+00:00; published ESPN ownership data was fetched during this audit.
5,live ADP source refresh drift,draft-board,3115,Teddye Buchanan,LB,adp,174.43,174.32,DB snapshot is 2026-07-28T17:38:31.888534+00:00; published ESPN ownership data was fetched during this audit.
5,live ADP source refresh drift,draft-board,3115,Teddye Buchanan,LB,percent_owned,6.74,6.7,DB snapshot is 2026-07-28T17:38:31.888534+00:00; published ESPN ownership data was fetched during this audit.
5,live ADP source refresh drift,draft-board,3132,DeForest Buckner,DT,adp,161.32,160.27,DB snapshot is 2026-07-28T17:38:31.888534+00:00; published ESPN ownership data was fetched during this audit.
5,live ADP source refresh drift,draft-board,3132,DeForest Buckner,DT,percent_owned,50.56,50.6,DB snapshot is 2026-07-28T17:38:31.888534+00:00; published ESPN ownership data was fetched during this audit.
5,live ADP source refresh drift,draft-board,3137,Shane Buechele,QB,adp,169.97,169.96,DB snapshot is 2026-07-28T17:38:31.888534+00:00; published ESPN ownership data was fetched during this audit.
5,live ADP source refresh drift,draft-board,3155,Javon Bullard,S,adp,169.09,169.11,DB snapshot is 2026-07-28T17:38:31.888534+00:00; published ESPN ownership data was fetched during this audit.
5,live ADP source refresh drift,draft-board,3155,Javon Bullard,S,percent_owned,4.47,4.45,DB snapshot is 2026-07-28T17:38:31.888534+00:00; published ESPN ownership data was fetched during this audit.
5,live ADP source refresh drift,draft-board,3156,Jonathan Bullard,DT,adp,173.22,173.12,DB snapshot is 2026-07-28T17:38:31.888534+00:00; published ESPN ownership data was fetched during this audit.
5,live ADP source refresh drift,draft-board,3160,Calen Bullock,S,adp,170.92,170.89,DB snapshot is 2026-07-28T17:38:31.888534+00:00; published ESPN ownership data was fetched during this audit.
5,live ADP source refresh drift,draft-board,3160,Calen Bullock,S,percent_owned,4.26,4.24,DB snapshot is 2026-07-28T17:38:31.888534+00:00; published ESPN ownership data was fetched during this audit.
5,live ADP source refresh drift,draft-board,3194,Luther Burden III,WR,adp,76.14,76.16,DB snapshot is 2026-07-28T17:38:31.888534+00:00; published ESPN ownership data was fetched during this audit.
5,live ADP source refresh drift,draft-board,3230,Oren Burks,LB,adp,170.83,170.81,DB snapshot is 2026-07-28T17:38:31.888534+00:00; published ESPN ownership data was fetched during this audit.
5,live ADP source refresh drift,draft-board,3230,Oren Burks,LB,percent_owned,2.88,2.86,DB snapshot is 2026-07-28T17:38:31.888534+00:00; published ESPN ownership data was fetched during this audit.
5,live ADP source refresh drift,draft-board,3258,Brian Burns,LB,adp,124.06,123.2,DB snapshot is 2026-07-28T17:38:31.888534+00:00; published ESPN ownership data was fetched during this audit.
5,live ADP source refresh drift,draft-board,3258,Brian Burns,LB,percent_owned,74.15,74.21,DB snapshot is 2026-07-28T17:38:31.888534+00:00; published ESPN ownership data was fetched during this audit.
5,live ADP source refresh drift,draft-board,3288,Joe Burrow,QB,adp,59.58,59.61,DB snapshot is 2026-07-28T17:38:31.888534+00:00; published ESPN ownership data was fetched during this audit.
5,live ADP source refresh drift,draft-board,3319,Devin Bush,LB,adp,174.54,173.89,DB snapshot is 2026-07-28T17:38:31.888534+00:00; published ESPN ownership data was fetched during this audit.
5,live ADP source refresh drift,draft-board,3319,Devin Bush,LB,percent_owned,26.05,26.0,DB snapshot is 2026-07-28T17:38:31.888534+00:00; published ESPN ownership data was fetched during this audit.
5,live ADP source refresh drift,draft-board,3338,Harrison Butker,PK,adp,150.97,150.95,DB snapshot is 2026-07-28T17:38:31.888534+00:00; published ESPN ownership data was fetched during this audit.
5,live ADP source refresh drift,draft-board,3338,Harrison Butker,PK,percent_owned,71.93,71.98,DB snapshot is 2026-07-28T17:38:31.888534+00:00; published ESPN ownership data was fetched during this audit.
5,live ADP source refresh drift,draft-board,3339,Adam Butler,DT,adp,183.68,183.25,DB snapshot is 2026-07-28T17:38:31.888534+00:00; published ESPN ownership data was fetched during this audit.
5,live ADP source refresh drift,draft-board,3339,Adam Butler,DT,percent_owned,7.11,7.07,DB snapshot is 2026-07-28T17:38:31.888534+00:00; published ESPN ownership data was fetched during this audit.
5,live ADP source refresh drift,draft-board,3373,Matthew Butler,DT,adp,171.95,171.89,DB snapshot is 2026-07-28T17:38:31.888534+00:00; published ESPN ownership data was fetched during this audit.
5,live ADP source refresh drift,draft-board,3400,Kevin Byard,S,adp,181.48,180.66,DB snapshot is 2026-07-28T17:38:31.888534+00:00; published ESPN ownership data was fetched during this audit.
5,live ADP source refresh drift,draft-board,3400,Kevin Byard,S,percent_owned,15.72,15.73,DB snapshot is 2026-07-28T17:38:31.888534+00:00; published ESPN ownership data was fetched during this audit.
5,live ADP source refresh drift,draft-board,3411,Camryn Bynum,S,adp,177.36,177.18,DB snapshot is 2026-07-28T17:38:31.888534+00:00; published ESPN ownership data was fetched during this audit.
5,live ADP source refresh drift,draft-board,3411,Camryn Bynum,S,percent_owned,8.52,8.48,DB snapshot is 2026-07-28T17:38:31.888534+00:00; published ESPN ownership data was fetched during this audit.
5,live ADP source refresh drift,draft-board,3480,Jamaree Caldwell,DT,adp,170.95,170.92,DB snapshot is 2026-07-28T17:38:31.888534+00:00; published ESPN ownership data was fetched during this audit.
5,live ADP source refresh drift,draft-board,3480,Jamaree Caldwell,DT,percent_owned,0.69,0.68,DB snapshot is 2026-07-28T17:38:31.888534+00:00; published ESPN ownership data was fetched during this audit.
5,live ADP source refresh drift,draft-board,3527,Calais Campbell,DE,adp,166.87,166.47,DB snapshot is 2026-07-28T17:38:31.888534+00:00; published ESPN ownership data was fetched during this audit.
5,live ADP source refresh drift,draft-board,3527,Calais Campbell,DE,percent_owned,11.31,11.33,DB snapshot is 2026-07-28T17:38:31.888534+00:00; published ESPN ownership data was fetched during this audit.
5,live ADP source refresh drift,draft-board,3546,Jack Campbell,LB,adp,95.94,95.08,DB snapshot is 2026-07-28T17:38:31.888534+00:00; published ESPN ownership data was fetched during this audit.
5,live ADP source refresh drift,draft-board,3546,Jack Campbell,LB,percent_owned,89.56,89.78,DB snapshot is 2026-07-28T17:38:31.888534+00:00; published ESPN ownership data was fetched during this audit.
5,live ADP source refresh drift,draft-board,3550,Jihaad Campbell,LB,adp,177.58,177.39,DB snapshot is 2026-07-28T17:38:31.888534+00:00; published ESPN ownership data was fetched during this audit.
5,live ADP source refresh drift,draft-board,3550,Jihaad Campbell,LB,percent_owned,14.79,14.72,DB snapshot is 2026-07-28T17:38:31.888534+00:00; published ESPN ownership data was fetched during this audit.
5,live ADP source refresh drift,draft-board,3570,Tyson Campbell,CB,adp,176.86,176.31,DB snapshot is 2026-07-28T17:38:31.888534+00:00; published ESPN ownership data was fetched during this audit.
5,live ADP source refresh drift,draft-board,3570,Tyson Campbell,CB,percent_owned,38.75,38.8,DB snapshot is 2026-07-28T17:38:31.888534+00:00; published ESPN ownership data was fetched during this audit.
5,live ADP source refresh drift,draft-board,3581,Jadon Canady,CB,adp,171.67,171.63,DB snapshot is 2026-07-28T17:38:31.888534+00:00; published ESPN ownership data was fetched during this audit.
5,live ADP source refresh drift,draft-board,3581,Jadon Canady,CB,percent_owned,0.39,0.38,DB snapshot is 2026-07-28T17:38:31.888534+00:00; published ESPN ownership data was fetched during this audit.
5,live ADP source refresh drift,draft-board,3631,Jaylon Carlies,LB,percent_owned,0.58,0.57,DB snapshot is 2026-07-28T17:38:31.888534+00:00; published ESPN ownership data was fetched during this audit.
5,live ADP source refresh drift,draft-board,3733,Abdul Carter,LB,adp,175.84,175.67,DB snapshot is 2026-07-28T17:38:31.888534+00:00; published ESPN ownership data was fetched during this audit.
5,live ADP source refresh drift,draft-board,3733,Abdul Carter,LB,percent_owned,16.31,16.22,DB snapshot is 2026-07-28T17:38:31.888534+00:00; published ESPN ownership data was fetched during this audit.
5,live ADP source refresh drift,draft-board,3741,Barrett Carter,LB,adp,175.35,175.21,DB snapshot is 2026-07-28T17:38:31.888534+00:00; published ESPN ownership data was fetched during this audit.
5,live ADP source refresh drift,draft-board,3741,Barrett Carter,LB,percent_owned,22.35,22.24,DB snapshot is 2026-07-28T17:38:31.888534+00:00; published ESPN ownership data was fetched during this audit.
5,live ADP source refresh drift,draft-board,3766,Jalen Carter,DT,adp,174.56,174.42,DB snapshot is 2026-07-28T17:38:31.888534+00:00; published ESPN ownership data was fetched during this audit.
5,live ADP source refresh drift,draft-board,3766,Jalen Carter,DT,percent_owned,28.45,28.36,DB snapshot is 2026-07-28T17:38:31.888534+00:00; published ESPN ownership data was fetched during this audit.
5,live ADP source refresh drift,draft-board,3846,Blake Cashman,LB,adp,83.36,83.04,DB snapshot is 2026-07-28T17:38:31.888534+00:00; published ESPN ownership data was fetched during this audit.
5,live ADP source refresh drift,draft-board,3846,Blake Cashman,LB,percent_owned,88.74,88.8,DB snapshot is 2026-07-28T17:38:31.888534+00:00; published ESPN ownership data was fetched during this audit.
5,live ADP source refresh drift,draft-board,3920,K'Lavon Chaisson,LB,adp,170.85,170.83,DB snapshot is 2026-07-28T17:38:31.888534+00:00; published ESPN ownership data was fetched during this audit.
5,live ADP source refresh drift,draft-board,3920,K'Lavon Chaisson,LB,percent_owned,2.06,2.05,DB snapshot is 2026-07-28T17:38:31.888534+00:00; published ESPN ownership data was fetched during this audit.
5,live ADP source refresh drift,draft-board,3967,Zach Charbonnet,RB,adp,155.13,155.18,DB snapshot is 2026-07-28T17:38:31.888534+00:00; published ESPN ownership data was fetched during this audit.
5,live ADP source refresh drift,draft-board,3967,Zach Charbonnet,RB,percent_owned,68.5,68.36,DB snapshot is 2026-07-28T17:38:31.888534+00:00; published ESPN ownership data was fetched during this audit.
5,live ADP source refresh drift,draft-board,3984,Ja'Marr Chase,WR,adp,4.58,4.59,DB snapshot is 2026-07-28T17:38:31.888534+00:00; published ESPN ownership data was fetched during this audit.
5,live ADP source refresh drift,draft-board,4006,Leo Chenal,LB,percent_owned,3.29,3.27,DB snapshot is 2026-07-28T17:38:31.888534+00:00; published ESPN ownership data was fetched during this audit.
5,live ADP source refresh drift,draft-board,4007,Claudin Cherelus,LB,adp,170.16,170.15,DB snapshot is 2026-07-28T17:38:31.888534+00:00; published ESPN ownership data was fetched during this audit.
5,live ADP source refresh drift,draft-board,4055,Jeremy Chinn,S,adp,161.67,161.4,DB snapshot is 2026-07-28T17:38:31.888534+00:00; published ESPN ownership data was fetched during this audit.
5,live ADP source refresh drift,draft-board,4057,Dan Chisena,WR,adp,170.01,170.0,DB snapshot is 2026-07-28T17:38:31.888534+00:00; published ESPN ownership data was fetched during this audit.
5,live ADP source refresh drift,draft-board,4057,Dan Chisena,WR,percent_owned,0.02,0.03,DB snapshot is 2026-07-28T17:38:31.888534+00:00; published ESPN ownership data was fetched during this audit.
5,live ADP source refresh drift,draft-board,4087,Bradley Chubb,LB,adp,178.35,178.11,DB snapshot is 2026-07-28T17:38:31.888534+00:00; published ESPN ownership data was fetched during this audit.
5,live ADP source refresh drift,draft-board,4087,Bradley Chubb,LB,percent_owned,11.16,11.1,DB snapshot is 2026-07-28T17:38:31.888534+00:00; published ESPN ownership data was fetched during this audit.
5,live ADP source refresh drift,draft-board,4106,Andre Cisco,S,adp,170.79,170.77,DB snapshot is 2026-07-28T17:38:31.888534+00:00; published ESPN ownership data was fetched during this audit.
5,live ADP source refresh drift,draft-board,4106,Andre Cisco,S,percent_owned,2.05,2.04,DB snapshot is 2026-07-28T17:38:31.888534+00:00; published ESPN ownership data was fetched during this audit.
5,live ADP source refresh drift,draft-board,4108,Brandon Cisse,CB,percent_owned,1.02,1.01,DB snapshot is 2026-07-28T17:38:31.888534+00:00; published ESPN ownership data was fetched during this audit.
5,live ADP source refresh drift,draft-board,4142,Chuck Clark,S,adp,173.22,173.14,DB snapshot is 2026-07-28T17:38:31.888534+00:00; published ESPN ownership data was fetched during this audit.
5,live ADP source refresh drift,draft-board,4142,Chuck Clark,S,percent_owned,3.93,4.0,DB snapshot is 2026-07-28T17:38:31.888534+00:00; published ESPN ownership data was fetched during this audit.
5,live ADP source refresh drift,draft-board,4148,Damone Clark,LB,percent_owned,0.99,0.98,DB snapshot is 2026-07-28T17:38:31.888534+00:00; published ESPN ownership data was fetched during this audit.
5,live ADP source refresh drift,draft-board,4174,Jordan Clark,CB,adp,171.35,171.32,DB snapshot is 2026-07-28T17:38:31.888534+00:00; published ESPN ownership data was fetched during this audit.
5,live ADP source refresh drift,draft-board,4178,Kenny Clark,DT,adp,170.31,170.3,DB snapshot is 2026-07-28T17:38:31.888534+00:00; published ESPN ownership data was fetched during this audit.
5,live ADP source refresh drift,draft-board,4178,Kenny Clark,DT,percent_owned,3.43,3.41,DB snapshot is 2026-07-28T17:38:31.888534+00:00; published ESPN ownership data was fetched during this audit.
5,live ADP source refresh drift,draft-board,4266,Micheal Clemons,DE,adp,171.16,171.12,DB snapshot is 2026-07-28T17:38:31.888534+00:00; published ESPN ownership data was fetched during this audit.
5,live ADP source refresh drift,draft-board,4275,Brandon Cleveland,DT,adp,170.44,170.42,DB snapshot is 2026-07-28T17:38:31.888534+00:00; published ESPN ownership data was fetched during this audit.
5,live ADP source refresh drift,draft-board,4339,Jack Cochrane,LB,adp,170.62,170.6,DB snapshot is 2026-07-28T17:38:31.888534+00:00; published ESPN ownership data was fetched during this audit.
5,live ADP source refresh drift,draft-board,4339,Jack Cochrane,LB,percent_owned,1.07,1.06,DB snapshot is 2026-07-28T17:38:31.888534+00:00; published ESPN ownership data was fetched during this audit.
5,live ADP source refresh drift,draft-board,4376,Jalen Coker,WR,adp,161.68,161.69,DB snapshot is 2026-07-28T17:38:31.888534+00:00; published ESPN ownership data was fetched during this audit.
5,live ADP source refresh drift,draft-board,4376,Jalen Coker,WR,percent_owned,41.34,41.3,DB snapshot is 2026-07-28T17:38:31.888534+00:00; published ESPN ownership data was fetched during this audit.
5,live ADP source refresh drift,draft-board,4435,Jonah Coleman,RB,adp,170.03,170.04,DB snapshot is 2026-07-28T17:38:31.888534+00:00; published ESPN ownership data was fetched during this audit.
5,live ADP source refresh drift,draft-board,4435,Jonah Coleman,RB,percent_owned,3.47,3.45,DB snapshot is 2026-07-28T17:38:31.888534+00:00; published ESPN ownership data was fetched during this audit.
5,live ADP source refresh drift,draft-board,4440,Keon Coleman,WR,adp,170.03,170.01,DB snapshot is 2026-07-28T17:38:31.888534+00:00; published ESPN ownership data was fetched during this audit.
5,live ADP source refresh drift,draft-board,4486,Alfred Collins,DT,percent_owned,0.69,0.68,DB snapshot is 2026-07-28T17:38:31.888534+00:00; published ESPN ownership data was fetched during this audit.
5,live ADP source refresh drift,draft-board,4524,Maliek Collins,DT,adp,180.39,180.06,DB snapshot is 2026-07-28T17:38:31.888534+00:00; published ESPN ownership data was fetched during this audit.
5,live ADP source refresh drift,draft-board,4524,Maliek Collins,DT,percent_owned,3.08,3.07,DB snapshot is 2026-07-28T17:38:31.888534+00:00; published ESPN ownership data was fetched during this audit.
5,live ADP source refresh drift,draft-board,4530,Nico Collins,WR,adp,27.66,27.67,DB snapshot is 2026-07-28T17:38:31.888534+00:00; published ESPN ownership data was fetched during this audit.
5,live ADP source refresh drift,draft-board,4539,Zaven Collins,LB,percent_owned,1.19,1.18,DB snapshot is 2026-07-28T17:38:31.888534+00:00; published ESPN ownership data was fetched during this audit.
5,live ADP source refresh drift,draft-board,4554,Junior Colson,LB,adp,171.13,171.1,DB snapshot is 2026-07-28T17:38:31.888534+00:00; published ESPN ownership data was fetched during this audit.
5,live ADP source refresh drift,draft-board,4554,Junior Colson,LB,percent_owned,2.63,2.62,DB snapshot is 2026-07-28T17:38:31.888534+00:00; published ESPN ownership data was fetched during this audit.
5,live ADP source refresh drift,draft-board,4563,Branson Combs,LB,adp,170.57,170.56,DB snapshot is 2026-07-28T17:38:31.888534+00:00; published ESPN ownership data was fetched during this audit.
5,live ADP source refresh drift,draft-board,4563,Branson Combs,LB,percent_owned,0.66,0.65,DB snapshot is 2026-07-28T17:38:31.888534+00:00; published ESPN ownership data was fetched during this audit.
5,live ADP source refresh drift,draft-board,4580,KC Concepcion,WR,adp,143.81,143.84,DB snapshot is 2026-07-28T17:38:31.888534+00:00; published ESPN ownership data was fetched during this audit.
5,live ADP source refresh drift,draft-board,4580,KC Concepcion,WR,percent_owned,75.58,75.56,DB snapshot is 2026-07-28T17:38:31.888534+00:00; published ESPN ownership data was fetched during this audit.
5,live ADP source refresh drift,draft-board,4589,Tyler Conklin,TE,adp,169.99,170.0,DB snapshot is 2026-07-28T17:38:31.888534+00:00; published ESPN ownership data was fetched during this audit.
5,live ADP source refresh drift,draft-board,4603,Chamarri Conner,S,adp,174.46,174.18,DB snapshot is 2026-07-28T17:38:31.888534+00:00; published ESPN ownership data was fetched during this audit.
5,live ADP source refresh drift,draft-board,4603,Chamarri Conner,S,percent_owned,36.23,36.13,DB snapshot is 2026-07-28T17:38:31.888534+00:00; published ESPN ownership data was fetched during this audit.
5,live ADP source refresh drift,draft-board,4607,James Conner,RB,adp,169.56,169.55,DB snapshot is 2026-07-28T17:38:31.888534+00:00; published ESPN ownership data was fetched during this audit.
5,live ADP source refresh drift,draft-board,4607,James Conner,RB,percent_owned,9.87,9.84,DB snapshot is 2026-07-28T17:38:31.888534+00:00; published ESPN ownership data was fetched during this audit.
5,live ADP source refresh drift,draft-board,4641,Bryan Cook,S,adp,176.81,176.64,DB snapshot is 2026-07-28T17:38:31.888534+00:00; published ESPN ownership data was fetched during this audit.
5,live ADP source refresh drift,draft-board,4641,Bryan Cook,S,percent_owned,6.15,6.12,DB snapshot is 2026-07-28T17:38:31.888534+00:00; published ESPN ownership data was fetched during this audit.
5,live ADP source refresh drift,draft-board,4693,Edgerrin Cooper,LB,adp,173.93,173.83,DB snapshot is 2026-07-28T17:38:31.888534+00:00; published ESPN ownership data was fetched during this audit.
5,live ADP source refresh drift,draft-board,4693,Edgerrin Cooper,LB,percent_owned,21.04,20.93,DB snapshot is 2026-07-28T17:38:31.888534+00:00; published ESPN ownership data was fetched during this audit.
5,live ADP source refresh drift,draft-board,4704,Jonathon Cooper,LB,adp,176.95,176.75,DB snapshot is 2026-07-28T17:38:31.888534+00:00; published ESPN ownership data was fetched during this audit.
5,live ADP source refresh drift,draft-board,4704,Jonathon Cooper,LB,percent_owned,7.6,7.56,DB snapshot is 2026-07-28T17:38:31.888534+00:00; published ESPN ownership data was fetched during this audit.
5,live ADP source refresh drift,draft-board,4712,Omar Cooper Jr.,WR,adp,168.8,168.81,DB snapshot is 2026-07-28T17:38:31.888534+00:00; published ESPN ownership data was fetched during this audit.
5,live ADP source refresh drift,draft-board,4712,Omar Cooper Jr.,WR,percent_owned,29.78,29.66,DB snapshot is 2026-07-28T17:38:31.888534+00:00; published ESPN ownership data was fetched during this audit.
5,live ADP source refresh drift,draft-board,4775,Blake Corum,RB,adp,136.11,136.15,DB snapshot is 2026-07-28T17:38:31.888534+00:00; published ESPN ownership data was fetched during this audit.
5,live ADP source refresh drift,draft-board,4775,Blake Corum,RB,percent_owned,81.41,81.37,DB snapshot is 2026-07-28T17:38:31.888534+00:00; published ESPN ownership data was fetched during this audit.
5,live ADP source refresh drift,draft-board,4861,Brenton Cox Jr.,DE,adp,171.17,171.14,DB snapshot is 2026-07-28T17:38:31.888534+00:00; published ESPN ownership data was fetched during this audit.
5,live ADP source refresh drift,draft-board,4926,Keyron Crawford,DE,adp,170.81,170.79,DB snapshot is 2026-07-28T17:38:31.888534+00:00; published ESPN ownership data was fetched during this audit.
5,live ADP source refresh drift,draft-board,4994,Maxx Crosby,DE,adp,80.49,79.77,DB snapshot is 2026-07-28T17:38:31.888534+00:00; published ESPN ownership data was fetched during this audit.
5,live ADP source refresh drift,draft-board,4994,Maxx Crosby,DE,percent_owned,88.36,88.43,DB snapshot is 2026-07-28T17:38:31.888534+00:00; published ESPN ownership data was fetched during this audit.
5,live ADP source refresh drift,draft-board,4999,Jacory Croskey-Merritt,RB,percent_owned,73.21,73.22,DB snapshot is 2026-07-28T17:38:31.888534+00:00; published ESPN ownership data was fetched during this audit.
5,live ADP source refresh drift,draft-board,5006,Nick Cross,S,adp,172.86,172.61,DB snapshot is 2026-07-28T17:38:31.888534+00:00; published ESPN ownership data was fetched during this audit.
5,live ADP source refresh drift,draft-board,5006,Nick Cross,S,percent_owned,42.62,42.5,DB snapshot is 2026-07-28T17:38:31.888534+00:00; published ESPN ownership data was fetched during this audit.
5,live ADP source refresh drift,draft-board,5108,Kam Curl,S,adp,166.94,166.82,DB snapshot is 2026-07-28T17:38:31.888534+00:00; published ESPN ownership data was fetched during this audit.
5,live ADP source refresh drift,draft-board,5108,Kam Curl,S,percent_owned,51.07,50.98,DB snapshot is 2026-07-28T17:38:31.888534+00:00; published ESPN ownership data was fetched during this audit.
5,live ADP source refresh drift,draft-board,5120,Caden Curry,LB,percent_owned,0.48,0.47,DB snapshot is 2026-07-28T17:38:31.888534+00:00; published ESPN ownership data was fetched during this audit.
5,live ADP source refresh drift,draft-board,5189,Andy Dalton,QB,adp,170.04,170.03,DB snapshot is 2026-07-28T17:38:31.888534+00:00; published ESPN ownership data was fetched during this audit.
5,live ADP source refresh drift,draft-board,5224,Jayden Daniels,QB,adp,51.67,51.66,DB snapshot is 2026-07-28T17:38:31.888534+00:00; published ESPN ownership data was fetched during this audit.
5,live ADP source refresh drift,draft-board,5224,Jayden Daniels,QB,percent_owned,98.65,98.66,DB snapshot is 2026-07-28T17:38:31.888534+00:00; published ESPN ownership data was fetched during this audit.
5,live ADP source refresh drift,draft-board,5228,Kendal Daniels,LB,percent_owned,1.48,1.47,DB snapshot is 2026-07-28T17:38:31.888534+00:00; published ESPN ownership data was fetched during this audit.
5,live ADP source refresh drift,draft-board,5245,Michael Danna,DE,adp,171.42,171.38,DB snapshot is 2026-07-28T17:38:31.888534+00:00; published ESPN ownership data was fetched during this audit.
5,live ADP source refresh drift,draft-board,5245,Michael Danna,DE,percent_owned,0.32,0.31,DB snapshot is 2026-07-28T17:38:31.888534+00:00; published ESPN ownership data was fetched during this audit.
5,live ADP source refresh drift,draft-board,5247,Michael Dansby,CB,adp,175.56,175.43,DB snapshot is 2026-07-28T17:38:31.888534+00:00; published ESPN ownership data was fetched during this audit.
5,live ADP source refresh drift,draft-board,5247,Michael Dansby,CB,percent_owned,4.78,4.68,DB snapshot is 2026-07-28T17:38:31.888534+00:00; published ESPN ownership data was fetched during this audit.
5,live ADP source refresh drift,draft-board,5276,Sam Darnold,QB,adp,163.9,163.84,DB snapshot is 2026-07-28T17:38:31.888534+00:00; published ESPN ownership data was fetched during this audit.
5,live ADP source refresh drift,draft-board,5276,Sam Darnold,QB,percent_owned,13.24,13.25,DB snapshot is 2026-07-28T17:38:31.888534+00:00; published ESPN ownership data was fetched during this audit.
5,live ADP source refresh drift,draft-board,5282,Jaxson Dart,QB,adp,73.01,73.02,DB snapshot is 2026-07-28T17:38:31.888534+00:00; published ESPN ownership data was fetched during this audit.
5,live ADP source refresh drift,draft-board,5282,Jaxson Dart,QB,percent_owned,94.17,94.16,DB snapshot is 2026-07-28T17:38:31.888534+00:00; published ESPN ownership data was fetched during this audit.
5,live ADP source refresh drift,draft-board,5301,DJ Davidson,DT,adp,171.35,171.31,DB snapshot is 2026-07-28T17:38:31.888534+00:00; published ESPN ownership data was fetched during this audit.
5,live ADP source refresh drift,draft-board,5337,Carlton Davis III,CB,adp,180.46,179.63,DB snapshot is 2026-07-28T17:38:31.888534+00:00; published ESPN ownership data was fetched during this audit.
5,live ADP source refresh drift,draft-board,5337,Carlton Davis III,CB,percent_owned,8.39,8.43,DB snapshot is 2026-07-28T17:38:31.888534+00:00; published ESPN ownership data was fetched during this audit.
5,live ADP source refresh drift,draft-board,5358,Demario Davis,LB,adp,176.05,175.89,DB snapshot is 2026-07-28T17:38:31.888534+00:00; published ESPN ownership data was fetched during this audit.
5,live ADP source refresh drift,draft-board,5358,Demario Davis,LB,percent_owned,33.25,33.17,DB snapshot is 2026-07-28T17:38:31.888534+00:00; published ESPN ownership data was fetched during this audit.
5,live ADP source refresh drift,draft-board,5389,Jalen Davis,CB,adp,171.77,171.73,DB snapshot is 2026-07-28T17:38:31.888534+00:00; published ESPN ownership data was fetched during this audit.
5,live ADP source refresh drift,draft-board,5413,Jordan Davis,DT,adp,182.42,182.03,DB snapshot is 2026-07-28T17:38:31.888534+00:00; published ESPN ownership data was fetched during this audit.
5,live ADP source refresh drift,draft-board,5413,Jordan Davis,DT,percent_owned,20.31,20.19,DB snapshot is 2026-07-28T17:38:31.888534+00:00; published ESPN ownership data was fetched during this audit.
5,live ADP source refresh drift,draft-board,5419,Kalia Davis,DT,adp,171.14,171.1,DB snapshot is 2026-07-28T17:38:31.888534+00:00; published ESPN ownership data was fetched during this audit.
5,live ADP source refresh drift,draft-board,5432,Malik Davis,RB,percent_owned,0.68,0.67,DB snapshot is 2026-07-28T17:38:31.888534+00:00; published ESPN ownership data was fetched during this audit.
5,live ADP source refresh drift,draft-board,5479,Tacario Davis,CB,adp,171.11,171.09,DB snapshot is 2026-07-28T17:38:31.888534+00:00; published ESPN ownership data was fetched during this audit.
5,live ADP source refresh drift,draft-board,5479,Tacario Davis,CB,percent_owned,0.63,0.62,DB snapshot is 2026-07-28T17:38:31.888534+00:00; published ESPN ownership data was fetched during this audit.
5,live ADP source refresh drift,draft-board,5511,Akeem Davis-Gaither,LB,adp,176.46,176.3,DB snapshot is 2026-07-28T17:38:31.888534+00:00; published ESPN ownership data was fetched during this audit.
5,live ADP source refresh drift,draft-board,5511,Akeem Davis-Gaither,LB,percent_owned,8.62,8.58,DB snapshot is 2026-07-28T17:38:31.888534+00:00; published ESPN ownership data was fetched during this audit.
5,live ADP source refresh drift,draft-board,5574,Cooper DeJean,CB,adp,156.23,155.94,DB snapshot is 2026-07-28T17:38:31.888534+00:00; published ESPN ownership data was fetched during this audit.
5,live ADP source refresh drift,draft-board,5574,Cooper DeJean,CB,percent_owned,48.63,48.56,DB snapshot is 2026-07-28T17:38:31.888534+00:00; published ESPN ownership data was fetched during this audit.
5,live ADP source refresh drift,draft-board,5612,Divine Deablo,LB,adp,177.13,176.95,DB snapshot is 2026-07-28T17:38:31.888534+00:00; published ESPN ownership data was fetched during this audit.
5,live ADP source refresh drift,draft-board,5612,Divine Deablo,LB,percent_owned,12.9,12.84,DB snapshot is 2026-07-28T17:38:31.888534+00:00; published ESPN ownership data was fetched during this audit.
5,live ADP source refresh drift,draft-board,5618,Jamel Dean,CB,adp,179.55,179.33,DB snapshot is 2026-07-28T17:38:31.888534+00:00; published ESPN ownership data was fetched during this audit.
5,live ADP source refresh drift,draft-board,5618,Jamel Dean,CB,percent_owned,7.13,7.1,DB snapshot is 2026-07-28T17:38:31.888534+00:00; published ESPN ownership data was fetched during this audit.
5,live ADP source refresh drift,draft-board,5623,Nakobe Dean,LB,adp,142.39,141.57,DB snapshot is 2026-07-28T17:38:31.888534+00:00; published ESPN ownership data was fetched during this audit.
5,live ADP source refresh drift,draft-board,5623,Nakobe Dean,LB,percent_owned,59.74,59.69,DB snapshot is 2026-07-28T17:38:31.888534+00:00; published ESPN ownership data was fetched during this audit.
5,live ADP source refresh drift,draft-board,5655,Mansoor Delane,CB,adp,181.73,181.45,DB snapshot is 2026-07-28T17:38:31.888534+00:00; published ESPN ownership data was fetched during this audit.
5,live ADP source refresh drift,draft-board,5655,Mansoor Delane,CB,percent_owned,16.47,16.39,DB snapshot is 2026-07-28T17:38:31.888534+00:00; published ESPN ownership data was fetched during this audit.
5,live ADP source refresh drift,draft-board,5662,Tank Dell,WR,adp,170.13,170.12,DB snapshot is 2026-07-28T17:38:31.888534+00:00; published ESPN ownership data was fetched during this audit.
5,live ADP source refresh drift,draft-board,5662,Tank Dell,WR,percent_owned,10.03,10.0,DB snapshot is 2026-07-28T17:38:31.888534+00:00; published ESPN ownership data was fetched during this audit.
5,live ADP source refresh drift,draft-board,5670,Grant Delpit,S,adp,177.02,176.84,DB snapshot is 2026-07-28T17:38:31.888534+00:00; published ESPN ownership data was fetched during this audit.
5,live ADP source refresh drift,draft-board,5670,Grant Delpit,S,percent_owned,9.84,9.79,DB snapshot is 2026-07-28T17:38:31.888534+00:00; published ESPN ownership data was fetched during this audit.
5,live ADP source refresh drift,draft-board,5710,SirVocea Dennis,LB,adp,174.21,174.1,DB snapshot is 2026-07-28T17:38:31.888534+00:00; published ESPN ownership data was fetched during this audit.
5,live ADP source refresh drift,draft-board,5710,SirVocea Dennis,LB,percent_owned,6.33,6.3,DB snapshot is 2026-07-28T17:38:31.888534+00:00; published ESPN ownership data was fetched during this audit.
5,live ADP source refresh drift,draft-board,5747,Gervon Dexter Sr.,DT,percent_owned,2.66,2.64,DB snapshot is 2026-07-28T17:38:31.888534+00:00; published ESPN ownership data was fetched during this audit.
5,live ADP source refresh drift,draft-board,5762,Mohamoud Diabate,LB,adp,170.55,170.54,DB snapshot is 2026-07-28T17:38:31.888534+00:00; published ESPN ownership data was fetched during this audit.
5,live ADP source refresh drift,draft-board,5762,Mohamoud Diabate,LB,percent_owned,0.99,0.98,DB snapshot is 2026-07-28T17:38:31.888534+00:00; published ESPN ownership data was fetched during this audit.
5,live ADP source refresh drift,draft-board,5763,Yaya Diaby,LB,adp,175.43,175.28,DB snapshot is 2026-07-28T17:38:31.888534+00:00; published ESPN ownership data was fetched during this audit.
5,live ADP source refresh drift,draft-board,5763,Yaya Diaby,LB,percent_owned,14.01,13.94,DB snapshot is 2026-07-28T17:38:31.888534+00:00; published ESPN ownership data was fetched during this audit.
5,live ADP source refresh drift,draft-board,5774,Cameron Dicker,PK,adp,110.39,110.38,DB snapshot is 2026-07-28T17:38:31.888534+00:00; published ESPN ownership data was fetched during this audit.
5,live ADP source refresh drift,draft-board,5783,Matt Dickerson,DE,adp,171.47,171.42,DB snapshot is 2026-07-28T17:38:31.888534+00:00; published ESPN ownership data was fetched during this audit.
5,live ADP source refresh drift,draft-board,5820,Chimere Dike,WR,adp,170.83,170.84,DB snapshot is 2026-07-28T17:38:31.888534+00:00; published ESPN ownership data was fetched during this audit.
5,live ADP source refresh drift,draft-board,5915,J.K. Dobbins,RB,adp,119.42,119.44,DB snapshot is 2026-07-28T17:38:31.888534+00:00; published ESPN ownership data was fetched during this audit.
5,live ADP source refresh drift,draft-board,5915,J.K. Dobbins,RB,percent_owned,85.99,85.97,DB snapshot is 2026-07-28T17:38:31.888534+00:00; published ESPN ownership data was fetched during this audit.
5,live ADP source refresh drift,draft-board,5931,Tyrel Dodson,LB,adp,170.6,170.58,DB snapshot is 2026-07-28T17:38:31.888534+00:00; published ESPN ownership data was fetched during this audit.
5,live ADP source refresh drift,draft-board,5931,Tyrel Dodson,LB,percent_owned,30.48,30.42,DB snapshot is 2026-07-28T17:38:31.888534+00:00; published ESPN ownership data was fetched during this audit.
5,live ADP source refresh drift,draft-board,5942,Shaun Dolac,LB,percent_owned,0.99,0.98,DB snapshot is 2026-07-28T17:38:31.888534+00:00; published ESPN ownership data was fetched during this audit.
5,live ADP source refresh drift,draft-board,6029,Jahan Dotson,WR,adp,170.21,170.2,DB snapshot is 2026-07-28T17:38:31.888534+00:00; published ESPN ownership data was fetched during this audit.
5,live ADP source refresh drift,draft-board,6034,Romeo Doubs,WR,adp,146.04,146.0,DB snapshot is 2026-07-28T17:38:31.888534+00:00; published ESPN ownership data was fetched during this audit.
5,live ADP source refresh drift,draft-board,6034,Romeo Doubs,WR,percent_owned,74.01,74.0,DB snapshot is 2026-07-28T17:38:31.888534+00:00; published ESPN ownership data was fetched during this audit.
5,live ADP source refresh drift,draft-board,6059,Rasul Douglas,CB,adp,177.13,176.96,DB snapshot is 2026-07-28T17:38:31.888534+00:00; published ESPN ownership data was fetched during this audit.
5,live ADP source refresh drift,draft-board,6059,Rasul Douglas,CB,percent_owned,1.73,1.72,DB snapshot is 2026-07-28T17:38:31.888534+00:00; published ESPN ownership data was fetched during this audit.
5,live ADP source refresh drift,draft-board,6071,Rico Dowdle,RB,adp,105.99,106.03,DB snapshot is 2026-07-28T17:38:31.888534+00:00; published ESPN ownership data was fetched during this audit.
5,live ADP source refresh drift,draft-board,6071,Rico Dowdle,RB,percent_owned,87.67,87.66,DB snapshot is 2026-07-28T17:38:31.888534+00:00; published ESPN ownership data was fetched during this audit.
5,live ADP source refresh drift,draft-board,6083,Caleb Downs,S,adp,168.34,167.65,DB snapshot is 2026-07-28T17:38:31.888534+00:00; published ESPN ownership data was fetched during this audit.
5,live ADP source refresh drift,draft-board,6083,Caleb Downs,S,percent_owned,35.66,35.64,DB snapshot is 2026-07-28T17:38:31.888534+00:00; published ESPN ownership data was fetched during this audit.
5,live ADP source refresh drift,draft-board,6088,Josh Downs,WR,adp,136.39,136.36,DB snapshot is 2026-07-28T17:38:31.888534+00:00; published ESPN ownership data was fetched during this audit.
5,live ADP source refresh drift,draft-board,6160,Storm Duck,CB,percent_owned,1.02,1.01,DB snapshot is 2026-07-28T17:38:31.888534+00:00; published ESPN ownership data was fetched during this audit.
5,live ADP source refresh drift,draft-board,6191,Kyle Dugger,S,adp,171.83,171.78,DB snapshot is 2026-07-28T17:38:31.888534+00:00; published ESPN ownership data was fetched during this audit.
5,live ADP source refresh drift,draft-board,6191,Kyle Dugger,S,percent_owned,1.48,1.47,DB snapshot is 2026-07-28T17:38:31.888534+00:00; published ESPN ownership data was fetched during this audit.
5,live ADP source refresh drift,draft-board,6202,Greg Dulcich,TE,adp,170.18,170.17,DB snapshot is 2026-07-28T17:38:31.888534+00:00; published ESPN ownership data was fetched during this audit.
5,live ADP source refresh drift,draft-board,6267,Bud Dupree,LB,adp,176.01,175.84,DB snapshot is 2026-07-28T17:38:31.888534+00:00; published ESPN ownership data was fetched during this audit.
5,live ADP source refresh drift,draft-board,6267,Bud Dupree,LB,percent_owned,1.9,1.89,DB snapshot is 2026-07-28T17:38:31.888534+00:00; published ESPN ownership data was fetched during this audit.
5,live ADP source refresh drift,draft-board,6275,Cobie Durant,CB,adp,170.32,170.31,DB snapshot is 2026-07-28T17:38:31.888534+00:00; published ESPN ownership data was fetched during this audit.
5,live ADP source refresh drift,draft-board,6275,Cobie Durant,CB,percent_owned,2.35,2.26,DB snapshot is 2026-07-28T17:38:31.888534+00:00; published ESPN ownership data was fetched during this audit.
5,live ADP source refresh drift,draft-board,6278,Zane Durant,DT,adp,171.11,171.08,DB snapshot is 2026-07-28T17:38:31.888534+00:00; published ESPN ownership data was fetched during this audit.
5,live ADP source refresh drift,draft-board,6280,Cory Durden,DT,adp,171.11,171.07,DB snapshot is 2026-07-28T17:38:31.888534+00:00; published ESPN ownership data was fetched during this audit.
5,live ADP source refresh drift,draft-board,6291,Payne Durham,TE,percent_owned,0.06,0.07,DB snapshot is 2026-07-28T17:38:31.888534+00:00; published ESPN ownership data was fetched during this audit.
5,live ADP source refresh drift,draft-board,6313,Troy Dye,LB,adp,170.4,170.39,DB snapshot is 2026-07-28T17:38:31.888534+00:00; published ESPN ownership data was fetched during this audit.
5,live ADP source refresh drift,draft-board,6313,Troy Dye,LB,percent_owned,1.81,1.8,DB snapshot is 2026-07-28T17:38:31.888534+00:00; published ESPN ownership data was fetched during this audit.
5,live ADP source refresh drift,draft-board,6366,Arnold Ebiketie,LB,adp,171.05,171.02,DB snapshot is 2026-07-28T17:38:31.888534+00:00; published ESPN ownership data was fetched during this audit.
5,live ADP source refresh drift,draft-board,6369,Justin Eboigbe,DT,adp,170.77,170.75,DB snapshot is 2026-07-28T17:38:31.888534+00:00; published ESPN ownership data was fetched during this audit.
5,live ADP source refresh drift,draft-board,6369,Justin Eboigbe,DT,percent_owned,0.86,0.85,DB snapshot is 2026-07-28T17:38:31.888534+00:00; published ESPN ownership data was fetched during this audit.
5,live ADP source refresh drift,draft-board,6371,Samson Ebukam,DE,percent_owned,0.48,0.47,DB snapshot is 2026-07-28T17:38:31.888534+00:00; published ESPN ownership data was fetched during this audit.
5,live ADP source refresh drift,draft-board,6375,Brandin Echols,CB,adp,171.71,171.67,DB snapshot is 2026-07-28T17:38:31.888534+00:00; published ESPN ownership data was fetched during this audit.
5,live ADP source refresh drift,draft-board,6401,Tremaine Edmunds,LB,adp,171.85,171.81,DB snapshot is 2026-07-28T17:38:31.888534+00:00; published ESPN ownership data was fetched during this audit.
5,live ADP source refresh drift,draft-board,6401,Tremaine Edmunds,LB,percent_owned,36.73,36.55,DB snapshot is 2026-07-28T17:38:31.888534+00:00; published ESPN ownership data was fetched during this audit.
5,live ADP source refresh drift,draft-board,6461,T.J. Edwards,LB,adp,173.49,173.41,DB snapshot is 2026-07-28T17:38:31.888534+00:00; published ESPN ownership data was fetched during this audit.
5,live ADP source refresh drift,draft-board,6461,T.J. Edwards,LB,percent_owned,25.8,25.76,DB snapshot is 2026-07-28T17:38:31.888534+00:00; published ESPN ownership data was fetched during this audit.
5,live ADP source refresh drift,draft-board,6471,Emeka Egbuka,WR,adp,39.55,39.52,DB snapshot is 2026-07-28T17:38:31.888534+00:00; published ESPN ownership data was fetched during this audit.
5,live ADP source refresh drift,draft-board,6471,Emeka Egbuka,WR,percent_owned,96.72,96.73,DB snapshot is 2026-07-28T17:38:31.888534+00:00; published ESPN ownership data was fetched during this audit.
5,live ADP source refresh drift,draft-board,6484,Tommy Eichenberg,LB,adp,171.81,171.76,DB snapshot is 2026-07-28T17:38:31.888534+00:00; published ESPN ownership data was fetched during this audit.
5,live ADP source refresh drift,draft-board,6513,Kaiir Elam,CB,adp,171.83,171.78,DB snapshot is 2026-07-28T17:38:31.888534+00:00; published ESPN ownership data was fetched during this audit.
5,live ADP source refresh drift,draft-board,6517,Kaleb Elarms-Orr,LB,adp,170.69,170.68,DB snapshot is 2026-07-28T17:38:31.888534+00:00; published ESPN ownership data was fetched during this audit.
5,live ADP source refresh drift,draft-board,6517,Kaleb Elarms-Orr,LB,percent_owned,2.47,2.45,DB snapshot is 2026-07-28T17:38:31.888534+00:00; published ESPN ownership data was fetched during this audit.
5,live ADP source refresh drift,draft-board,6552,DeShon Elliott,S,adp,176.09,175.94,DB snapshot is 2026-07-28T17:38:31.888534+00:00; published ESPN ownership data was fetched during this audit.
5,live ADP source refresh drift,draft-board,6552,DeShon Elliott,S,percent_owned,25.08,25.12,DB snapshot is 2026-07-28T17:38:31.888534+00:00; published ESPN ownership data was fetched during this audit.
5,live ADP source refresh drift,draft-board,6558,Jake Elliott,PK,adp,169.06,169.05,DB snapshot is 2026-07-28T17:38:31.888534+00:00; published ESPN ownership data was fetched during this audit.
5,live ADP source refresh drift,draft-board,6558,Jake Elliott,PK,percent_owned,6.2,6.19,DB snapshot is 2026-07-28T17:38:31.888534+00:00; published ESPN ownership data was fetched during this audit.
5,live ADP source refresh drift,draft-board,6564,Jordan Elliott,DT,adp,171.28,171.24,DB snapshot is 2026-07-28T17:38:31.888534+00:00; published ESPN ownership data was fetched during this audit.
5,live ADP source refresh drift,draft-board,6566,Keyshaun Elliott,LB,percent_owned,0.58,0.57,DB snapshot is 2026-07-28T17:38:31.888534+00:00; published ESPN ownership data was fetched during this audit.
5,live ADP source refresh drift,draft-board,6600,Christian Elliss,LB,adp,176.27,176.11,DB snapshot is 2026-07-28T17:38:31.888534+00:00; published ESPN ownership data was fetched during this audit.
5,live ADP source refresh drift,draft-board,6600,Christian Elliss,LB,percent_owned,6.16,6.13,DB snapshot is 2026-07-28T17:38:31.888534+00:00; published ESPN ownership data was fetched during this audit.
5,live ADP source refresh drift,draft-board,6601,Jonah Elliss,LB,adp,171.19,171.16,DB snapshot is 2026-07-28T17:38:31.888534+00:00; published ESPN ownership data was fetched during this audit.
5,live ADP source refresh drift,draft-board,6601,Jonah Elliss,LB,percent_owned,0.48,0.47,DB snapshot is 2026-07-28T17:38:31.888534+00:00; published ESPN ownership data was fetched during this audit.
5,live ADP source refresh drift,draft-board,6602,Kaden Elliss,LB,adp,176.33,176.17,DB snapshot is 2026-07-28T17:38:31.888534+00:00; published ESPN ownership data was fetched during this audit.
5,live ADP source refresh drift,draft-board,6602,Kaden Elliss,LB,percent_owned,21.04,20.93,DB snapshot is 2026-07-28T17:38:31.888534+00:00; published ESPN ownership data was fetched during this audit.
5,live ADP source refresh drift,draft-board,6629,Nick Emmanwori,S,adp,115.13,115.2,DB snapshot is 2026-07-28T17:38:31.888534+00:00; published ESPN ownership data was fetched during this audit.
5,live ADP source refresh drift,draft-board,6629,Nick Emmanwori,S,percent_owned,82.05,81.9,DB snapshot is 2026-07-28T17:38:31.888534+00:00; published ESPN ownership data was fetched during this audit.
5,live ADP source refresh drift,draft-board,6636,Kingsley Enagbare,LB,adp,171.18,171.15,DB snapshot is 2026-07-28T17:38:31.888534+00:00; published ESPN ownership data was fetched during this audit.
5,live ADP source refresh drift,draft-board,6636,Kingsley Enagbare,LB,percent_owned,0.48,0.47,DB snapshot is 2026-07-28T17:38:31.888534+00:00; published ESPN ownership data was fetched during this audit.
5,live ADP source refresh drift,draft-board,6665,Marcus Epps,S,adp,170.6,170.58,DB snapshot is 2026-07-28T17:38:31.888534+00:00; published ESPN ownership data was fetched during this audit.
5,live ADP source refresh drift,draft-board,6665,Marcus Epps,S,percent_owned,1.48,1.47,DB snapshot is 2026-07-28T17:38:31.888534+00:00; published ESPN ownership data was fetched during this audit.
5,live ADP source refresh drift,draft-board,6716,Travis Etienne,RB,adp,47.08,47.1,DB snapshot is 2026-07-28T17:38:31.888534+00:00; published ESPN ownership data was fetched during this audit.
5,live ADP source refresh drift,draft-board,6717,Trevor Etienne,RB,adp,170.06,170.04,DB snapshot is 2026-07-28T17:38:31.888534+00:00; published ESPN ownership data was fetched during this audit.
5,live ADP source refresh drift,draft-board,6727,Akayleb Evans,CB,percent_owned,0.24,0.23,DB snapshot is 2026-07-28T17:38:31.888534+00:00; published ESPN ownership data was fetched during this audit.
5,live ADP source refresh drift,draft-board,6768,Mike Evans,WR,adp,88.07,88.11,DB snapshot is 2026-07-28T17:38:31.888534+00:00; published ESPN ownership data was fetched during this audit.
5,live ADP source refresh drift,draft-board,6768,Mike Evans,WR,percent_owned,90.65,90.63,DB snapshot is 2026-07-28T17:38:31.888534+00:00; published ESPN ownership data was fetched during this audit.
5,live ADP source refresh drift,draft-board,6799,Quinn Ewers,QB,adp,169.92,169.91,DB snapshot is 2026-07-28T17:38:31.888534+00:00; published ESPN ownership data was fetched during this audit.
5,live ADP source refresh drift,draft-board,6806,Donovan Ezeiruaku,LB,adp,176.7,176.51,DB snapshot is 2026-07-28T17:38:31.888534+00:00; published ESPN ownership data was fetched during this audit.
5,live ADP source refresh drift,draft-board,6806,Donovan Ezeiruaku,LB,percent_owned,8.79,8.74,DB snapshot is 2026-07-28T17:38:31.888534+00:00; published ESPN ownership data was fetched during this audit.
5,live ADP source refresh drift,draft-board,6832,Ka'imi Fairbairn,PK,adp,135.22,135.25,DB snapshot is 2026-07-28T17:38:31.888534+00:00; published ESPN ownership data was fetched during this audit.
5,live ADP source refresh drift,draft-board,6832,Ka'imi Fairbairn,PK,percent_owned,94.09,94.07,DB snapshot is 2026-07-28T17:38:31.888534+00:00; published ESPN ownership data was fetched during this audit.
5,live ADP source refresh drift,draft-board,6853,Harold Fannin Jr.,TE,adp,77.52,77.55,DB snapshot is 2026-07-28T17:38:31.888534+00:00; published ESPN ownership data was fetched during this audit.
5,live ADP source refresh drift,draft-board,6853,Harold Fannin Jr.,TE,percent_owned,92.82,92.81,DB snapshot is 2026-07-28T17:38:31.888534+00:00; published ESPN ownership data was fetched during this audit.
5,live ADP source refresh drift,draft-board,6883,Joshua Farmer,DT,adp,171.73,171.68,DB snapshot is 2026-07-28T17:38:31.888534+00:00; published ESPN ownership data was fetched during this audit.
5,live ADP source refresh drift,draft-board,6921,Keldric Faulk,DE,adp,170.48,170.46,DB snapshot is 2026-07-28T17:38:31.888534+00:00; published ESPN ownership data was fetched during this audit.
5,live ADP source refresh drift,draft-board,6921,Keldric Faulk,DE,percent_owned,2.3,2.28,DB snapshot is 2026-07-28T17:38:31.888534+00:00; published ESPN ownership data was fetched during this audit.
5,live ADP source refresh drift,draft-board,6998,Jake Ferguson,TE,adp,107.66,107.64,DB snapshot is 2026-07-28T17:38:31.888534+00:00; published ESPN ownership data was fetched during this audit.
5,live ADP source refresh drift,draft-board,6998,Jake Ferguson,TE,percent_owned,88.71,88.7,DB snapshot is 2026-07-28T17:38:31.888534+00:00; published ESPN ownership data was fetched during this audit.
5,live ADP source refresh drift,draft-board,7010,Terrance Ferguson,TE,percent_owned,7.37,7.42,DB snapshot is 2026-07-28T17:38:31.888534+00:00; published ESPN ownership data was fetched during this audit.
5,live ADP source refresh drift,draft-board,7064,Malachi Fields,WR,percent_owned,1.33,1.32,DB snapshot is 2026-07-28T17:38:31.888534+00:00; published ESPN ownership data was fetched during this audit.
5,live ADP source refresh drift,draft-board,7125,Braden Fiske,DE,percent_owned,2.14,2.13,DB snapshot is 2026-07-28T17:38:31.888534+00:00; published ESPN ownership data was fetched during this audit.
5,live ADP source refresh drift,draft-board,7139,Ryan Fitzgerald,PK,adp,169.87,169.86,DB snapshot is 2026-07-28T17:38:31.888534+00:00; published ESPN ownership data was fetched during this audit.
5,live ADP source refresh drift,draft-board,7145,Minkah Fitzpatrick,S,adp,180.6,180.05,DB snapshot is 2026-07-28T17:38:31.888534+00:00; published ESPN ownership data was fetched during this audit.
5,live ADP source refresh drift,draft-board,7145,Minkah Fitzpatrick,S,percent_owned,24.92,24.88,DB snapshot is 2026-07-28T17:38:31.888534+00:00; published ESPN ownership data was fetched during this audit.
5,live ADP source refresh drift,draft-board,7148,Joe Flacco,QB,adp,169.99,169.98,DB snapshot is 2026-07-28T17:38:31.888534+00:00; published ESPN ownership data was fetched during this audit.
5,live ADP source refresh drift,draft-board,7159,Demetrius Flannigan-Fowles,LB,adp,170.37,170.36,DB snapshot is 2026-07-28T17:38:31.888534+00:00; published ESPN ownership data was fetched during this audit.
5,live ADP source refresh drift,draft-board,7198,Cordale Flott,CB,adp,170.69,170.67,DB snapshot is 2026-07-28T17:38:31.888534+00:00; published ESPN ownership data was fetched during this audit.
5,live ADP source refresh drift,draft-board,7198,Cordale Flott,CB,percent_owned,1.33,1.41,DB snapshot is 2026-07-28T17:38:31.888534+00:00; published ESPN ownership data was fetched during this audit.
5,live ADP source refresh drift,draft-board,7199,Ryan Flournoy,WR,adp,170.34,170.33,DB snapshot is 2026-07-28T17:38:31.888534+00:00; published ESPN ownership data was fetched during this audit.
5,live ADP source refresh drift,draft-board,7214,Zay Flowers,WR,adp,42.52,42.48,DB snapshot is 2026-07-28T17:38:31.888534+00:00; published ESPN ownership data was fetched during this audit.
5,live ADP source refresh drift,draft-board,7255,Nick Folk,PK,adp,169.9,169.91,DB snapshot is 2026-07-28T17:38:31.888534+00:00; published ESPN ownership data was fetched during this audit.
5,live ADP source refresh drift,draft-board,7255,Nick Folk,PK,percent_owned,3.73,3.72,DB snapshot is 2026-07-28T17:38:31.888534+00:00; published ESPN ownership data was fetched during this audit.
5,live ADP source refresh drift,draft-board,7275,Emmanuel Forbes,CB,adp,170.79,170.77,DB snapshot is 2026-07-28T17:38:31.888534+00:00; published ESPN ownership data was fetched during this audit.
5,live ADP source refresh drift,draft-board,7275,Emmanuel Forbes,CB,percent_owned,1.02,1.01,DB snapshot is 2026-07-28T17:38:31.888534+00:00; published ESPN ownership data was fetched during this audit.
5,live ADP source refresh drift,draft-board,7295,Jerome Ford,RB,adp,169.98,169.99,DB snapshot is 2026-07-28T17:38:31.888534+00:00; published ESPN ownership data was fetched during this audit.
5,live ADP source refresh drift,draft-board,7298,Jonathan Ford,DT,adp,170.3,170.29,DB snapshot is 2026-07-28T17:38:31.888534+00:00; published ESPN ownership data was fetched during this audit.
5,live ADP source refresh drift,draft-board,7301,Poona Ford,DT,adp,170.85,170.82,DB snapshot is 2026-07-28T17:38:31.888534+00:00; published ESPN ownership data was fetched during this audit.
5,live ADP source refresh drift,draft-board,7301,Poona Ford,DT,percent_owned,1.29,1.28,DB snapshot is 2026-07-28T17:38:31.888534+00:00; published ESPN ownership data was fetched during this audit.
5,live ADP source refresh drift,draft-board,7304,Mike Ford,CB,adp,173.17,173.1,DB snapshot is 2026-07-28T17:38:31.888534+00:00; published ESPN ownership data was fetched during this audit.
5,live ADP source refresh drift,draft-board,7304,Mike Ford,CB,percent_owned,0.63,0.62,DB snapshot is 2026-07-28T17:38:31.888534+00:00; published ESPN ownership data was fetched during this audit.
5,live ADP source refresh drift,draft-board,7389,Dante Fowler Jr.,LB,adp,173.72,173.62,DB snapshot is 2026-07-28T17:38:31.888534+00:00; published ESPN ownership data was fetched during this audit.
5,live ADP source refresh drift,draft-board,7389,Dante Fowler Jr.,LB,percent_owned,0.95,0.94,DB snapshot is 2026-07-28T17:38:31.888534+00:00; published ESPN ownership data was fetched during this audit.
5,live ADP source refresh drift,draft-board,7471,Zaire Franklin,LB,adp,175.04,174.92,DB snapshot is 2026-07-28T17:38:31.888534+00:00; published ESPN ownership data was fetched during this audit.
5,live ADP source refresh drift,draft-board,7471,Zaire Franklin,LB,percent_owned,20.79,20.69,DB snapshot is 2026-07-28T17:38:31.888534+00:00; published ESPN ownership data was fetched during this audit.
5,live ADP source refresh drift,draft-board,7472,John Franklin-Myers,DE,adp,170.47,170.46,DB snapshot is 2026-07-28T17:38:31.888534+00:00; published ESPN ownership data was fetched during this audit.
5,live ADP source refresh drift,draft-board,7472,John Franklin-Myers,DE,percent_owned,1.27,1.34,DB snapshot is 2026-07-28T17:38:31.888534+00:00; published ESPN ownership data was fetched during this audit.
5,live ADP source refresh drift,draft-board,7532,Pat Freiermuth,TE,adp,168.74,168.73,DB snapshot is 2026-07-28T17:38:31.888534+00:00; published ESPN ownership data was fetched during this audit.
5,live ADP source refresh drift,draft-board,7532,Pat Freiermuth,TE,percent_owned,5.98,6.0,DB snapshot is 2026-07-28T17:38:31.888534+00:00; published ESPN ownership data was fetched during this audit.
5,live ADP source refresh drift,draft-board,7621,Kristian Fulton,CB,adp,171.51,171.48,DB snapshot is 2026-07-28T17:38:31.888534+00:00; published ESPN ownership data was fetched during this audit.
5,live ADP source refresh drift,draft-board,7656,Oronde Gadsden II,TE,adp,168.24,168.23,DB snapshot is 2026-07-28T17:38:31.888534+00:00; published ESPN ownership data was fetched during this audit.
5,live ADP source refresh drift,draft-board,7656,Oronde Gadsden II,TE,percent_owned,11.81,11.77,DB snapshot is 2026-07-28T17:38:31.888534+00:00; published ESPN ownership data was fetched during this audit.
5,live ADP source refresh drift,draft-board,7690,Kenneth Gainwell,RB,adp,121.61,121.62,DB snapshot is 2026-07-28T17:38:31.888534+00:00; published ESPN ownership data was fetched during this audit.
5,live ADP source refresh drift,draft-board,7690,Kenneth Gainwell,RB,percent_owned,85.23,85.21,DB snapshot is 2026-07-28T17:38:31.888534+00:00; published ESPN ownership data was fetched during this audit.
5,live ADP source refresh drift,draft-board,7773,Dennis Gardeck,LB,adp,170.85,170.83,DB snapshot is 2026-07-28T17:38:31.888534+00:00; published ESPN ownership data was fetched during this audit.
5,live ADP source refresh drift,draft-board,7775,Sauce Gardner,CB,adp,173.15,173.08,DB snapshot is 2026-07-28T17:38:31.888534+00:00; published ESPN ownership data was fetched during this audit.
5,live ADP source refresh drift,draft-board,7775,Sauce Gardner,CB,percent_owned,13.65,13.58,DB snapshot is 2026-07-28T17:38:31.888534+00:00; published ESPN ownership data was fetched during this audit.
5,live ADP source refresh drift,draft-board,7794,C.J. Gardner-Johnson,S,percent_owned,3.6,3.59,DB snapshot is 2026-07-28T17:38:31.888534+00:00; published ESPN ownership data was fetched during this audit.
5,live ADP source refresh drift,draft-board,7827,Myles Garrett,DE,adp,72.5,71.93,DB snapshot is 2026-07-28T17:38:31.888534+00:00; published ESPN ownership data was fetched during this audit.
5,live ADP source refresh drift,draft-board,7827,Myles Garrett,DE,percent_owned,90.19,90.32,DB snapshot is 2026-07-28T17:38:31.888534+00:00; published ESPN ownership data was fetched during this audit.
5,live ADP source refresh drift,draft-board,7842,Rashan Gary,LB,adp,170.26,170.25,DB snapshot is 2026-07-28T17:38:31.888534+00:00; published ESPN ownership data was fetched during this audit.
5,live ADP source refresh drift,draft-board,7842,Rashan Gary,LB,percent_owned,6.97,6.93,DB snapshot is 2026-07-28T17:38:31.888534+00:00; published ESPN ownership data was fetched during this audit.
5,live ADP source refresh drift,draft-board,7879,Matt Gay,PK,adp,169.64,169.63,DB snapshot is 2026-07-28T17:38:31.888534+00:00; published ESPN ownership data was fetched during this audit.
5,live ADP source refresh drift,draft-board,7884,Willie Gay Jr.,LB,adp,170.04,169.9,DB snapshot is 2026-07-28T17:38:31.888534+00:00; published ESPN ownership data was fetched during this audit.
5,live ADP source refresh drift,draft-board,7884,Willie Gay Jr.,LB,percent_owned,0.49,0.57,DB snapshot is 2026-07-28T17:38:31.888534+00:00; published ESPN ownership data was fetched during this audit.
5,live ADP source refresh drift,draft-board,7975,Jack Gibbens,LB,percent_owned,3.53,3.43,DB snapshot is 2026-07-28T17:38:31.888534+00:00; published ESPN ownership data was fetched during this audit.
5,live ADP source refresh drift,draft-board,8002,DJ Giddens,RB,adp,170.14,170.13,DB snapshot is 2026-07-28T17:38:31.888534+00:00; published ESPN ownership data was fetched during this audit.
5,live ADP source refresh drift,draft-board,8033,Joe Giles-Harris,LB,adp,170.99,170.97,DB snapshot is 2026-07-28T17:38:31.888534+00:00; published ESPN ownership data was fetched during this audit.
5,live ADP source refresh drift,draft-board,8033,Joe Giles-Harris,LB,percent_owned,1.07,1.06,DB snapshot is 2026-07-28T17:38:31.888534+00:00; published ESPN ownership data was fetched during this audit.
5,live ADP source refresh drift,draft-board,8064,Ashton Gillotte,DE,adp,170.58,170.57,DB snapshot is 2026-07-28T17:38:31.888534+00:00; published ESPN ownership data was fetched during this audit.
5,live ADP source refresh drift,draft-board,8064,Ashton Gillotte,DE,percent_owned,1.03,1.02,DB snapshot is 2026-07-28T17:38:31.888534+00:00; published ESPN ownership data was fetched during this audit.
5,live ADP source refresh drift,draft-board,8066,Alohi Gilman,S,adp,179.8,179.56,DB snapshot is 2026-07-28T17:38:31.888534+00:00; published ESPN ownership data was fetched during this audit.
5,live ADP source refresh drift,draft-board,8066,Alohi Gilman,S,percent_owned,10.25,10.2,DB snapshot is 2026-07-28T17:38:31.888534+00:00; published ESPN ownership data was fetched during this audit.
5,live ADP source refresh drift,draft-board,8146,Chris Godwin Jr.,WR,adp,140.45,140.49,DB snapshot is 2026-07-28T17:38:31.888534+00:00; published ESPN ownership data was fetched during this audit.
5,live ADP source refresh drift,draft-board,8146,Chris Godwin Jr.,WR,percent_owned,83.97,83.91,DB snapshot is 2026-07-28T17:38:31.888534+00:00; published ESPN ownership data was fetched during this audit.
5,live ADP source refresh drift,draft-board,8153,Dallas Goedert,TE,adp,99.73,99.69,DB snapshot is 2026-07-28T17:38:31.888534+00:00; published ESPN ownership data was fetched during this audit.
5,live ADP source refresh drift,draft-board,8156,Jared Goff,QB,adp,140.98,141.0,DB snapshot is 2026-07-28T17:38:31.888534+00:00; published ESPN ownership data was fetched during this audit.
5,live ADP source refresh drift,draft-board,8156,Jared Goff,QB,percent_owned,56.11,56.17,DB snapshot is 2026-07-28T17:38:31.888534+00:00; published ESPN ownership data was fetched during this audit.
5,live ADP source refresh drift,draft-board,8172,Jake Golday,LB,percent_owned,4.03,4.01,DB snapshot is 2026-07-28T17:38:31.888534+00:00; published ESPN ownership data was fetched during this audit.
5,live ADP source refresh drift,draft-board,8179,Matthew Golden,WR,adp,103.82,103.81,DB snapshot is 2026-07-28T17:38:31.888534+00:00; published ESPN ownership data was fetched during this audit.
5,live ADP source refresh drift,draft-board,8200,Christian Gonzalez,CB,adp,149.1,148.35,DB snapshot is 2026-07-28T17:38:31.888534+00:00; published ESPN ownership data was fetched during this audit.
5,live ADP source refresh drift,draft-board,8200,Christian Gonzalez,CB,percent_owned,47.76,47.93,DB snapshot is 2026-07-28T17:38:31.888534+00:00; published ESPN ownership data was fetched during this audit.
5,live ADP source refresh drift,draft-board,8206,Zane Gonzalez,PK,adp,169.96,169.95,DB snapshot is 2026-07-28T17:38:31.888534+00:00; published ESPN ownership data was fetched during this audit.
5,live ADP source refresh drift,draft-board,8212,Cameron Goode,LB,adp,171.26,171.23,DB snapshot is 2026-07-28T17:38:31.888534+00:00; published ESPN ownership data was fetched during this audit.
5,live ADP source refresh drift,draft-board,8212,Cameron Goode,LB,percent_owned,0.32,0.31,DB snapshot is 2026-07-28T17:38:31.888534+00:00; published ESPN ownership data was fetched during this audit.
5,live ADP source refresh drift,draft-board,8271,Kyler Gordon,CB,adp,177.67,177.49,DB snapshot is 2026-07-28T17:38:31.888534+00:00; published ESPN ownership data was fetched during this audit.
5,live ADP source refresh drift,draft-board,8271,Kyler Gordon,CB,percent_owned,5.49,5.46,DB snapshot is 2026-07-28T17:38:31.888534+00:00; published ESPN ownership data was fetched during this audit.
5,live ADP source refresh drift,draft-board,8352,Mason Graham,DT,adp,174.7,174.55,DB snapshot is 2026-07-28T17:38:31.888534+00:00; published ESPN ownership data was fetched during this audit.
5,live ADP source refresh drift,draft-board,8352,Mason Graham,DT,percent_owned,8.74,8.69,DB snapshot is 2026-07-28T17:38:31.888534+00:00; published ESPN ownership data was fetched during this audit.
5,live ADP source refresh drift,draft-board,8367,Carl Granderson,DE,adp,177.61,177.39,DB snapshot is 2026-07-28T17:38:31.888534+00:00; published ESPN ownership data was fetched during this audit.
5,live ADP source refresh drift,draft-board,8367,Carl Granderson,DE,percent_owned,12.98,12.91,DB snapshot is 2026-07-28T17:38:31.888534+00:00; published ESPN ownership data was fetched during this audit.
5,live ADP source refresh drift,draft-board,8391,Kenneth Grant,DT,adp,171.51,171.46,DB snapshot is 2026-07-28T17:38:31.888534+00:00; published ESPN ownership data was fetched during this audit.
5,live ADP source refresh drift,draft-board,8391,Kenneth Grant,DT,percent_owned,1.37,1.36,DB snapshot is 2026-07-28T17:38:31.888534+00:00; published ESPN ownership data was fetched during this audit.
5,live ADP source refresh drift,draft-board,8423,Cedric Gray,LB,adp,132.14,132.02,DB snapshot is 2026-07-28T17:38:31.888534+00:00; published ESPN ownership data was fetched during this audit.
5,live ADP source refresh drift,draft-board,8423,Cedric Gray,LB,percent_owned,70.25,70.32,DB snapshot is 2026-07-28T17:38:31.888534+00:00; published ESPN ownership data was fetched during this audit.
5,live ADP source refresh drift,draft-board,8443,J.T. Gray,S,adp,173.66,173.57,DB snapshot is 2026-07-28T17:38:31.888534+00:00; published ESPN ownership data was fetched during this audit.
5,live ADP source refresh drift,draft-board,8451,Noah Gray,TE,adp,170.01,170.02,DB snapshot is 2026-07-28T17:38:31.888534+00:00; published ESPN ownership data was fetched during this audit.
5,live ADP source refresh drift,draft-board,8531,Mike Green,LB,adp,170.6,170.58,DB snapshot is 2026-07-28T17:38:31.888534+00:00; published ESPN ownership data was fetched during this audit.
5,live ADP source refresh drift,draft-board,8531,Mike Green,LB,percent_owned,3.4,3.46,DB snapshot is 2026-07-28T17:38:31.888534+00:00; published ESPN ownership data was fetched during this audit.
5,live ADP source refresh drift,draft-board,8536,Renardo Green,CB,adp,173.79,173.7,DB snapshot is 2026-07-28T17:38:31.888534+00:00; published ESPN ownership data was fetched during this audit.
5,live ADP source refresh drift,draft-board,8536,Renardo Green,CB,percent_owned,5.02,5.0,DB snapshot is 2026-07-28T17:38:31.888534+00:00; published ESPN ownership data was fetched during this audit.
5,live ADP source refresh drift,draft-board,8561,Jonathan Greenard,LB,adp,172.33,172.04,DB snapshot is 2026-07-28T17:38:31.888534+00:00; published ESPN ownership data was fetched during this audit.
5,live ADP source refresh drift,draft-board,8561,Jonathan Greenard,LB,percent_owned,30.88,30.87,DB snapshot is 2026-07-28T17:38:31.888534+00:00; published ESPN ownership data was fetched during this audit.
5,live ADP source refresh drift,draft-board,8591,Dre Greenlaw,LB,adp,174.95,174.83,DB snapshot is 2026-07-28T17:38:31.888534+00:00; published ESPN ownership data was fetched during this audit.
5,live ADP source refresh drift,draft-board,8591,Dre Greenlaw,LB,percent_owned,13.06,13.0,DB snapshot is 2026-07-28T17:38:31.888534+00:00; published ESPN ownership data was fetched during this audit.
5,live ADP source refresh drift,draft-board,8610,Eric Gregory,DT,adp,171.45,171.41,DB snapshot is 2026-07-28T17:38:31.888534+00:00; published ESPN ownership data was fetched during this audit.
5,live ADP source refresh drift,draft-board,8864,Maxwell Hairston,CB,adp,173.75,173.66,DB snapshot is 2026-07-28T17:38:31.888534+00:00; published ESPN ownership data was fetched during this audit.
5,live ADP source refresh drift,draft-board,8864,Maxwell Hairston,CB,percent_owned,4.0,3.98,DB snapshot is 2026-07-28T17:38:31.888534+00:00; published ESPN ownership data was fetched during this audit.
5,live ADP source refresh drift,draft-board,8895,Breece Hall,RB,adp,32.48,32.49,DB snapshot is 2026-07-28T17:38:31.888534+00:00; published ESPN ownership data was fetched during this audit.
5,live ADP source refresh drift,draft-board,8921,Derick Hall,LB,adp,170.84,170.82,DB snapshot is 2026-07-28T17:38:31.888534+00:00; published ESPN ownership data was fetched during this audit.
5,live ADP source refresh drift,draft-board,8921,Derick Hall,LB,percent_owned,1.43,1.42,DB snapshot is 2026-07-28T17:38:31.888534+00:00; published ESPN ownership data was fetched during this audit.
5,live ADP source refresh drift,draft-board,8940,Logan Hall,DE,adp,171.08,171.04,DB snapshot is 2026-07-28T17:38:31.888534+00:00; published ESPN ownership data was fetched during this audit.
5,live ADP source refresh drift,draft-board,8946,Mike Hall Jr.,DT,adp,171.18,171.14,DB snapshot is 2026-07-28T17:38:31.888534+00:00; published ESPN ownership data was fetched during this audit.
5,live ADP source refresh drift,draft-board,8946,Mike Hall Jr.,DT,percent_owned,0.69,0.68,DB snapshot is 2026-07-28T17:38:31.888534+00:00; published ESPN ownership data was fetched during this audit.
5,live ADP source refresh drift,draft-board,8973,Gracen Halton,DT,adp,170.75,170.72,DB snapshot is 2026-07-28T17:38:31.888534+00:00; published ESPN ownership data was fetched during this audit.
5,live ADP source refresh drift,draft-board,8987,Antonio Hamilton,CB,adp,173.51,173.43,DB snapshot is 2026-07-28T17:38:31.888534+00:00; published ESPN ownership data was fetched during this audit.
5,live ADP source refresh drift,draft-board,8992,DaVon Hamilton,DT,adp,171.02,170.99,DB snapshot is 2026-07-28T17:38:31.888534+00:00; published ESPN ownership data was fetched during this audit.
5,live ADP source refresh drift,draft-board,9005,Kyle Hamilton,S,adp,112.22,111.22,DB snapshot is 2026-07-28T17:38:31.888534+00:00; published ESPN ownership data was fetched during this audit.
5,live ADP source refresh drift,draft-board,9005,Kyle Hamilton,S,percent_owned,80.98,81.0,DB snapshot is 2026-07-28T17:38:31.888534+00:00; published ESPN ownership data was fetched during this audit.
5,live ADP source refresh drift,draft-board,9006,Kyonte Hamilton,DT,adp,170.42,170.41,DB snapshot is 2026-07-28T17:38:31.888534+00:00; published ESPN ownership data was fetched during this audit.
5,live ADP source refresh drift,draft-board,9023,Ty Hamilton,DT,adp,171.24,171.2,DB snapshot is 2026-07-28T17:38:31.888534+00:00; published ESPN ownership data was fetched during this audit.
5,live ADP source refresh drift,draft-board,9070,Jordan Hancock,CB,adp,171.86,171.81,DB snapshot is 2026-07-28T17:38:31.888534+00:00; published ESPN ownership data was fetched during this audit.
5,live ADP source refresh drift,draft-board,9146,Myles Harden,CB,adp,170.88,170.86,DB snapshot is 2026-07-28T17:38:31.888534+00:00; published ESPN ownership data was fetched during this audit.
5,live ADP source refresh drift,draft-board,9146,Myles Harden,CB,percent_owned,1.02,1.01,DB snapshot is 2026-07-28T17:38:31.888534+00:00; published ESPN ownership data was fetched during this audit.
5,live ADP source refresh drift,draft-board,9156,Mecole Hardman,WR,adp,169.97,169.96,DB snapshot is 2026-07-28T17:38:31.888534+00:00; published ESPN ownership data was fetched during this audit.
5,live ADP source refresh drift,draft-board,9186,Javon Hargrave,DT,adp,172.87,172.78,DB snapshot is 2026-07-28T17:38:31.888534+00:00; published ESPN ownership data was fetched during this audit.
5,live ADP source refresh drift,draft-board,9186,Javon Hargrave,DT,percent_owned,3.68,3.66,DB snapshot is 2026-07-28T17:38:31.888534+00:00; published ESPN ownership data was fetched during this audit.
5,live ADP source refresh drift,draft-board,9201,Derrick Harmon,DT,adp,171.3,171.26,DB snapshot is 2026-07-28T17:38:31.888534+00:00; published ESPN ownership data was fetched during this audit.
5,live ADP source refresh drift,draft-board,9201,Derrick Harmon,DT,percent_owned,2.31,2.3,DB snapshot is 2026-07-28T17:38:31.888534+00:00; published ESPN ownership data was fetched during this audit.
5,live ADP source refresh drift,draft-board,9275,Christian Harris,LB,adp,175.09,174.96,DB snapshot is 2026-07-28T17:38:31.888534+00:00; published ESPN ownership data was fetched during this audit.
5,live ADP source refresh drift,draft-board,9275,Christian Harris,LB,percent_owned,4.44,4.42,DB snapshot is 2026-07-28T17:38:31.888534+00:00; published ESPN ownership data was fetched during this audit.
5,live ADP source refresh drift,draft-board,9280,Tre Harris,WR,adp,170.45,170.44,DB snapshot is 2026-07-28T17:38:31.888534+00:00; published ESPN ownership data was fetched during this audit.
5,live ADP source refresh drift,draft-board,9345,Marcus Harris,CB,adp,170.63,170.62,DB snapshot is 2026-07-28T17:38:31.888534+00:00; published ESPN ownership data was fetched during this audit.
5,live ADP source refresh drift,draft-board,9377,Shelby Harris,DT,adp,174.17,174.04,DB snapshot is 2026-07-28T17:38:31.888534+00:00; published ESPN ownership data was fetched during this audit.
5,live ADP source refresh drift,draft-board,9377,Shelby Harris,DT,percent_owned,3.26,3.24,DB snapshot is 2026-07-28T17:38:31.888534+00:00; published ESPN ownership data was fetched during this audit.
5,live ADP source refresh drift,draft-board,9393,Will Harris,S,adp,170.81,170.52,DB snapshot is 2026-07-28T17:38:31.888534+00:00; published ESPN ownership data was fetched during this audit.
5,live ADP source refresh drift,draft-board,9393,Will Harris,S,percent_owned,2.21,2.28,DB snapshot is 2026-07-28T17:38:31.888534+00:00; published ESPN ownership data was fetched during this audit.
5,live ADP source refresh drift,draft-board,9416,Malik Harrison,LB,adp,171.12,171.09,DB snapshot is 2026-07-28T17:38:31.888534+00:00; published ESPN ownership data was fetched during this audit.
5,live ADP source refresh drift,draft-board,9421,Marvin Harrison Jr.,WR,adp,84.34,84.45,DB snapshot is 2026-07-28T17:38:31.888534+00:00; published ESPN ownership data was fetched during this audit.
5,live ADP source refresh drift,draft-board,9421,Marvin Harrison Jr.,WR,percent_owned,90.41,90.39,DB snapshot is 2026-07-28T17:38:31.888534+00:00; published ESPN ownership data was fetched during this audit.
5,live ADP source refresh drift,draft-board,9426,Ronnie Harrison,LB,adp,170.37,170.36,DB snapshot is 2026-07-28T17:38:31.888534+00:00; published ESPN ownership data was fetched during this audit.
5,live ADP source refresh drift,draft-board,9426,Ronnie Harrison,LB,percent_owned,0.65,0.64,DB snapshot is 2026-07-28T17:38:31.888534+00:00; published ESPN ownership data was fetched during this audit.
5,live ADP source refresh drift,draft-board,9432,Zach Harrison,DE,adp,183.35,182.84,DB snapshot is 2026-07-28T17:38:31.888534+00:00; published ESPN ownership data was fetched during this audit.
5,live ADP source refresh drift,draft-board,9432,Zach Harrison,DE,percent_owned,18.68,18.65,DB snapshot is 2026-07-28T17:38:31.888534+00:00; published ESPN ownership data was fetched during this audit.
5,live ADP source refresh drift,draft-board,9438,Cam Hart,CB,adp,171.42,171.38,DB snapshot is 2026-07-28T17:38:31.888534+00:00; published ESPN ownership data was fetched during this audit.
5,live ADP source refresh drift,draft-board,9481,Jahfari Harvey,DE,adp,171.45,171.41,DB snapshot is 2026-07-28T17:38:31.888534+00:00; published ESPN ownership data was fetched during this audit.
5,live ADP source refresh drift,draft-board,9492,RJ Harvey,RB,adp,122.62,122.65,DB snapshot is 2026-07-28T17:38:31.888534+00:00; published ESPN ownership data was fetched during this audit.
5,live ADP source refresh drift,draft-board,9492,RJ Harvey,RB,percent_owned,84.76,84.75,DB snapshot is 2026-07-28T17:38:31.888534+00:00; published ESPN ownership data was fetched during this audit.
5,live ADP source refresh drift,draft-board,9540,A.J. Haulcy,S,adp,171.06,171.04,DB snapshot is 2026-07-28T17:38:31.888534+00:00; published ESPN ownership data was fetched during this audit.
5,live ADP source refresh drift,draft-board,9540,A.J. Haulcy,S,percent_owned,4.18,4.16,DB snapshot is 2026-07-28T17:38:31.888534+00:00; published ESPN ownership data was fetched during this audit.
5,live ADP source refresh drift,draft-board,9552,Jackson Hawes,TE,adp,169.98,169.97,DB snapshot is 2026-07-28T17:38:31.888534+00:00; published ESPN ownership data was fetched during this audit.
5,live ADP source refresh drift,draft-board,9570,Jaylinn Hawkins,S,adp,170.92,170.89,DB snapshot is 2026-07-28T17:38:31.888534+00:00; published ESPN ownership data was fetched during this audit.
5,live ADP source refresh drift,draft-board,9570,Jaylinn Hawkins,S,percent_owned,2.54,2.53,DB snapshot is 2026-07-28T17:38:31.888534+00:00; published ESPN ownership data was fetched during this audit.
5,live ADP source refresh drift,draft-board,9725,Gunnar Helm,TE,adp,169.85,169.84,DB snapshot is 2026-07-28T17:38:31.888534+00:00; published ESPN ownership data was fetched during this audit.
5,live ADP source refresh drift,draft-board,9725,Gunnar Helm,TE,percent_owned,3.03,3.04,DB snapshot is 2026-07-28T17:38:31.888534+00:00; published ESPN ownership data was fetched during this audit.
5,live ADP source refresh drift,draft-board,9737,Tonka Hemingway,DT,adp,171.44,171.4,DB snapshot is 2026-07-28T17:38:31.888534+00:00; published ESPN ownership data was fetched during this audit.
5,live ADP source refresh drift,draft-board,9772,TreVeyon Henderson,RB,adp,66.45,66.47,DB snapshot is 2026-07-28T17:38:31.888534+00:00; published ESPN ownership data was fetched during this audit.
5,live ADP source refresh drift,draft-board,9772,TreVeyon Henderson,RB,percent_owned,93.21,93.2,DB snapshot is 2026-07-28T17:38:31.888534+00:00; published ESPN ownership data was fetched during this audit.
5,live ADP source refresh drift,draft-board,9784,Trey Hendrickson,LB,adp,169.12,168.97,DB snapshot is 2026-07-28T17:38:31.888534+00:00; published ESPN ownership data was fetched during this audit.
5,live ADP source refresh drift,draft-board,9784,Trey Hendrickson,LB,percent_owned,34.68,34.57,DB snapshot is 2026-07-28T17:38:31.888534+00:00; published ESPN ownership data was fetched during this audit.
5,live ADP source refresh drift,draft-board,9797,Daiyan Henley,LB,adp,176.13,175.98,DB snapshot is 2026-07-28T17:38:31.888534+00:00; published ESPN ownership data was fetched during this audit.
5,live ADP source refresh drift,draft-board,9797,Daiyan Henley,LB,percent_owned,21.28,21.26,DB snapshot is 2026-07-28T17:38:31.888534+00:00; published ESPN ownership data was fetched during this audit.
5,live ADP source refresh drift,draft-board,9818,Derrick Henry,RB,adp,20.37,20.38,DB snapshot is 2026-07-28T17:38:31.888534+00:00; published ESPN ownership data was fetched during this audit.
5,live ADP source refresh drift,draft-board,9818,Derrick Henry,RB,percent_owned,99.61,99.6,DB snapshot is 2026-07-28T17:38:31.888534+00:00; published ESPN ownership data was fetched during this audit.
5,live ADP source refresh drift,draft-board,9819,Hunter Henry,TE,adp,141.72,141.63,DB snapshot is 2026-07-28T17:38:31.888534+00:00; published ESPN ownership data was fetched during this audit.
5,live ADP source refresh drift,draft-board,9819,Hunter Henry,TE,percent_owned,40.38,40.57,DB snapshot is 2026-07-28T17:38:31.888534+00:00; published ESPN ownership data was fetched during this audit.
5,live ADP source refresh drift,draft-board,9850,Nick Herbig,LB,adp,170.4,170.39,DB snapshot is 2026-07-28T17:38:31.888534+00:00; published ESPN ownership data was fetched during this audit.
5,live ADP source refresh drift,draft-board,9850,Nick Herbig,LB,percent_owned,4.67,4.65,DB snapshot is 2026-07-28T17:38:31.888534+00:00; published ESPN ownership data was fetched during this audit.
5,live ADP source refresh drift,draft-board,9921,Cameron Heyward,DT,adp,172.52,172.21,DB snapshot is 2026-07-28T17:38:31.888534+00:00; published ESPN ownership data was fetched during this audit.
5,live ADP source refresh drift,draft-board,9921,Cameron Heyward,DT,percent_owned,39.25,39.27,DB snapshot is 2026-07-28T17:38:31.888534+00:00; published ESPN ownership data was fetched during this audit.
5,live ADP source refresh drift,draft-board,9933,Ronnie Hickman Jr.,S,adp,180.44,180.18,DB snapshot is 2026-07-28T17:38:31.888534+00:00; published ESPN ownership data was fetched during this audit.
5,live ADP source refresh drift,draft-board,9933,Ronnie Hickman Jr.,S,percent_owned,10.0,9.95,DB snapshot is 2026-07-28T17:38:31.888534+00:00; published ESPN ownership data was fetched during this audit.
5,live ADP source refresh drift,draft-board,9948,Jaden Hicks,S,adp,171.11,171.09,DB snapshot is 2026-07-28T17:38:31.888534+00:00; published ESPN ownership data was fetched during this audit.
5,live ADP source refresh drift,draft-board,9948,Jaden Hicks,S,percent_owned,1.15,1.14,DB snapshot is 2026-07-28T17:38:31.888534+00:00; published ESPN ownership data was fetched during this audit.
5,live ADP source refresh drift,draft-board,9967,Elijah Higgins,TE,adp,170.0,169.99,DB snapshot is 2026-07-28T17:38:31.888534+00:00; published ESPN ownership data was fetched during this audit.
5,live ADP source refresh drift,draft-board,9969,Jayden Higgins,WR,adp,158.58,158.59,DB snapshot is 2026-07-28T17:38:31.888534+00:00; published ESPN ownership data was fetched during this audit.
5,live ADP source refresh drift,draft-board,9969,Jayden Higgins,WR,percent_owned,34.84,34.89,DB snapshot is 2026-07-28T17:38:31.888534+00:00; published ESPN ownership data was fetched during this audit.
5,live ADP source refresh drift,draft-board,9973,Tee Higgins,WR,adp,55.67,55.68,DB snapshot is 2026-07-28T17:38:31.888534+00:00; published ESPN ownership data was fetched during this audit.
5,live ADP source refresh drift,draft-board,9973,Tee Higgins,WR,percent_owned,96.68,96.67,DB snapshot is 2026-07-28T17:38:31.888534+00:00; published ESPN ownership data was fetched during this audit.
5,live ADP source refresh drift,draft-board,9976,Alex Highsmith,LB,adp,161.24,161.15,DB snapshot is 2026-07-28T17:38:31.888534+00:00; published ESPN ownership data was fetched during this audit.
5,live ADP source refresh drift,draft-board,9976,Alex Highsmith,LB,percent_owned,44.18,44.09,DB snapshot is 2026-07-28T17:38:31.888534+00:00; published ESPN ownership data was fetched during this audit.
5,live ADP source refresh drift,draft-board,9993,Anthony Hill Jr.,LB,adp,170.52,170.51,DB snapshot is 2026-07-28T17:38:31.888534+00:00; published ESPN ownership data was fetched during this audit.
5,live ADP source refresh drift,draft-board,9993,Anthony Hill Jr.,LB,percent_owned,6.82,6.79,DB snapshot is 2026-07-28T17:38:31.888534+00:00; published ESPN ownership data was fetched during this audit.
5,live ADP source refresh drift,draft-board,9997,B.J. Hill,DT,adp,177.12,176.9,DB snapshot is 2026-07-28T17:38:31.888534+00:00; published ESPN ownership data was fetched during this audit.
5,live ADP source refresh drift,draft-board,9997,B.J. Hill,DT,percent_owned,5.31,5.28,DB snapshot is 2026-07-28T17:38:31.888534+00:00; published ESPN ownership data was fetched during this audit.
5,live ADP source refresh drift,draft-board,10008,Daxton Hill,CB,adp,179.61,179.38,DB snapshot is 2026-07-28T17:38:31.888534+00:00; published ESPN ownership data was fetched during this audit.
5,live ADP source refresh drift,draft-board,10008,Daxton Hill,CB,percent_owned,12.39,12.33,DB snapshot is 2026-07-28T17:38:31.888534+00:00; published ESPN ownership data was fetched during this audit.
5,live ADP source refresh drift,draft-board,10033,Justice Hill,RB,adp,170.43,170.41,DB snapshot is 2026-07-28T17:38:31.888534+00:00; published ESPN ownership data was fetched during this audit.
5,live ADP source refresh drift,draft-board,10033,Justice Hill,RB,percent_owned,4.19,4.18,DB snapshot is 2026-07-28T17:38:31.888534+00:00; published ESPN ownership data was fetched during this audit.
5,live ADP source refresh drift,draft-board,10114,Josh Hines-Allen,DE,adp,176.03,175.86,DB snapshot is 2026-07-28T17:38:31.888534+00:00; published ESPN ownership data was fetched during this audit.
5,live ADP source refresh drift,draft-board,10114,Josh Hines-Allen,DE,percent_owned,22.72,22.6,DB snapshot is 2026-07-28T17:38:31.888534+00:00; published ESPN ownership data was fetched during this audit.
5,live ADP source refresh drift,draft-board,10160,T.J. Hockenson,TE,adp,131.58,131.57,DB snapshot is 2026-07-28T17:38:31.888534+00:00; published ESPN ownership data was fetched during this audit.
5,live ADP source refresh drift,draft-board,10160,T.J. Hockenson,TE,percent_owned,67.07,67.16,DB snapshot is 2026-07-28T17:38:31.888534+00:00; published ESPN ownership data was fetched during this audit.
5,live ADP source refresh drift,draft-board,10190,Michael Hoecht,DE,adp,171.44,171.4,DB snapshot is 2026-07-28T17:38:31.888534+00:00; published ESPN ownership data was fetched during this audit.
5,live ADP source refresh drift,draft-board,10218,George Holani,RB,percent_owned,5.4,5.39,DB snapshot is 2026-07-28T17:38:31.888534+00:00; published ESPN ownership data was fetched during this audit.
5,live ADP source refresh drift,draft-board,10221,Cole Holcomb,LB,adp,170.74,170.72,DB snapshot is 2026-07-28T17:38:31.888534+00:00; published ESPN ownership data was fetched during this audit.
5,live ADP source refresh drift,draft-board,10221,Cole Holcomb,LB,percent_owned,1.97,1.96,DB snapshot is 2026-07-28T17:38:31.888534+00:00; published ESPN ownership data was fetched during this audit.
5,live ADP source refresh drift,draft-board,10242,Jevon Holland,S,percent_owned,4.59,4.57,DB snapshot is 2026-07-28T17:38:31.888534+00:00; published ESPN ownership data was fetched during this audit.
5,live ADP source refresh drift,draft-board,10303,Darnay Holmes,CB,percent_owned,0.24,0.23,DB snapshot is 2026-07-28T17:38:31.888534+00:00; published ESPN ownership data was fetched during this audit.
5,live ADP source refresh drift,draft-board,10309,Jalyn Holmes,DE,adp,171.54,171.49,DB snapshot is 2026-07-28T17:38:31.888534+00:00; published ESPN ownership data was fetched during this audit.
5,live ADP source refresh drift,draft-board,10366,Amani Hooker,S,adp,179.48,179.24,DB snapshot is 2026-07-28T17:38:31.888534+00:00; published ESPN ownership data was fetched during this audit.
5,live ADP source refresh drift,draft-board,10366,Amani Hooker,S,percent_owned,10.98,10.93,DB snapshot is 2026-07-28T17:38:31.888534+00:00; published ESPN ownership data was fetched during this audit.
5,live ADP source refresh drift,draft-board,10368,Malik Hooker,S,percent_owned,1.72,1.79,DB snapshot is 2026-07-28T17:38:31.888534+00:00; published ESPN ownership data was fetched during this audit.
5,live ADP source refresh drift,draft-board,10405,Jaycee Horn,CB,adp,170.22,170.21,DB snapshot is 2026-07-28T17:38:31.888534+00:00; published ESPN ownership data was fetched during this audit.
5,live ADP source refresh drift,draft-board,10405,Jaycee Horn,CB,percent_owned,3.76,3.75,DB snapshot is 2026-07-28T17:38:31.888534+00:00; published ESPN ownership data was fetched during this audit.
5,live ADP source refresh drift,draft-board,10423,Dylan Horton,DE,adp,170.96,170.93,DB snapshot is 2026-07-28T17:38:31.888534+00:00; published ESPN ownership data was fetched during this audit.
5,live ADP source refresh drift,draft-board,10423,Dylan Horton,DE,percent_owned,0.4,0.39,DB snapshot is 2026-07-28T17:38:31.888534+00:00; published ESPN ownership data was fetched during this audit.
5,live ADP source refresh drift,draft-board,10430,Tory Horton,WR,adp,170.63,170.61,DB snapshot is 2026-07-28T17:38:31.888534+00:00; published ESPN ownership data was fetched during this audit.
5,live ADP source refresh drift,draft-board,10510,Jordan Howden,S,percent_owned,0.25,0.24,DB snapshot is 2026-07-28T17:38:31.888534+00:00; published ESPN ownership data was fetched during this audit.
5,live ADP source refresh drift,draft-board,10513,Cashius Howell,DE,adp,171.14,171.1,DB snapshot is 2026-07-28T17:38:31.888534+00:00; published ESPN ownership data was fetched during this audit.
5,live ADP source refresh drift,draft-board,10513,Cashius Howell,DE,percent_owned,1.66,1.65,DB snapshot is 2026-07-28T17:38:31.888534+00:00; published ESPN ownership data was fetched during this audit.
5,live ADP source refresh drift,draft-board,10543,Chuba Hubbard,RB,adp,106.78,106.84,DB snapshot is 2026-07-28T17:38:31.888534+00:00; published ESPN ownership data was fetched during this audit.
5,live ADP source refresh drift,draft-board,10543,Chuba Hubbard,RB,percent_owned,89.43,89.41,DB snapshot is 2026-07-28T17:38:31.888534+00:00; published ESPN ownership data was fetched during this audit.
5,live ADP source refresh drift,draft-board,10578,Talanoa Hufanga,S,adp,149.01,148.07,DB snapshot is 2026-07-28T17:38:31.888534+00:00; published ESPN ownership data was fetched during this audit.
5,live ADP source refresh drift,draft-board,10578,Talanoa Hufanga,S,percent_owned,63.85,63.95,DB snapshot is 2026-07-28T17:38:31.888534+00:00; published ESPN ownership data was fetched during this audit.
5,live ADP source refresh drift,draft-board,10609,Mike Hughes,CB,percent_owned,2.59,2.58,DB snapshot is 2026-07-28T17:38:31.888534+00:00; published ESPN ownership data was fetched during this audit.
5,live ADP source refresh drift,draft-board,10642,Lil'Jordan Humphrey,WR,adp,169.94,169.93,DB snapshot is 2026-07-28T17:38:31.888534+00:00; published ESPN ownership data was fetched during this audit.
5,live ADP source refresh drift,draft-board,10643,Marlon Humphrey,CB,adp,180.48,180.08,DB snapshot is 2026-07-28T17:38:31.888534+00:00; published ESPN ownership data was fetched during this audit.
5,live ADP source refresh drift,draft-board,10643,Marlon Humphrey,CB,percent_owned,21.57,21.55,DB snapshot is 2026-07-28T17:38:31.888534+00:00; published ESPN ownership data was fetched during this audit.
5,live ADP source refresh drift,draft-board,10669,Jalyx Hunt,LB,adp,170.17,170.16,DB snapshot is 2026-07-28T17:38:31.888534+00:00; published ESPN ownership data was fetched during this audit.
5,live ADP source refresh drift,draft-board,10669,Jalyx Hunt,LB,percent_owned,4.28,4.25,DB snapshot is 2026-07-28T17:38:31.888534+00:00; published ESPN ownership data was fetched during this audit.
5,live ADP source refresh drift,draft-board,10689,Danielle Hunter,DE,adp,147.52,146.85,DB snapshot is 2026-07-28T17:38:31.888534+00:00; published ESPN ownership data was fetched during this audit.
5,live ADP source refresh drift,draft-board,10689,Danielle Hunter,DE,percent_owned,61.76,61.73,DB snapshot is 2026-07-28T17:38:31.888534+00:00; published ESPN ownership data was fetched during this audit.
5,live ADP source refresh drift,draft-board,10717,Travis Hunter,WR,adp,118.38,118.3,DB snapshot is 2026-07-28T17:38:31.888534+00:00; published ESPN ownership data was fetched during this audit.
5,live ADP source refresh drift,draft-board,10717,Travis Hunter,WR,percent_owned,70.71,70.76,DB snapshot is 2026-07-28T17:38:31.888534+00:00; published ESPN ownership data was fetched during this audit.
5,live ADP source refresh drift,draft-board,10720,Adin Huntington,DE,adp,171.87,171.81,DB snapshot is 2026-07-28T17:38:31.888534+00:00; published ESPN ownership data was fetched during this audit.
5,live ADP source refresh drift,draft-board,10742,Ted Hurst III,WR,percent_owned,0.92,0.91,DB snapshot is 2026-07-28T17:38:31.888534+00:00; published ESPN ownership data was fetched during this audit.
5,live ADP source refresh drift,draft-board,10745,Jalen Hurts,QB,adp,53.65,53.68,DB snapshot is 2026-07-28T17:38:31.888534+00:00; published ESPN ownership data was fetched during this audit.
5,live ADP source refresh drift,draft-board,10745,Jalen Hurts,QB,percent_owned,97.32,97.33,DB snapshot is 2026-07-28T17:38:31.888534+00:00; published ESPN ownership data was fetched during this audit.
5,live ADP source refresh drift,draft-board,10747,Jalen Huskey,S,adp,171.24,171.21,DB snapshot is 2026-07-28T17:38:31.888534+00:00; published ESPN ownership data was fetched during this audit.
5,live ADP source refresh drift,draft-board,10755,Aidan Hutchinson,DE,adp,122.79,122.24,DB snapshot is 2026-07-28T17:38:31.888534+00:00; published ESPN ownership data was fetched during this audit.
5,live ADP source refresh drift,draft-board,10755,Aidan Hutchinson,DE,percent_owned,74.98,75.2,DB snapshot is 2026-07-28T17:38:31.888534+00:00; published ESPN ownership data was fetched during this audit.
5,live ADP source refresh drift,draft-board,10784,Ruben Hyppolite II,LB,adp,170.74,170.73,DB snapshot is 2026-07-28T17:38:31.888534+00:00; published ESPN ownership data was fetched during this audit.
5,live ADP source refresh drift,draft-board,10794,Davison Igbinosun,CB,adp,171.59,171.56,DB snapshot is 2026-07-28T17:38:31.888534+00:00; published ESPN ownership data was fetched during this audit.
5,live ADP source refresh drift,draft-board,10794,Davison Igbinosun,CB,percent_owned,0.71,0.7,DB snapshot is 2026-07-28T17:38:31.888534+00:00; published ESPN ownership data was fetched during this audit.
5,live ADP source refresh drift,draft-board,10818,Tanner Ingle,S,percent_owned,0.25,0.24,DB snapshot is 2026-07-28T17:38:31.888534+00:00; published ESPN ownership data was fetched during this audit.
5,live ADP source refresh drift,draft-board,10838,Tyrion Ingram-Dawkins,DE,percent_owned,0.4,0.39,DB snapshot is 2026-07-28T17:38:31.888534+00:00; published ESPN ownership data was fetched during this audit.
5,live ADP source refresh drift,draft-board,10852,Andrei Iosivas,WR,percent_owned,0.59,0.58,DB snapshot is 2026-07-28T17:38:31.888534+00:00; published ESPN ownership data was fetched during this audit.
5,live ADP source refresh drift,draft-board,10870,Bucky Irving,RB,adp,55.85,55.81,DB snapshot is 2026-07-28T17:38:31.888534+00:00; published ESPN ownership data was fetched during this audit.
5,live ADP source refresh drift,draft-board,10870,Bucky Irving,RB,percent_owned,95.36,95.37,DB snapshot is 2026-07-28T17:38:31.888534+00:00; published ESPN ownership data was fetched during this audit.
5,live ADP source refresh drift,draft-board,10926,Gabe Jacas,LB,adp,170.93,170.91,DB snapshot is 2026-07-28T17:38:31.888534+00:00; published ESPN ownership data was fetched during this audit.
5,live ADP source refresh drift,draft-board,10926,Gabe Jacas,LB,percent_owned,1.35,1.34,DB snapshot is 2026-07-28T17:38:31.888534+00:00; published ESPN ownership data was fetched during this audit.
5,live ADP source refresh drift,draft-board,10973,D'Marco Jackson,LB,percent_owned,2.05,2.04,DB snapshot is 2026-07-28T17:38:31.888534+00:00; published ESPN ownership data was fetched during this audit.
5,live ADP source refresh drift,draft-board,10980,Darrell Jackson Jr.,DT,adp,172.01,171.95,DB snapshot is 2026-07-28T17:38:31.888534+00:00; published ESPN ownership data was fetched during this audit.
5,live ADP source refresh drift,draft-board,10991,Donte Jackson,CB,adp,171.17,171.14,DB snapshot is 2026-07-28T17:38:31.888534+00:00; published ESPN ownership data was fetched during this audit.
5,live ADP source refresh drift,draft-board,10991,Donte Jackson,CB,percent_owned,1.02,1.01,DB snapshot is 2026-07-28T17:38:31.888534+00:00; published ESPN ownership data was fetched during this audit.
5,live ADP source refresh drift,draft-board,11043,Lamar Jackson,QB,adp,40.53,40.52,DB snapshot is 2026-07-28T17:38:31.888534+00:00; published ESPN ownership data was fetched during this audit.
5,live ADP source refresh drift,draft-board,11064,Mike Jackson,CB,adp,178.92,178.7,DB snapshot is 2026-07-28T17:38:31.888534+00:00; published ESPN ownership data was fetched during this audit.
5,live ADP source refresh drift,draft-board,11064,Mike Jackson,CB,percent_owned,7.29,7.34,DB snapshot is 2026-07-28T17:38:31.888534+00:00; published ESPN ownership data was fetched during this audit.
5,live ADP source refresh drift,draft-board,11101,Theo Jackson,S,percent_owned,2.13,2.12,DB snapshot is 2026-07-28T17:38:31.888534+00:00; published ESPN ownership data was fetched during this audit.
5,live ADP source refresh drift,draft-board,11131,Josh Jacobs,RB,adp,25.98,25.97,DB snapshot is 2026-07-28T17:38:31.888534+00:00; published ESPN ownership data was fetched during this audit.
5,live ADP source refresh drift,draft-board,11166,Derwin James,S,adp,133.55,132.77,DB snapshot is 2026-07-28T17:38:31.888534+00:00; published ESPN ownership data was fetched during this audit.
5,live ADP source refresh drift,draft-board,11166,Derwin James,S,percent_owned,71.31,71.29,DB snapshot is 2026-07-28T17:38:31.888534+00:00; published ESPN ownership data was fetched during this audit.
5,live ADP source refresh drift,draft-board,11178,Jordan James,RB,adp,170.3,170.28,DB snapshot is 2026-07-28T17:38:31.888534+00:00; published ESPN ownership data was fetched during this audit.
5,live ADP source refresh drift,draft-board,11194,Shemar James,LB,percent_owned,2.96,2.94,DB snapshot is 2026-07-28T17:38:31.888534+00:00; published ESPN ownership data was fetched during this audit.
5,live ADP source refresh drift,draft-board,11224,Grady Jarrett,DE,adp,176.5,176.29,DB snapshot is 2026-07-28T17:38:31.888534+00:00; published ESPN ownership data was fetched during this audit.
5,live ADP source refresh drift,draft-board,11224,Grady Jarrett,DE,percent_owned,4.11,4.09,DB snapshot is 2026-07-28T17:38:31.888534+00:00; published ESPN ownership data was fetched during this audit.
5,live ADP source refresh drift,draft-board,11257,Ashton Jeanty,RB,adp,17.73,17.72,DB snapshot is 2026-07-28T17:38:31.888534+00:00; published ESPN ownership data was fetched during this audit.
5,live ADP source refresh drift,draft-board,11257,Ashton Jeanty,RB,percent_owned,99.6,99.61,DB snapshot is 2026-07-28T17:38:31.888534+00:00; published ESPN ownership data was fetched during this audit.
5,live ADP source refresh drift,draft-board,11272,Jordan Jefferson,DT,adp,170.34,170.33,DB snapshot is 2026-07-28T17:38:31.888534+00:00; published ESPN ownership data was fetched during this audit.
5,live ADP source refresh drift,draft-board,11274,Justin Jefferson,WR,adp,11.86,11.85,DB snapshot is 2026-07-28T17:38:31.888534+00:00; published ESPN ownership data was fetched during this audit.
5,live ADP source refresh drift,draft-board,11275,Justin Jefferson,LB,adp,170.34,170.33,DB snapshot is 2026-07-28T17:38:31.888534+00:00; published ESPN ownership data was fetched during this audit.
5,live ADP source refresh drift,draft-board,11275,Justin Jefferson,LB,percent_owned,1.97,1.96,DB snapshot is 2026-07-28T17:38:31.888534+00:00; published ESPN ownership data was fetched during this audit.
5,live ADP source refresh drift,draft-board,11285,Tony Jefferson,S,adp,173.95,173.85,DB snapshot is 2026-07-28T17:38:31.888534+00:00; published ESPN ownership data was fetched during this audit.
5,live ADP source refresh drift,draft-board,11285,Tony Jefferson,S,percent_owned,6.15,6.2,DB snapshot is 2026-07-28T17:38:31.888534+00:00; published ESPN ownership data was fetched during this audit.
5,live ADP source refresh drift,draft-board,11329,John Jenkins,DT,adp,175.23,175.07,DB snapshot is 2026-07-28T17:38:31.888534+00:00; published ESPN ownership data was fetched during this audit.
5,live ADP source refresh drift,draft-board,11329,John Jenkins,DT,percent_owned,5.06,5.03,DB snapshot is 2026-07-28T17:38:31.888534+00:00; published ESPN ownership data was fetched during this audit.
5,live ADP source refresh drift,draft-board,11338,Kris Jenkins,DT,adp,171.75,171.69,DB snapshot is 2026-07-28T17:38:31.888534+00:00; published ESPN ownership data was fetched during this audit.
5,live ADP source refresh drift,draft-board,11356,Jauan Jennings,WR,adp,169.46,169.44,DB snapshot is 2026-07-28T17:38:31.888534+00:00; published ESPN ownership data was fetched during this audit.
5,live ADP source refresh drift,draft-board,11356,Jauan Jennings,WR,percent_owned,10.04,10.03,DB snapshot is 2026-07-28T17:38:31.888534+00:00; published ESPN ownership data was fetched during this audit.
5,live ADP source refresh drift,draft-board,11411,Jerry Jeudy,WR,adp,162.56,162.55,DB snapshot is 2026-07-28T17:38:31.888534+00:00; published ESPN ownership data was fetched during this audit.
5,live ADP source refresh drift,draft-board,11411,Jerry Jeudy,WR,percent_owned,23.99,24.03,DB snapshot is 2026-07-28T17:38:31.888534+00:00; published ESPN ownership data was fetched during this audit.
5,live ADP source refresh drift,draft-board,11421,Josh Jobe,CB,adp,172.3,172.24,DB snapshot is 2026-07-28T17:38:31.888534+00:00; published ESPN ownership data was fetched during this audit.
5,live ADP source refresh drift,draft-board,11421,Josh Jobe,CB,percent_owned,2.27,2.26,DB snapshot is 2026-07-28T17:38:31.888534+00:00; published ESPN ownership data was fetched during this audit.
5,live ADP source refresh drift,draft-board,11456,Chris Johnson,CB,adp,171.15,171.12,DB snapshot is 2026-07-28T17:38:31.888534+00:00; published ESPN ownership data was fetched during this audit.
5,live ADP source refresh drift,draft-board,11456,Chris Johnson,CB,percent_owned,3.22,3.2,DB snapshot is 2026-07-28T17:38:31.888534+00:00; published ESPN ownership data was fetched during this audit.
5,live ADP source refresh drift,draft-board,11459,Antonio Johnson,S,adp,172.99,172.91,DB snapshot is 2026-07-28T17:38:31.888534+00:00; published ESPN ownership data was fetched during this audit.
5,live ADP source refresh drift,draft-board,11459,Antonio Johnson,S,percent_owned,4.26,4.24,DB snapshot is 2026-07-28T17:38:31.888534+00:00; published ESPN ownership data was fetched during this audit.
5,live ADP source refresh drift,draft-board,11472,Brandon Johnson,CB,percent_owned,0.25,0.24,DB snapshot is 2026-07-28T17:38:31.888534+00:00; published ESPN ownership data was fetched during this audit.
5,live ADP source refresh drift,draft-board,11574,Emmett Johnson,RB,adp,169.94,169.92,DB snapshot is 2026-07-28T17:38:31.888534+00:00; published ESPN ownership data was fetched during this audit.
5,live ADP source refresh drift,draft-board,11574,Emmett Johnson,RB,percent_owned,2.75,2.74,DB snapshot is 2026-07-28T17:38:31.888534+00:00; published ESPN ownership data was fetched during this audit.
5,live ADP source refresh drift,draft-board,11621,Jaylon Johnson,CB,percent_owned,2.51,2.5,DB snapshot is 2026-07-28T17:38:31.888534+00:00; published ESPN ownership data was fetched during this audit.
5,live ADP source refresh drift,draft-board,11625,Jermaine Johnson II,DE,percent_owned,4.43,4.41,DB snapshot is 2026-07-28T17:38:31.888534+00:00; published ESPN ownership data was fetched during this audit.
5,live ADP source refresh drift,draft-board,11650,Juwan Johnson,TE,adp,163.6,163.59,DB snapshot is 2026-07-28T17:38:31.888534+00:00; published ESPN ownership data was fetched during this audit.
5,live ADP source refresh drift,draft-board,11650,Juwan Johnson,TE,percent_owned,21.21,21.25,DB snapshot is 2026-07-28T17:38:31.888534+00:00; published ESPN ownership data was fetched during this audit.
5,live ADP source refresh drift,draft-board,11652,Kaleb Johnson,RB,percent_owned,0.93,0.92,DB snapshot is 2026-07-28T17:38:31.888534+00:00; published ESPN ownership data was fetched during this audit.
5,live ADP source refresh drift,draft-board,11686,Lonnie Johnson,S,adp,170.54,170.53,DB snapshot is 2026-07-28T17:38:31.888534+00:00; published ESPN ownership data was fetched during this audit.
5,live ADP source refresh drift,draft-board,11686,Lonnie Johnson,S,percent_owned,1.23,1.22,DB snapshot is 2026-07-28T17:38:31.888534+00:00; published ESPN ownership data was fetched during this audit.
5,live ADP source refresh drift,draft-board,11775,Taron Johnson,CB,adp,175.78,175.64,DB snapshot is 2026-07-28T17:38:31.888534+00:00; published ESPN ownership data was fetched during this audit.
5,live ADP source refresh drift,draft-board,11775,Taron Johnson,CB,percent_owned,5.8,5.78,DB snapshot is 2026-07-28T17:38:31.888534+00:00; published ESPN ownership data was fetched during this audit.
5,live ADP source refresh drift,draft-board,11782,Theo Johnson,TE,adp,170.2,170.21,DB snapshot is 2026-07-28T17:38:31.888534+00:00; published ESPN ownership data was fetched during this audit.
5,live ADP source refresh drift,draft-board,11818,Will Johnson,CB,adp,172.73,172.67,DB snapshot is 2026-07-28T17:38:31.888534+00:00; published ESPN ownership data was fetched during this audit.
5,live ADP source refresh drift,draft-board,11818,Will Johnson,CB,percent_owned,5.57,5.54,DB snapshot is 2026-07-28T17:38:31.888534+00:00; published ESPN ownership data was fetched during this audit.
5,live ADP source refresh drift,draft-board,11828,Cameron Johnston,P,percent_owned,50.66,50.85,DB snapshot is 2026-07-28T17:38:31.888534+00:00; published ESPN ownership data was fetched during this audit.
5,live ADP source refresh drift,draft-board,11832,Quentin Johnston,WR,adp,143.86,143.9,DB snapshot is 2026-07-28T17:38:31.888534+00:00; published ESPN ownership data was fetched during this audit.
5,live ADP source refresh drift,draft-board,11832,Quentin Johnston,WR,percent_owned,78.43,78.41,DB snapshot is 2026-07-28T17:38:31.888534+00:00; published ESPN ownership data was fetched during this audit.
5,live ADP source refresh drift,draft-board,11851,Aaron Jones,RB,adp,118.06,118.08,DB snapshot is 2026-07-28T17:38:31.888534+00:00; published ESPN ownership data was fetched during this audit.
5,live ADP source refresh drift,draft-board,11851,Aaron Jones,RB,percent_owned,86.6,86.58,DB snapshot is 2026-07-28T17:38:31.888534+00:00; published ESPN ownership data was fetched during this audit.
5,live ADP source refresh drift,draft-board,11871,Benito Jones,DT,adp,171.39,171.35,DB snapshot is 2026-07-28T17:38:31.888534+00:00; published ESPN ownership data was fetched during this audit.
5,live ADP source refresh drift,draft-board,11879,Brandon Jones,S,adp,176.94,176.77,DB snapshot is 2026-07-28T17:38:31.888534+00:00; published ESPN ownership data was fetched during this audit.
5,live ADP source refresh drift,draft-board,11879,Brandon Jones,S,percent_owned,10.16,10.11,DB snapshot is 2026-07-28T17:38:31.888534+00:00; published ESPN ownership data was fetched during this audit.
5,live ADP source refresh drift,draft-board,11917,Chris Jones,DT,adp,174.45,173.72,DB snapshot is 2026-07-28T17:38:31.888534+00:00; published ESPN ownership data was fetched during this audit.
5,live ADP source refresh drift,draft-board,11917,Chris Jones,DT,percent_owned,24.08,24.19,DB snapshot is 2026-07-28T17:38:31.888534+00:00; published ESPN ownership data was fetched during this audit.
5,live ADP source refresh drift,draft-board,11929,Daniel Jones,QB,adp,162.28,162.2,DB snapshot is 2026-07-28T17:38:31.888534+00:00; published ESPN ownership data was fetched during this audit.
5,live ADP source refresh drift,draft-board,11929,Daniel Jones,QB,percent_owned,22.92,22.98,DB snapshot is 2026-07-28T17:38:31.888534+00:00; published ESPN ownership data was fetched during this audit.
5,live ADP source refresh drift,draft-board,11938,D.J. Jones,DT,adp,171.16,171.12,DB snapshot is 2026-07-28T17:38:31.888534+00:00; published ESPN ownership data was fetched during this audit.
5,live ADP source refresh drift,draft-board,11938,D.J. Jones,DT,percent_owned,1.54,1.53,DB snapshot is 2026-07-28T17:38:31.888534+00:00; published ESPN ownership data was fetched during this audit.
5,live ADP source refresh drift,draft-board,11955,Dre'Mont Jones,DE,adp,170.68,170.67,DB snapshot is 2026-07-28T17:38:31.888534+00:00; published ESPN ownership data was fetched during this audit.
5,live ADP source refresh drift,draft-board,11955,Dre'Mont Jones,DE,percent_owned,2.61,2.6,DB snapshot is 2026-07-28T17:38:31.888534+00:00; published ESPN ownership data was fetched during this audit.
5,live ADP source refresh drift,draft-board,11968,Ernest Jones,LB,adp,156.97,157.3,DB snapshot is 2026-07-28T17:38:31.888534+00:00; published ESPN ownership data was fetched during this audit.
5,live ADP source refresh drift,draft-board,11968,Ernest Jones,LB,percent_owned,56.61,56.5,DB snapshot is 2026-07-28T17:38:31.888534+00:00; published ESPN ownership data was fetched during this audit.
5,live ADP source refresh drift,draft-board,12008,Jarrian Jones,CB,adp,171.02,171.0,DB snapshot is 2026-07-28T17:38:31.888534+00:00; published ESPN ownership data was fetched during this audit.
5,live ADP source refresh drift,draft-board,12013,Jaylon Jones,CB,adp,171.79,171.75,DB snapshot is 2026-07-28T17:38:31.888534+00:00; published ESPN ownership data was fetched during this audit.
5,live ADP source refresh drift,draft-board,12013,Jaylon Jones,CB,percent_owned,0.24,0.23,DB snapshot is 2026-07-28T17:38:31.888534+00:00; published ESPN ownership data was fetched during this audit.
5,live ADP source refresh drift,draft-board,12029,Jonathan Jones,CB,adp,175.35,175.22,DB snapshot is 2026-07-28T17:38:31.888534+00:00; published ESPN ownership data was fetched during this audit.
5,live ADP source refresh drift,draft-board,12029,Jonathan Jones,CB,percent_owned,2.2,2.19,DB snapshot is 2026-07-28T17:38:31.888534+00:00; published ESPN ownership data was fetched during this audit.
5,live ADP source refresh drift,draft-board,12063,Marcus Jones,CB,adp,178.97,178.76,DB snapshot is 2026-07-28T17:38:31.888534+00:00; published ESPN ownership data was fetched during this audit.
5,live ADP source refresh drift,draft-board,12063,Marcus Jones,CB,percent_owned,13.49,13.43,DB snapshot is 2026-07-28T17:38:31.888534+00:00; published ESPN ownership data was fetched during this audit.
5,live ADP source refresh drift,draft-board,12096,Patrick Jones II,LB,adp,170.25,170.24,DB snapshot is 2026-07-28T17:38:31.888534+00:00; published ESPN ownership data was fetched during this audit.
5,live ADP source refresh drift,draft-board,12096,Patrick Jones II,LB,percent_owned,2.38,2.36,DB snapshot is 2026-07-28T17:38:31.888534+00:00; published ESPN ownership data was fetched during this audit.
5,live ADP source refresh drift,draft-board,12145,Travis Jones,DT,adp,180.68,180.34,DB snapshot is 2026-07-28T17:38:31.888534+00:00; published ESPN ownership data was fetched during this audit.
5,live ADP source refresh drift,draft-board,12145,Travis Jones,DT,percent_owned,7.28,7.24,DB snapshot is 2026-07-28T17:38:31.888534+00:00; published ESPN ownership data was fetched during this audit.
5,live ADP source refresh drift,draft-board,12170,Cameron Jordan,DE,adp,171.1,171.07,DB snapshot is 2026-07-28T17:38:31.888534+00:00; published ESPN ownership data was fetched during this audit.
5,live ADP source refresh drift,draft-board,12170,Cameron Jordan,DE,percent_owned,6.02,5.98,DB snapshot is 2026-07-28T17:38:31.888534+00:00; published ESPN ownership data was fetched during this audit.
5,live ADP source refresh drift,draft-board,12213,Kerby Joseph,S,adp,170.37,170.36,DB snapshot is 2026-07-28T17:38:31.888534+00:00; published ESPN ownership data was fetched during this audit.
5,live ADP source refresh drift,draft-board,12213,Kerby Joseph,S,percent_owned,6.8,6.77,DB snapshot is 2026-07-28T17:38:31.888534+00:00; published ESPN ownership data was fetched during this audit.
5,live ADP source refresh drift,draft-board,12222,Sebastian Joseph-Day,DT,adp,171.36,171.32,DB snapshot is 2026-07-28T17:38:31.888534+00:00; published ESPN ownership data was fetched during this audit.
5,live ADP source refresh drift,draft-board,12223,Joshua Josephs,LB,percent_owned,0.32,0.31,DB snapshot is 2026-07-28T17:38:31.888534+00:00; published ESPN ownership data was fetched during this audit.
5,live ADP source refresh drift,draft-board,12240,Quinshon Judkins,RB,adp,52.32,52.3,DB snapshot is 2026-07-28T17:38:31.888534+00:00; published ESPN ownership data was fetched during this audit.
5,live ADP source refresh drift,draft-board,12240,Quinshon Judkins,RB,percent_owned,94.8,94.81,DB snapshot is 2026-07-28T17:38:31.888534+00:00; published ESPN ownership data was fetched during this audit.
5,live ADP source refresh drift,draft-board,12308,Alvin Kamara,RB,adp,156.27,156.31,DB snapshot is 2026-07-28T17:38:31.888534+00:00; published ESPN ownership data was fetched during this audit.
5,live ADP source refresh drift,draft-board,12308,Alvin Kamara,RB,percent_owned,60.49,60.39,DB snapshot is 2026-07-28T17:38:31.888534+00:00; published ESPN ownership data was fetched during this audit.
5,live ADP source refresh drift,draft-board,12318,Calijah Kancey,DT,adp,176.12,175.93,DB snapshot is 2026-07-28T17:38:31.888534+00:00; published ESPN ownership data was fetched during this audit.
5,live ADP source refresh drift,draft-board,12318,Calijah Kancey,DT,percent_owned,3.26,3.24,DB snapshot is 2026-07-28T17:38:31.888534+00:00; published ESPN ownership data was fetched during this audit.
5,live ADP source refresh drift,draft-board,12331,George Karlaftis,DE,adp,176.83,176.64,DB snapshot is 2026-07-28T17:38:31.888534+00:00; published ESPN ownership data was fetched during this audit.
5,live ADP source refresh drift,draft-board,12331,George Karlaftis,DE,percent_owned,12.11,12.05,DB snapshot is 2026-07-28T17:38:31.888534+00:00; published ESPN ownership data was fetched during this audit.
5,live ADP source refresh drift,draft-board,12418,Travis Kelce,TE,adp,100.01,100.02,DB snapshot is 2026-07-28T17:38:31.888534+00:00; published ESPN ownership data was fetched during this audit.
5,live ADP source refresh drift,draft-board,12418,Travis Kelce,TE,percent_owned,90.57,90.56,DB snapshot is 2026-07-28T17:38:31.888534+00:00; published ESPN ownership data was fetched during this audit.
5,live ADP source refresh drift,draft-board,12543,Arden Key,DE,adp,170.57,170.56,DB snapshot is 2026-07-28T17:38:31.888534+00:00; published ESPN ownership data was fetched during this audit.
5,live ADP source refresh drift,draft-board,12543,Arden Key,DE,percent_owned,1.19,1.18,DB snapshot is 2026-07-28T17:38:31.888534+00:00; published ESPN ownership data was fetched during this audit.
5,live ADP source refresh drift,draft-board,12554,Austin Keys,LB,adp,170.3,170.29,DB snapshot is 2026-07-28T17:38:31.888534+00:00; published ESPN ownership data was fetched during this audit.
5,live ADP source refresh drift,draft-board,12582,Miles Killebrew,S,adp,175.56,175.42,DB snapshot is 2026-07-28T17:38:31.888534+00:00; published ESPN ownership data was fetched during this audit.
5,live ADP source refresh drift,draft-board,12582,Miles Killebrew,S,percent_owned,2.3,2.28,DB snapshot is 2026-07-28T17:38:31.888534+00:00; published ESPN ownership data was fetched during this audit.
5,live ADP source refresh drift,draft-board,12606,Dalton Kincaid,TE,adp,135.73,135.67,DB snapshot is 2026-07-28T17:38:31.888534+00:00; published ESPN ownership data was fetched during this audit.
5,live ADP source refresh drift,draft-board,12606,Dalton Kincaid,TE,percent_owned,51.47,51.65,DB snapshot is 2026-07-28T17:38:31.888534+00:00; published ESPN ownership data was fetched during this audit.
5,live ADP source refresh drift,draft-board,12609,Kamren Kinchens,S,adp,170.38,170.37,DB snapshot is 2026-07-28T17:38:31.888534+00:00; published ESPN ownership data was fetched during this audit.
5,live ADP source refresh drift,draft-board,12609,Kamren Kinchens,S,percent_owned,4.02,4.0,DB snapshot is 2026-07-28T17:38:31.888534+00:00; published ESPN ownership data was fetched during this audit.
5,live ADP source refresh drift,draft-board,12689,Christian Kirk,WR,adp,170.83,170.82,DB snapshot is 2026-07-28T17:38:31.888534+00:00; published ESPN ownership data was fetched during this audit.
5,live ADP source refresh drift,draft-board,12710,Jack Kiser,LB,adp,170.47,170.46,DB snapshot is 2026-07-28T17:38:31.888534+00:00; published ESPN ownership data was fetched during this audit.
5,live ADP source refresh drift,draft-board,12710,Jack Kiser,LB,percent_owned,2.47,2.45,DB snapshot is 2026-07-28T17:38:31.888534+00:00; published ESPN ownership data was fetched during this audit.
5,live ADP source refresh drift,draft-board,12719,George Kittle,TE,adp,85.98,86.13,DB snapshot is 2026-07-28T17:38:31.888534+00:00; published ESPN ownership data was fetched during this audit.
5,live ADP source refresh drift,draft-board,12719,George Kittle,TE,percent_owned,91.54,91.53,DB snapshot is 2026-07-28T17:38:31.888534+00:00; published ESPN ownership data was fetched during this audit.
5,live ADP source refresh drift,draft-board,12763,Demetrius Knight Jr.,LB,adp,175.38,175.24,DB snapshot is 2026-07-28T17:38:31.888534+00:00; published ESPN ownership data was fetched during this audit.
5,live ADP source refresh drift,draft-board,12763,Demetrius Knight Jr.,LB,percent_owned,12.9,12.84,DB snapshot is 2026-07-28T17:38:31.888534+00:00; published ESPN ownership data was fetched during this audit.
5,live ADP source refresh drift,draft-board,12767,Qwuantrezz Knight,S,adp,170.35,170.34,DB snapshot is 2026-07-28T17:38:31.888534+00:00; published ESPN ownership data was fetched during this audit.
5,live ADP source refresh drift,draft-board,12774,Tyrice Knight,LB,percent_owned,3.12,3.11,DB snapshot is 2026-07-28T17:38:31.888534+00:00; published ESPN ownership data was fetched during this audit.
5,live ADP source refresh drift,draft-board,12785,Dawson Knox,TE,adp,169.83,169.82,DB snapshot is 2026-07-28T17:38:31.888534+00:00; published ESPN ownership data was fetched during this audit.
5,live ADP source refresh drift,draft-board,12811,Kader Kohou,CB,adp,170.9,170.88,DB snapshot is 2026-07-28T17:38:31.888534+00:00; published ESPN ownership data was fetched during this audit.
5,live ADP source refresh drift,draft-board,12811,Kader Kohou,CB,percent_owned,1.18,1.17,DB snapshot is 2026-07-28T17:38:31.888534+00:00; published ESPN ownership data was fetched during this audit.
5,live ADP source refresh drift,draft-board,12837,Malcolm Koonce,DE,adp,170.94,170.92,DB snapshot is 2026-07-28T17:38:31.888534+00:00; published ESPN ownership data was fetched during this audit.
5,live ADP source refresh drift,draft-board,12877,Tucker Kraft,TE,adp,108.87,108.9,DB snapshot is 2026-07-28T17:38:31.888534+00:00; published ESPN ownership data was fetched during this audit.
5,live ADP source refresh drift,draft-board,12953,Christian Kuntz,LS,adp,173.74,173.65,DB snapshot is 2026-07-28T17:38:31.888534+00:00; published ESPN ownership data was fetched during this audit.
5,live ADP source refresh drift,draft-board,12953,Christian Kuntz,LS,percent_owned,1.15,1.14,DB snapshot is 2026-07-28T17:38:31.888534+00:00; published ESPN ownership data was fetched during this audit.
5,live ADP source refresh drift,draft-board,12959,Cooper Kupp,WR,adp,168.68,168.66,DB snapshot is 2026-07-28T17:38:31.888534+00:00; published ESPN ownership data was fetched during this audit.
5,live ADP source refresh drift,draft-board,12959,Cooper Kupp,WR,percent_owned,7.24,7.25,DB snapshot is 2026-07-28T17:38:31.888534+00:00; published ESPN ownership data was fetched during this audit.
5,live ADP source refresh drift,draft-board,12998,Sam LaPorta,TE,percent_owned,93.61,93.62,DB snapshot is 2026-07-28T17:38:31.888534+00:00; published ESPN ownership data was fetched during this audit.
5,live ADP source refresh drift,draft-board,13035,Quentin Lake,S,adp,151.57,151.4,DB snapshot is 2026-07-28T17:38:31.888534+00:00; published ESPN ownership data was fetched during this audit.
5,live ADP source refresh drift,draft-board,13035,Quentin Lake,S,percent_owned,59.84,59.8,DB snapshot is 2026-07-28T17:38:31.888534+00:00; published ESPN ownership data was fetched during this audit.
5,live ADP source refresh drift,draft-board,13071,Nate Landman,LB,adp,152.5,152.28,DB snapshot is 2026-07-28T17:38:31.888534+00:00; published ESPN ownership data was fetched during this audit.
5,live ADP source refresh drift,draft-board,13071,Nate Landman,LB,percent_owned,57.68,57.56,DB snapshot is 2026-07-28T17:38:31.888534+00:00; published ESPN ownership data was fetched during this audit.
5,live ADP source refresh drift,draft-board,13082,Harold Landry III,LB,adp,177.86,177.64,DB snapshot is 2026-07-28T17:38:31.888534+00:00; published ESPN ownership data was fetched during this audit.
5,live ADP source refresh drift,draft-board,13082,Harold Landry III,LB,percent_owned,12.98,12.91,DB snapshot is 2026-07-28T17:38:31.888534+00:00; published ESPN ownership data was fetched during this audit.
5,live ADP source refresh drift,draft-board,13092,Ja'Kobi Lane,WR,adp,169.63,169.62,DB snapshot is 2026-07-28T17:38:31.888534+00:00; published ESPN ownership data was fetched during this audit.
5,live ADP source refresh drift,draft-board,13092,Ja'Kobi Lane,WR,percent_owned,2.69,2.68,DB snapshot is 2026-07-28T17:38:31.888534+00:00; published ESPN ownership data was fetched during this audit.
5,live ADP source refresh drift,draft-board,13095,Jaylin Lane,WR,percent_owned,0.25,0.24,DB snapshot is 2026-07-28T17:38:31.888534+00:00; published ESPN ownership data was fetched during this audit.
5,live ADP source refresh drift,draft-board,13100,Rayuan Lane III,S,percent_owned,0.25,0.24,DB snapshot is 2026-07-28T17:38:31.888534+00:00; published ESPN ownership data was fetched during this audit.
5,live ADP source refresh drift,draft-board,13163,Kamari Lassiter,CB,adp,134.28,133.44,DB snapshot is 2026-07-28T17:38:31.888534+00:00; published ESPN ownership data was fetched during this audit.
5,live ADP source refresh drift,draft-board,13163,Kamari Lassiter,CB,percent_owned,66.75,66.9,DB snapshot is 2026-07-28T17:38:31.888534+00:00; published ESPN ownership data was fetched during this audit.
5,live ADP source refresh drift,draft-board,13188,Laiatu Latu,DE,adp,176.16,175.98,DB snapshot is 2026-07-28T17:38:31.888534+00:00; published ESPN ownership data was fetched during this audit.
5,live ADP source refresh drift,draft-board,13188,Laiatu Latu,DE,percent_owned,14.01,13.94,DB snapshot is 2026-07-28T17:38:31.888534+00:00; published ESPN ownership data was fetched during this audit.
5,live ADP source refresh drift,draft-board,13197,Jonah Laulu,DT,adp,176.84,176.63,DB snapshot is 2026-07-28T17:38:31.888534+00:00; published ESPN ownership data was fetched during this audit.
5,live ADP source refresh drift,draft-board,13197,Jonah Laulu,DT,percent_owned,3.94,3.92,DB snapshot is 2026-07-28T17:38:31.888534+00:00; published ESPN ownership data was fetched during this audit.
5,live ADP source refresh drift,draft-board,13219,DeMarcus Lawrence,LB,adp,174.34,174.02,DB snapshot is 2026-07-28T17:38:31.888534+00:00; published ESPN ownership data was fetched during this audit.
5,live ADP source refresh drift,draft-board,13219,DeMarcus Lawrence,LB,percent_owned,31.2,31.1,DB snapshot is 2026-07-28T17:38:31.888534+00:00; published ESPN ownership data was fetched during this audit.
5,live ADP source refresh drift,draft-board,13222,Dexter Lawrence,DT,adp,165.95,165.12,DB snapshot is 2026-07-28T17:38:31.888534+00:00; published ESPN ownership data was fetched during this audit.
5,live ADP source refresh drift,draft-board,13222,Dexter Lawrence,DT,percent_owned,13.53,13.62,DB snapshot is 2026-07-28T17:38:31.888534+00:00; published ESPN ownership data was fetched during this audit.
5,live ADP source refresh drift,draft-board,13225,Malachi Lawrence,LB,percent_owned,5.62,5.59,DB snapshot is 2026-07-28T17:38:31.888534+00:00; published ESPN ownership data was fetched during this audit.
5,live ADP source refresh drift,draft-board,13234,Trevor Lawrence,QB,adp,92.95,92.93,DB snapshot is 2026-07-28T17:38:31.888534+00:00; published ESPN ownership data was fetched during this audit.
5,live ADP source refresh drift,draft-board,13234,Trevor Lawrence,QB,percent_owned,87.88,87.89,DB snapshot is 2026-07-28T17:38:31.888534+00:00; published ESPN ownership data was fetched during this audit.
5,live ADP source refresh drift,draft-board,13335,Logan Lee,DT,adp,170.46,170.45,DB snapshot is 2026-07-28T17:38:31.888534+00:00; published ESPN ownership data was fetched during this audit.
5,live ADP source refresh drift,draft-board,13356,Will Lee III,CB,adp,170.0,169.66,DB snapshot is 2026-07-28T17:38:31.888534+00:00; published ESPN ownership data was fetched during this audit.
5,live ADP source refresh drift,draft-board,13356,Will Lee III,CB,percent_owned,0.39,0.47,DB snapshot is 2026-07-28T17:38:31.888534+00:00; published ESPN ownership data was fetched during this audit.
5,live ADP source refresh drift,draft-board,13364,Xavier Legette,WR,adp,170.21,170.2,DB snapshot is 2026-07-28T17:38:31.888534+00:00; published ESPN ownership data was fetched during this audit.
5,live ADP source refresh drift,draft-board,13397,Makai Lemon,WR,adp,106.78,106.77,DB snapshot is 2026-07-28T17:38:31.888534+00:00; published ESPN ownership data was fetched during this audit.
5,live ADP source refresh drift,draft-board,13406,Deommodore Lenoir,CB,percent_owned,4.47,4.45,DB snapshot is 2026-07-28T17:38:31.888534+00:00; published ESPN ownership data was fetched during this audit.
5,live ADP source refresh drift,draft-board,13416,Deane Leonard,CB,adp,171.4,171.37,DB snapshot is 2026-07-28T17:38:31.888534+00:00; published ESPN ownership data was fetched during this audit.
5,live ADP source refresh drift,draft-board,13416,Deane Leonard,CB,percent_owned,0.24,0.23,DB snapshot is 2026-07-28T17:38:31.888534+00:00; published ESPN ownership data was fetched during this audit.
5,live ADP source refresh drift,draft-board,13453,Will Levis,QB,adp,169.99,169.98,DB snapshot is 2026-07-28T17:38:31.888534+00:00; published ESPN ownership data was fetched during this audit.
5,live ADP source refresh drift,draft-board,13465,Cam Lewis,CB,percent_owned,1.72,1.71,DB snapshot is 2026-07-28T17:38:31.888534+00:00; published ESPN ownership data was fetched during this audit.
5,live ADP source refresh drift,draft-board,13498,Jourdan Lewis,CB,adp,175.85,175.71,DB snapshot is 2026-07-28T17:38:31.888534+00:00; published ESPN ownership data was fetched during this audit.
5,live ADP source refresh drift,draft-board,13498,Jourdan Lewis,CB,percent_owned,3.53,3.51,DB snapshot is 2026-07-28T17:38:31.888534+00:00; published ESPN ownership data was fetched during this audit.
5,live ADP source refresh drift,draft-board,13568,Isaiah Likely,TE,adp,126.85,126.83,DB snapshot is 2026-07-28T17:38:31.888534+00:00; published ESPN ownership data was fetched during this audit.
5,live ADP source refresh drift,draft-board,13568,Isaiah Likely,TE,percent_owned,82.93,82.95,DB snapshot is 2026-07-28T17:38:31.888534+00:00; published ESPN ownership data was fetched during this audit.
5,live ADP source refresh drift,draft-board,13621,Cam Little,PK,adp,137.27,137.23,DB snapshot is 2026-07-28T17:38:31.888534+00:00; published ESPN ownership data was fetched during this audit.
5,live ADP source refresh drift,draft-board,13640,Marist Liufau,LB,percent_owned,0.69,0.68,DB snapshot is 2026-07-28T17:38:31.888534+00:00; published ESPN ownership data was fetched during this audit.
5,live ADP source refresh drift,draft-board,13652,Devin Lloyd,LB,adp,177.33,177.15,DB snapshot is 2026-07-28T17:38:31.888534+00:00; published ESPN ownership data was fetched during this audit.
5,live ADP source refresh drift,draft-board,13652,Devin Lloyd,LB,percent_owned,15.94,15.86,DB snapshot is 2026-07-28T17:38:31.888534+00:00; published ESPN ownership data was fetched during this audit.
5,live ADP source refresh drift,draft-board,13657,MarShawn Lloyd,RB,adp,170.34,170.32,DB snapshot is 2026-07-28T17:38:31.888534+00:00; published ESPN ownership data was fetched during this audit.
5,live ADP source refresh drift,draft-board,13657,MarShawn Lloyd,RB,percent_owned,2.66,2.65,DB snapshot is 2026-07-28T17:38:31.888534+00:00; published ESPN ownership data was fetched during this audit.
5,live ADP source refresh drift,draft-board,13665,P.J. Locke,S,adp,170.34,170.33,DB snapshot is 2026-07-28T17:38:31.888534+00:00; published ESPN ownership data was fetched during this audit.
5,live ADP source refresh drift,draft-board,13715,Drake London,WR,adp,19.62,19.61,DB snapshot is 2026-07-28T17:38:31.888534+00:00; published ESPN ownership data was fetched during this audit.
5,live ADP source refresh drift,draft-board,13759,Tyler Loop,PK,adp,161.91,161.88,DB snapshot is 2026-07-28T17:38:31.888534+00:00; published ESPN ownership data was fetched during this audit.
5,live ADP source refresh drift,draft-board,13759,Tyler Loop,PK,percent_owned,49.71,49.75,DB snapshot is 2026-07-28T17:38:31.888534+00:00; published ESPN ownership data was fetched during this audit.
5,live ADP source refresh drift,draft-board,13763,Roy Lopez,DT,percent_owned,0.86,0.85,DB snapshot is 2026-07-28T17:38:31.888534+00:00; published ESPN ownership data was fetched during this audit.
5,live ADP source refresh drift,draft-board,13803,Jeremiyah Love,RB,adp,17.31,17.3,DB snapshot is 2026-07-28T17:38:31.888534+00:00; published ESPN ownership data was fetched during this audit.
5,live ADP source refresh drift,draft-board,13803,Jeremiyah Love,RB,percent_owned,98.43,98.44,DB snapshot is 2026-07-28T17:38:31.888534+00:00; published ESPN ownership data was fetched during this audit.
5,live ADP source refresh drift,draft-board,13805,Jordan Love,QB,percent_owned,22.19,22.22,DB snapshot is 2026-07-28T17:38:31.888534+00:00; published ESPN ownership data was fetched during this audit.
5,live ADP source refresh drift,draft-board,13807,Julian Love,S,adp,176.87,176.7,DB snapshot is 2026-07-28T17:38:31.888534+00:00; published ESPN ownership data was fetched during this audit.
5,live ADP source refresh drift,draft-board,13807,Julian Love,S,percent_owned,13.44,13.38,DB snapshot is 2026-07-28T17:38:31.888534+00:00; published ESPN ownership data was fetched during this audit.
5,live ADP source refresh drift,draft-board,13819,Dominic Lovett,WR,adp,169.99,170.0,DB snapshot is 2026-07-28T17:38:31.888534+00:00; published ESPN ownership data was fetched during this audit.
5,live ADP source refresh drift,draft-board,13839,Dean Lowry,DT,adp,175.92,175.74,DB snapshot is 2026-07-28T17:38:31.888534+00:00; published ESPN ownership data was fetched during this audit.
5,live ADP source refresh drift,draft-board,13854,Chase Lucas,CB,percent_owned,0.24,0.23,DB snapshot is 2026-07-28T17:38:31.888534+00:00; published ESPN ownership data was fetched during this audit.
5,live ADP source refresh drift,draft-board,13917,Wil Lutz,PK,adp,170.27,170.26,DB snapshot is 2026-07-28T17:38:31.888534+00:00; published ESPN ownership data was fetched during this audit.
5,live ADP source refresh drift,draft-board,13918,Frankie Luvu,LB,adp,177.2,177.02,DB snapshot is 2026-07-28T17:38:31.888534+00:00; published ESPN ownership data was fetched during this audit.
5,live ADP source refresh drift,draft-board,13918,Frankie Luvu,LB,percent_owned,10.76,10.71,DB snapshot is 2026-07-28T17:38:31.888534+00:00; published ESPN ownership data was fetched during this audit.
5,live ADP source refresh drift,draft-board,13995,Khalil Mack,LB,adp,179.06,178.81,DB snapshot is 2026-07-28T17:38:31.888534+00:00; published ESPN ownership data was fetched during this audit.
5,live ADP source refresh drift,draft-board,13995,Khalil Mack,LB,percent_owned,21.46,21.34,DB snapshot is 2026-07-28T17:38:31.888534+00:00; published ESPN ownership data was fetched during this audit.
5,live ADP source refresh drift,draft-board,14016,Avonte Maddox,DB,adp,170.69,170.67,DB snapshot is 2026-07-28T17:38:31.888534+00:00; published ESPN ownership data was fetched during this audit.
5,live ADP source refresh drift,draft-board,14031,Nnamdi Madubuike,DT,adp,183.24,182.72,DB snapshot is 2026-07-28T17:38:31.888534+00:00; published ESPN ownership data was fetched during this audit.
5,live ADP source refresh drift,draft-board,14031,Nnamdi Madubuike,DT,percent_owned,30.08,30.07,DB snapshot is 2026-07-28T17:38:31.888534+00:00; published ESPN ownership data was fetched during this audit.
5,live ADP source refresh drift,draft-board,14036,Boye Mafe,DE,adp,177.4,177.19,DB snapshot is 2026-07-28T17:38:31.888534+00:00; published ESPN ownership data was fetched during this audit.
5,live ADP source refresh drift,draft-board,14036,Boye Mafe,DE,percent_owned,5.3,5.28,DB snapshot is 2026-07-28T17:38:31.888534+00:00; published ESPN ownership data was fetched during this audit.
5,live ADP source refresh drift,draft-board,14041,Jordan Magee,LB,percent_owned,1.07,1.06,DB snapshot is 2026-07-28T17:38:31.888534+00:00; published ESPN ownership data was fetched during this audit.
5,live ADP source refresh drift,draft-board,14059,Patrick Mahomes,QB,percent_owned,88.7,88.69,DB snapshot is 2026-07-28T17:38:31.888534+00:00; published ESPN ownership data was fetched during this audit.
5,live ADP source refresh drift,draft-board,14177,Marte Mapu,LB,adp,170.36,170.35,DB snapshot is 2026-07-28T17:38:31.888534+00:00; published ESPN ownership data was fetched during this audit.
5,live ADP source refresh drift,draft-board,14177,Marte Mapu,LB,percent_owned,1.4,1.39,DB snapshot is 2026-07-28T17:38:31.888534+00:00; published ESPN ownership data was fetched during this audit.
5,live ADP source refresh drift,draft-board,14205,Woody Marks,RB,adp,148.99,148.98,DB snapshot is 2026-07-28T17:38:31.888534+00:00; published ESPN ownership data was fetched during this audit.
5,live ADP source refresh drift,draft-board,14205,Woody Marks,RB,percent_owned,69.06,69.04,DB snapshot is 2026-07-28T17:38:31.888534+00:00; published ESPN ownership data was fetched during this audit.
5,live ADP source refresh drift,draft-board,14248,Jason Marshall Jr.,CB,adp,170.67,170.66,DB snapshot is 2026-07-28T17:38:31.888534+00:00; published ESPN ownership data was fetched during this audit.
5,live ADP source refresh drift,draft-board,14260,Terrace Marshall Jr.,WR,adp,169.99,170.0,DB snapshot is 2026-07-28T17:38:31.888534+00:00; published ESPN ownership data was fetched during this audit.
5,live ADP source refresh drift,draft-board,14294,Jacob Martin,DE,adp,170.99,170.96,DB snapshot is 2026-07-28T17:38:31.888534+00:00; published ESPN ownership data was fetched during this audit.
5,live ADP source refresh drift,draft-board,14294,Jacob Martin,DE,percent_owned,0.4,0.39,DB snapshot is 2026-07-28T17:38:31.888534+00:00; published ESPN ownership data was fetched during this audit.
5,live ADP source refresh drift,draft-board,14298,Quan Martin,S,percent_owned,1.64,1.63,DB snapshot is 2026-07-28T17:38:31.888534+00:00; published ESPN ownership data was fetched during this audit.
5,live ADP source refresh drift,draft-board,14308,Keyon Martin,CB,adp,171.81,171.77,DB snapshot is 2026-07-28T17:38:31.888534+00:00; published ESPN ownership data was fetched during this audit.
5,live ADP source refresh drift,draft-board,14324,Sam Martin,P,percent_owned,45.06,45.25,DB snapshot is 2026-07-28T17:38:31.888534+00:00; published ESPN ownership data was fetched during this audit.
5,live ADP source refresh drift,draft-board,14335,David Martin-Robinson,TE,adp,170.01,170.0,DB snapshot is 2026-07-28T17:38:31.888534+00:00; published ESPN ownership data was fetched during this audit.
5,live ADP source refresh drift,draft-board,14335,David Martin-Robinson,TE,percent_owned,0.01,0.02,DB snapshot is 2026-07-28T17:38:31.888534+00:00; published ESPN ownership data was fetched during this audit.
5,live ADP source refresh drift,draft-board,14354,Easton Mascarenas-Arnold,LB,adp,170.62,170.61,DB snapshot is 2026-07-28T17:38:31.888534+00:00; published ESPN ownership data was fetched during this audit.
5,live ADP source refresh drift,draft-board,14363,Jordan Mason,RB,adp,146.53,146.54,DB snapshot is 2026-07-28T17:38:31.888534+00:00; published ESPN ownership data was fetched during this audit.
5,live ADP source refresh drift,draft-board,14363,Jordan Mason,RB,percent_owned,57.83,57.88,DB snapshot is 2026-07-28T17:38:31.888534+00:00; published ESPN ownership data was fetched during this audit.
5,live ADP source refresh drift,draft-board,14411,Phidarian Mathis,DT,adp,171.43,171.38,DB snapshot is 2026-07-28T17:38:31.888534+00:00; published ESPN ownership data was fetched during this audit.
5,live ADP source refresh drift,draft-board,14506,Drake Maye,QB,adp,47.63,47.62,DB snapshot is 2026-07-28T17:38:31.888534+00:00; published ESPN ownership data was fetched during this audit.
5,live ADP source refresh drift,draft-board,14509,Michael Mayer,TE,adp,170.1,170.09,DB snapshot is 2026-07-28T17:38:31.888534+00:00; published ESPN ownership data was fetched during this audit.
5,live ADP source refresh drift,draft-board,14520,Baker Mayfield,QB,adp,149.39,149.44,DB snapshot is 2026-07-28T17:38:31.888534+00:00; published ESPN ownership data was fetched during this audit.
5,live ADP source refresh drift,draft-board,14520,Baker Mayfield,QB,percent_owned,38.0,38.02,DB snapshot is 2026-07-28T17:38:31.888534+00:00; published ESPN ownership data was fetched during this audit.
5,live ADP source refresh drift,draft-board,14612,J.J. McCarthy,QB,adp,169.8,169.79,DB snapshot is 2026-07-28T17:38:31.888534+00:00; published ESPN ownership data was fetched during this audit.
5,live ADP source refresh drift,draft-board,14612,J.J. McCarthy,QB,percent_owned,1.2,1.19,DB snapshot is 2026-07-28T17:38:31.888534+00:00; published ESPN ownership data was fetched during this audit.
5,live ADP source refresh drift,draft-board,14637,Chris McClellan,DT,adp,170.3,170.29,DB snapshot is 2026-07-28T17:38:31.888534+00:00; published ESPN ownership data was fetched during this audit.
5,live ADP source refresh drift,draft-board,14667,Jaylen McCollough,S,percent_owned,0.74,0.73,DB snapshot is 2026-07-28T17:38:31.888534+00:00; published ESPN ownership data was fetched during this audit.
5,live ADP source refresh drift,draft-board,14671,Tristin McCollum,S,adp,171.87,171.82,DB snapshot is 2026-07-28T17:38:31.888534+00:00; published ESPN ownership data was fetched during this audit.
5,live ADP source refresh drift,draft-board,14672,Zyon McCollum,CB,adp,179.39,179.16,DB snapshot is 2026-07-28T17:38:31.888534+00:00; published ESPN ownership data was fetched during this audit.
5,live ADP source refresh drift,draft-board,14672,Zyon McCollum,CB,percent_owned,11.06,11.09,DB snapshot is 2026-07-28T17:38:31.888534+00:00; published ESPN ownership data was fetched during this audit.
5,live ADP source refresh drift,draft-board,14674,Ladd McConkey,WR,adp,55.21,55.1,DB snapshot is 2026-07-28T17:38:31.888534+00:00; published ESPN ownership data was fetched during this audit.
5,live ADP source refresh drift,draft-board,14674,Ladd McConkey,WR,percent_owned,95.11,95.12,DB snapshot is 2026-07-28T17:38:31.888534+00:00; published ESPN ownership data was fetched during this audit.
5,live ADP source refresh drift,draft-board,14695,Jermod McCoy,CB,adp,171.58,171.54,DB snapshot is 2026-07-28T17:38:31.888534+00:00; published ESPN ownership data was fetched during this audit.
5,live ADP source refresh drift,draft-board,14695,Jermod McCoy,CB,percent_owned,2.04,2.03,DB snapshot is 2026-07-28T17:38:31.888534+00:00; published ESPN ownership data was fetched during this audit.
5,live ADP source refresh drift,draft-board,14710,Marcelino McCrary-Ball,LB,adp,170.62,170.6,DB snapshot is 2026-07-28T17:38:31.888534+00:00; published ESPN ownership data was fetched during this audit.
5,live ADP source refresh drift,draft-board,14725,Roger McCreary,CB,adp,171.23,171.2,DB snapshot is 2026-07-28T17:38:31.888534+00:00; published ESPN ownership data was fetched during this audit.
5,live ADP source refresh drift,draft-board,14782,Kayden McDonald,DT,adp,170.55,170.53,DB snapshot is 2026-07-28T17:38:31.888534+00:00; published ESPN ownership data was fetched during this audit.
5,live ADP source refresh drift,draft-board,14782,Kayden McDonald,DT,percent_owned,2.06,2.04,DB snapshot is 2026-07-28T17:38:31.888534+00:00; published ESPN ownership data was fetched during this audit.
5,live ADP source refresh drift,draft-board,14798,Will McDonald IV,DE,adp,175.52,175.36,DB snapshot is 2026-07-28T17:38:31.888534+00:00; published ESPN ownership data was fetched during this audit.
5,live ADP source refresh drift,draft-board,14798,Will McDonald IV,DE,percent_owned,5.38,5.35,DB snapshot is 2026-07-28T17:38:31.888534+00:00; published ESPN ownership data was fetched during this audit.
5,live ADP source refresh drift,draft-board,14814,Isaiah McDuffie,LB,adp,170.51,170.5,DB snapshot is 2026-07-28T17:38:31.888534+00:00; published ESPN ownership data was fetched during this audit.
5,live ADP source refresh drift,draft-board,14814,Isaiah McDuffie,LB,percent_owned,2.47,2.45,DB snapshot is 2026-07-28T17:38:31.888534+00:00; published ESPN ownership data was fetched during this audit.
5,live ADP source refresh drift,draft-board,14815,Trent McDuffie,CB,adp,153.46,152.71,DB snapshot is 2026-07-28T17:38:31.888534+00:00; published ESPN ownership data was fetched during this audit.
5,live ADP source refresh drift,draft-board,14815,Trent McDuffie,CB,percent_owned,51.69,51.76,DB snapshot is 2026-07-28T17:38:31.888534+00:00; published ESPN ownership data was fetched during this audit.
5,live ADP source refresh drift,draft-board,14834,Micah McFadden,LB,percent_owned,2.38,2.37,DB snapshot is 2026-07-28T17:38:31.888534+00:00; published ESPN ownership data was fetched during this audit.
5,live ADP source refresh drift,draft-board,14900,Seth McGowan,RB,adp,170.22,170.21,DB snapshot is 2026-07-28T17:38:31.888534+00:00; published ESPN ownership data was fetched during this audit.
5,live ADP source refresh drift,draft-board,14900,Seth McGowan,RB,percent_owned,0.6,0.59,DB snapshot is 2026-07-28T17:38:31.888534+00:00; published ESPN ownership data was fetched during this audit.
5,live ADP source refresh drift,draft-board,14925,Isaiah McGuire,DE,adp,170.71,170.69,DB snapshot is 2026-07-28T17:38:31.888534+00:00; published ESPN ownership data was fetched during this audit.
5,live ADP source refresh drift,draft-board,14925,Isaiah McGuire,DE,percent_owned,0.95,0.94,DB snapshot is 2026-07-28T17:38:31.888534+00:00; published ESPN ownership data was fetched during this audit.
5,live ADP source refresh drift,draft-board,15000,Xavier McKinney,S,adp,166.38,166.47,DB snapshot is 2026-07-28T17:38:31.888534+00:00; published ESPN ownership data was fetched during this audit.
5,live ADP source refresh drift,draft-board,15000,Xavier McKinney,S,percent_owned,41.97,41.92,DB snapshot is 2026-07-28T17:38:31.888534+00:00; published ESPN ownership data was fetched during this audit.
5,live ADP source refresh drift,draft-board,15008,Kool-Aid McKinstry,CB,adp,176.36,176.21,DB snapshot is 2026-07-28T17:38:31.888534+00:00; published ESPN ownership data was fetched during this audit.
5,live ADP source refresh drift,draft-board,15008,Kool-Aid McKinstry,CB,percent_owned,15.53,15.46,DB snapshot is 2026-07-28T17:38:31.888534+00:00; published ESPN ownership data was fetched during this audit.
5,live ADP source refresh drift,draft-board,15025,Chase McLaughlin,PK,adp,168.28,168.27,DB snapshot is 2026-07-28T17:38:31.888534+00:00; published ESPN ownership data was fetched during this audit.
5,live ADP source refresh drift,draft-board,15025,Chase McLaughlin,PK,percent_owned,18.87,18.85,DB snapshot is 2026-07-28T17:38:31.888534+00:00; published ESPN ownership data was fetched during this audit.
5,live ADP source refresh drift,draft-board,15026,Jaleel McLaughlin,RB,adp,169.98,169.97,DB snapshot is 2026-07-28T17:38:31.888534+00:00; published ESPN ownership data was fetched during this audit.
5,live ADP source refresh drift,draft-board,15032,Terry McLaurin,WR,adp,60.03,60.01,DB snapshot is 2026-07-28T17:38:31.888534+00:00; published ESPN ownership data was fetched during this audit.
5,live ADP source refresh drift,draft-board,15032,Terry McLaurin,WR,percent_owned,95.58,95.57,DB snapshot is 2026-07-28T17:38:31.888534+00:00; published ESPN ownership data was fetched during this audit.
5,live ADP source refresh drift,draft-board,15070,Jalen McMillan,WR,adp,166.91,166.93,DB snapshot is 2026-07-28T17:38:31.888534+00:00; published ESPN ownership data was fetched during this audit.
5,live ADP source refresh drift,draft-board,15070,Jalen McMillan,WR,percent_owned,21.79,21.73,DB snapshot is 2026-07-28T17:38:31.888534+00:00; published ESPN ownership data was fetched during this audit.
5,live ADP source refresh drift,draft-board,15074,Tetairoa McMillan,WR,adp,39.9,39.87,DB snapshot is 2026-07-28T17:38:31.888534+00:00; published ESPN ownership data was fetched during this audit.
5,live ADP source refresh drift,draft-board,15078,Ja'Quan McMillian,CB,adp,172.1,172.05,DB snapshot is 2026-07-28T17:38:31.888534+00:00; published ESPN ownership data was fetched during this audit.
5,live ADP source refresh drift,draft-board,15078,Ja'Quan McMillian,CB,percent_owned,2.51,2.5,DB snapshot is 2026-07-28T17:38:31.888534+00:00; published ESPN ownership data was fetched during this audit.
5,live ADP source refresh drift,draft-board,15110,Emmanuel McNeil-Warren,S,adp,172.14,172.09,DB snapshot is 2026-07-28T17:38:31.888534+00:00; published ESPN ownership data was fetched during this audit.
5,live ADP source refresh drift,draft-board,15110,Emmanuel McNeil-Warren,S,percent_owned,3.03,3.02,DB snapshot is 2026-07-28T17:38:31.888534+00:00; published ESPN ownership data was fetched during this audit.
5,live ADP source refresh drift,draft-board,15111,Alim McNeill,DT,adp,171.17,171.14,DB snapshot is 2026-07-28T17:38:31.888534+00:00; published ESPN ownership data was fetched during this audit.
5,live ADP source refresh drift,draft-board,15111,Alim McNeill,DT,percent_owned,2.57,2.56,DB snapshot is 2026-07-28T17:38:31.888534+00:00; published ESPN ownership data was fetched during this audit.
5,live ADP source refresh drift,draft-board,15206,Bo Melton,WR,adp,169.97,169.96,DB snapshot is 2026-07-28T17:38:31.888534+00:00; published ESPN ownership data was fetched during this audit.
5,live ADP source refresh drift,draft-board,15217,Fernando Mendoza,QB,adp,166.13,166.16,DB snapshot is 2026-07-28T17:38:31.888534+00:00; published ESPN ownership data was fetched during this audit.
5,live ADP source refresh drift,draft-board,15217,Fernando Mendoza,QB,percent_owned,14.65,14.63,DB snapshot is 2026-07-28T17:38:31.888534+00:00; published ESPN ownership data was fetched during this audit.
5,live ADP source refresh drift,draft-board,15255,Akheem Mesidor,LB,adp,171.01,170.99,DB snapshot is 2026-07-28T17:38:31.888534+00:00; published ESPN ownership data was fetched during this audit.
5,live ADP source refresh drift,draft-board,15255,Akheem Mesidor,LB,percent_owned,4.43,4.49,DB snapshot is 2026-07-28T17:38:31.888534+00:00; published ESPN ownership data was fetched during this audit.
5,live ADP source refresh drift,draft-board,15260,DK Metcalf,WR,adp,85.88,85.92,DB snapshot is 2026-07-28T17:38:31.888534+00:00; published ESPN ownership data was fetched during this audit.
5,live ADP source refresh drift,draft-board,15260,DK Metcalf,WR,percent_owned,91.55,91.54,DB snapshot is 2026-07-28T17:38:31.888534+00:00; published ESPN ownership data was fetched during this audit.
5,live ADP source refresh drift,draft-board,15266,Josh Metellus,S,adp,179.08,178.85,DB snapshot is 2026-07-28T17:38:31.888534+00:00; published ESPN ownership data was fetched during this audit.
5,live ADP source refresh drift,draft-board,15266,Josh Metellus,S,percent_owned,14.75,14.68,DB snapshot is 2026-07-28T17:38:31.888534+00:00; published ESPN ownership data was fetched during this audit.
5,live ADP source refresh drift,draft-board,15272,Harrison Mevis,PK,adp,135.88,135.86,DB snapshot is 2026-07-28T17:38:31.888534+00:00; published ESPN ownership data was fetched during this audit.
5,live ADP source refresh drift,draft-board,15272,Harrison Mevis,PK,percent_owned,91.29,91.3,DB snapshot is 2026-07-28T17:38:31.888534+00:00; published ESPN ownership data was fetched during this audit.
5,live ADP source refresh drift,draft-board,15278,Jakobi Meyers,WR,adp,108.96,108.98,DB snapshot is 2026-07-28T17:38:31.888534+00:00; published ESPN ownership data was fetched during this audit.
5,live ADP source refresh drift,draft-board,15278,Jakobi Meyers,WR,percent_owned,86.12,86.11,DB snapshot is 2026-07-28T17:38:31.888534+00:00; published ESPN ownership data was fetched during this audit.
5,live ADP source refresh drift,draft-board,15295,R.J. Mickens,S,adp,171.4,171.36,DB snapshot is 2026-07-28T17:38:31.888534+00:00; published ESPN ownership data was fetched during this audit.
5,live ADP source refresh drift,draft-board,15411,Kendre Miller,RB,adp,170.03,170.02,DB snapshot is 2026-07-28T17:38:31.888534+00:00; published ESPN ownership data was fetched during this audit.
5,live ADP source refresh drift,draft-board,15450,Ventrell Miller,LB,adp,174.29,174.18,DB snapshot is 2026-07-28T17:38:31.888534+00:00; published ESPN ownership data was fetched during this audit.
5,live ADP source refresh drift,draft-board,15450,Ventrell Miller,LB,percent_owned,4.85,4.82,DB snapshot is 2026-07-28T17:38:31.888534+00:00; published ESPN ownership data was fetched during this audit.
5,live ADP source refresh drift,draft-board,15539,Adonai Mitchell,WR,adp,169.86,169.85,DB snapshot is 2026-07-28T17:38:31.888534+00:00; published ESPN ownership data was fetched during this audit.
5,live ADP source refresh drift,draft-board,15539,Adonai Mitchell,WR,percent_owned,3.39,3.4,DB snapshot is 2026-07-28T17:38:31.888534+00:00; published ESPN ownership data was fetched during this audit.
5,live ADP source refresh drift,draft-board,15576,Keaton Mitchell,RB,adp,170.31,170.32,DB snapshot is 2026-07-28T17:38:31.888534+00:00; published ESPN ownership data was fetched during this audit.
5,live ADP source refresh drift,draft-board,15576,Keaton Mitchell,RB,percent_owned,3.72,3.73,DB snapshot is 2026-07-28T17:38:31.888534+00:00; published ESPN ownership data was fetched during this audit.
5,live ADP source refresh drift,draft-board,15600,Quinyon Mitchell,CB,adp,170.86,170.84,DB snapshot is 2026-07-28T17:38:31.888534+00:00; published ESPN ownership data was fetched during this audit.
5,live ADP source refresh drift,draft-board,15600,Quinyon Mitchell,CB,percent_owned,10.27,10.3,DB snapshot is 2026-07-28T17:38:31.888534+00:00; published ESPN ownership data was fetched during this audit.
5,live ADP source refresh drift,draft-board,15635,Tre'von Moehrig,S,adp,176.66,176.33,DB snapshot is 2026-07-28T17:38:31.888534+00:00; published ESPN ownership data was fetched during this audit.
5,live ADP source refresh drift,draft-board,15635,Tre'von Moehrig,S,percent_owned,31.39,31.32,DB snapshot is 2026-07-28T17:38:31.888534+00:00; published ESPN ownership data was fetched during this audit.
5,live ADP source refresh drift,draft-board,15652,Elijah Molden,CB,adp,170.81,170.79,DB snapshot is 2026-07-28T17:38:31.888534+00:00; published ESPN ownership data was fetched during this audit.
5,live ADP source refresh drift,draft-board,15652,Elijah Molden,CB,percent_owned,1.64,1.63,DB snapshot is 2026-07-28T17:38:31.888534+00:00; published ESPN ownership data was fetched during this audit.
5,live ADP source refresh drift,draft-board,15662,Kyle Monangai,RB,adp,122.68,122.7,DB snapshot is 2026-07-28T17:38:31.888534+00:00; published ESPN ownership data was fetched during this audit.
5,live ADP source refresh drift,draft-board,15662,Kyle Monangai,RB,percent_owned,84.91,84.89,DB snapshot is 2026-07-28T17:38:31.888534+00:00; published ESPN ownership data was fetched during this audit.
5,live ADP source refresh drift,draft-board,15696,David Montgomery,RB,adp,72.55,72.63,DB snapshot is 2026-07-28T17:38:31.888534+00:00; published ESPN ownership data was fetched during this audit.
5,live ADP source refresh drift,draft-board,15696,David Montgomery,RB,percent_owned,91.6,91.59,DB snapshot is 2026-07-28T17:38:31.888534+00:00; published ESPN ownership data was fetched during this audit.
5,live ADP source refresh drift,draft-board,15726,Darnell Mooney,WR,adp,170.1,170.08,DB snapshot is 2026-07-28T17:38:31.888534+00:00; published ESPN ownership data was fetched during this audit.
5,live ADP source refresh drift,draft-board,15726,Darnell Mooney,WR,percent_owned,6.57,6.59,DB snapshot is 2026-07-28T17:38:31.888534+00:00; published ESPN ownership data was fetched during this audit.
5,live ADP source refresh drift,draft-board,15759,DJ Moore,WR,adp,69.89,69.94,DB snapshot is 2026-07-28T17:38:31.888534+00:00; published ESPN ownership data was fetched during this audit.
5,live ADP source refresh drift,draft-board,15759,DJ Moore,WR,percent_owned,92.79,92.78,DB snapshot is 2026-07-28T17:38:31.888534+00:00; published ESPN ownership data was fetched during this audit.
5,live ADP source refresh drift,draft-board,15762,Derrick Moore,DE,percent_owned,2.06,2.05,DB snapshot is 2026-07-28T17:38:31.888534+00:00; published ESPN ownership data was fetched during this audit.
5,live ADP source refresh drift,draft-board,15813,Malachi Moore,S,adp,171.12,171.09,DB snapshot is 2026-07-28T17:38:31.888534+00:00; published ESPN ownership data was fetched during this audit.
5,live ADP source refresh drift,draft-board,15813,Malachi Moore,S,percent_owned,1.56,1.55,DB snapshot is 2026-07-28T17:38:31.888534+00:00; published ESPN ownership data was fetched during this audit.
5,live ADP source refresh drift,draft-board,15841,Skyy Moore,WR,adp,169.95,169.96,DB snapshot is 2026-07-28T17:38:31.888534+00:00; published ESPN ownership data was fetched during this audit.
5,live ADP source refresh drift,draft-board,15944,Mike Morris,DE,adp,170.95,170.92,DB snapshot is 2026-07-28T17:38:31.888534+00:00; published ESPN ownership data was fetched during this audit.
5,live ADP source refresh drift,draft-board,15963,Benjamin Morrison,CB,adp,174.64,174.53,DB snapshot is 2026-07-28T17:38:31.888534+00:00; published ESPN ownership data was fetched during this audit.
5,live ADP source refresh drift,draft-board,15963,Benjamin Morrison,CB,percent_owned,2.82,2.81,DB snapshot is 2026-07-28T17:38:31.888534+00:00; published ESPN ownership data was fetched during this audit.
5,live ADP source refresh drift,draft-board,16026,Riley Moss,CB,adp,172.76,172.69,DB snapshot is 2026-07-28T17:38:31.888534+00:00; published ESPN ownership data was fetched during this audit.
5,live ADP source refresh drift,draft-board,16026,Riley Moss,CB,percent_owned,4.47,4.45,DB snapshot is 2026-07-28T17:38:31.888534+00:00; published ESPN ownership data was fetched during this audit.
5,live ADP source refresh drift,draft-board,16085,Andrew Mukuba,S,percent_owned,4.51,4.49,DB snapshot is 2026-07-28T17:38:31.888534+00:00; published ESPN ownership data was fetched during this audit.
5,live ADP source refresh drift,draft-board,16098,Nick Mullens,QB,adp,170.04,170.03,DB snapshot is 2026-07-28T17:38:31.888534+00:00; published ESPN ownership data was fetched during this audit.
5,live ADP source refresh drift,draft-board,16106,Chad Muma,LB,adp,170.42,170.41,DB snapshot is 2026-07-28T17:38:31.888534+00:00; published ESPN ownership data was fetched during this audit.
5,live ADP source refresh drift,draft-board,16129,Byron Murphy,CB,adp,176.01,175.87,DB snapshot is 2026-07-28T17:38:31.888534+00:00; published ESPN ownership data was fetched during this audit.
5,live ADP source refresh drift,draft-board,16129,Byron Murphy,CB,percent_owned,5.33,5.31,DB snapshot is 2026-07-28T17:38:31.888534+00:00; published ESPN ownership data was fetched during this audit.
5,live ADP source refresh drift,draft-board,16130,Byron Murphy II,DT,adp,179.8,179.49,DB snapshot is 2026-07-28T17:38:31.888534+00:00; published ESPN ownership data was fetched during this audit.
5,live ADP source refresh drift,draft-board,16130,Byron Murphy II,DT,percent_owned,20.99,21.04,DB snapshot is 2026-07-28T17:38:31.888534+00:00; published ESPN ownership data was fetched during this audit.
5,live ADP source refresh drift,draft-board,16156,Myles Murphy,DE,adp,175.5,175.34,DB snapshot is 2026-07-28T17:38:31.888534+00:00; published ESPN ownership data was fetched during this audit.
5,live ADP source refresh drift,draft-board,16156,Myles Murphy,DE,percent_owned,4.51,4.49,DB snapshot is 2026-07-28T17:38:31.888534+00:00; published ESPN ownership data was fetched during this audit.
5,live ADP source refresh drift,draft-board,16167,Sean Murphy-Bunting,CB,percent_owned,1.1,1.09,DB snapshot is 2026-07-28T17:38:31.888534+00:00; published ESPN ownership data was fetched during this audit.
5,live ADP source refresh drift,draft-board,16174,Eric Murray,S,adp,185.38,184.99,DB snapshot is 2026-07-28T17:38:31.888534+00:00; published ESPN ownership data was fetched during this audit.
5,live ADP source refresh drift,draft-board,16174,Eric Murray,S,percent_owned,9.84,9.79,DB snapshot is 2026-07-28T17:38:31.888534+00:00; published ESPN ownership data was fetched during this audit.
5,live ADP source refresh drift,draft-board,16181,Kyler Murray,QB,adp,148.36,148.38,DB snapshot is 2026-07-28T17:38:31.888534+00:00; published ESPN ownership data was fetched during this audit.
5,live ADP source refresh drift,draft-board,16181,Kyler Murray,QB,percent_owned,52.73,52.74,DB snapshot is 2026-07-28T17:38:31.888534+00:00; published ESPN ownership data was fetched during this audit.
5,live ADP source refresh drift,draft-board,16199,Luke Musgrave,TE,adp,169.93,169.92,DB snapshot is 2026-07-28T17:38:31.888534+00:00; published ESPN ownership data was fetched during this audit.
5,live ADP source refresh drift,draft-board,16204,Malik Mustapha,S,adp,178.06,177.86,DB snapshot is 2026-07-28T17:38:31.888534+00:00; published ESPN ownership data was fetched during this audit.
5,live ADP source refresh drift,draft-board,16204,Malik Mustapha,S,percent_owned,22.05,21.86,DB snapshot is 2026-07-28T17:38:31.888534+00:00; published ESPN ownership data was fetched during this audit.
5,live ADP source refresh drift,draft-board,16220,Jason Myers,PK,percent_owned,97.35,97.36,DB snapshot is 2026-07-28T17:38:31.888534+00:00; published ESPN ownership data was fetched during this audit.
5,live ADP source refresh drift,draft-board,16245,Malik Nabers,WR,adp,46.11,46.12,DB snapshot is 2026-07-28T17:38:31.888534+00:00; published ESPN ownership data was fetched during this audit.
5,live ADP source refresh drift,draft-board,16245,Malik Nabers,WR,percent_owned,98.51,98.5,DB snapshot is 2026-07-28T17:38:31.888534+00:00; published ESPN ownership data was fetched during this audit.
5,live ADP source refresh drift,draft-board,16247,Puka Nacua,WR,adp,3.68,3.67,DB snapshot is 2026-07-28T17:38:31.888534+00:00; published ESPN ownership data was fetched during this audit.
5,live ADP source refresh drift,draft-board,16315,Siran Neal,CB,adp,173.53,173.45,DB snapshot is 2026-07-28T17:38:31.888534+00:00; published ESPN ownership data was fetched during this audit.
5,live ADP source refresh drift,draft-board,16431,Greg Newsome II,CB,percent_owned,1.18,1.17,DB snapshot is 2026-07-28T17:38:31.888534+00:00; published ESPN ownership data was fetched during this audit.
5,live ADP source refresh drift,draft-board,16453,Josh Newton,CB,adp,170.99,170.97,DB snapshot is 2026-07-28T17:38:31.888534+00:00; published ESPN ownership data was fetched during this audit.
5,live ADP source refresh drift,draft-board,16511,Bo Nix,QB,adp,97.65,97.6,DB snapshot is 2026-07-28T17:38:31.888534+00:00; published ESPN ownership data was fetched during this audit.
5,live ADP source refresh drift,draft-board,16511,Bo Nix,QB,percent_owned,86.46,86.47,DB snapshot is 2026-07-28T17:38:31.888534+00:00; published ESPN ownership data was fetched during this audit.
5,live ADP source refresh drift,draft-board,16523,Keisean Nixon,CB,adp,183.41,183.09,DB snapshot is 2026-07-28T17:38:31.888534+00:00; published ESPN ownership data was fetched during this audit.
5,live ADP source refresh drift,draft-board,16523,Keisean Nixon,CB,percent_owned,18.27,18.19,DB snapshot is 2026-07-28T17:38:31.888534+00:00; published ESPN ownership data was fetched during this audit.
5,live ADP source refresh drift,draft-board,16530,David Njoku,TE,adp,170.02,170.05,DB snapshot is 2026-07-28T17:38:31.888534+00:00; published ESPN ownership data was fetched during this audit.
5,live ADP source refresh drift,draft-board,16530,David Njoku,TE,percent_owned,4.04,4.03,DB snapshot is 2026-07-28T17:38:31.888534+00:00; published ESPN ownership data was fetched during this audit.
5,live ADP source refresh drift,draft-board,16547,Jaylin Noel,WR,adp,170.76,170.77,DB snapshot is 2026-07-28T17:38:31.888534+00:00; published ESPN ownership data was fetched during this audit.
5,live ADP source refresh drift,draft-board,16547,Jaylin Noel,WR,percent_owned,1.39,1.4,DB snapshot is 2026-07-28T17:38:31.888534+00:00; published ESPN ownership data was fetched during this audit.
5,live ADP source refresh drift,draft-board,16554,Walter Nolen,DT,adp,176.94,176.72,DB snapshot is 2026-07-28T17:38:31.888534+00:00; published ESPN ownership data was fetched during this audit.
5,live ADP source refresh drift,draft-board,16554,Walter Nolen,DT,percent_owned,5.31,5.37,DB snapshot is 2026-07-28T17:38:31.888534+00:00; published ESPN ownership data was fetched during this audit.
5,live ADP source refresh drift,draft-board,16573,Omarr Norman-Lott,DT,adp,171.69,171.63,DB snapshot is 2026-07-28T17:38:31.888534+00:00; published ESPN ownership data was fetched during this audit.
5,live ADP source refresh drift,draft-board,16623,Tyler Nubin,S,percent_owned,3.93,3.92,DB snapshot is 2026-07-28T17:38:31.888534+00:00; published ESPN ownership data was fetched during this audit.
5,live ADP source refresh drift,draft-board,16630,Rakeem Nunez-Roches,DT,adp,174.88,174.73,DB snapshot is 2026-07-28T17:38:31.888534+00:00; published ESPN ownership data was fetched during this audit.
5,live ADP source refresh drift,draft-board,16630,Rakeem Nunez-Roches,DT,percent_owned,1.46,1.45,DB snapshot is 2026-07-28T17:38:31.888534+00:00; published ESPN ownership data was fetched during this audit.
5,live ADP source refresh drift,draft-board,16651,Uchenna Nwosu,LB,adp,170.99,170.96,DB snapshot is 2026-07-28T17:38:31.888534+00:00; published ESPN ownership data was fetched during this audit.
5,live ADP source refresh drift,draft-board,16651,Uchenna Nwosu,LB,percent_owned,3.33,3.31,DB snapshot is 2026-07-28T17:38:31.888534+00:00; published ESPN ownership data was fetched during this audit.
5,live ADP source refresh drift,draft-board,16668,Patrick O'Connell,LB,percent_owned,0.58,0.57,DB snapshot is 2026-07-28T17:38:31.888534+00:00; published ESPN ownership data was fetched during this audit.
5,live ADP source refresh drift,draft-board,16734,Dayo Odeyingbo,DE,percent_owned,1.27,1.26,DB snapshot is 2026-07-28T17:38:31.888534+00:00; published ESPN ownership data was fetched during this audit.
5,live ADP source refresh drift,draft-board,16736,Osa Odighizuwa,DT,adp,170.8,170.77,DB snapshot is 2026-07-28T17:38:31.888534+00:00; published ESPN ownership data was fetched during this audit.
5,live ADP source refresh drift,draft-board,16736,Osa Odighizuwa,DT,percent_owned,3.86,3.83,DB snapshot is 2026-07-28T17:38:31.888534+00:00; published ESPN ownership data was fetched during this audit.
5,live ADP source refresh drift,draft-board,16752,Rome Odunze,WR,adp,70.86,70.89,DB snapshot is 2026-07-28T17:38:31.888534+00:00; published ESPN ownership data was fetched during this audit.
5,live ADP source refresh drift,draft-board,16752,Rome Odunze,WR,percent_owned,92.02,92.01,DB snapshot is 2026-07-28T17:38:31.888534+00:00; published ESPN ownership data was fetched during this audit.
5,live ADP source refresh drift,draft-board,16794,Moro Ojomo,DT,percent_owned,1.03,1.02,DB snapshot is 2026-07-28T17:38:31.888534+00:00; published ESPN ownership data was fetched during this audit.
5,live ADP source refresh drift,draft-board,16798,Ty Okada,S,adp,171.0,170.97,DB snapshot is 2026-07-28T17:38:31.888534+00:00; published ESPN ownership data was fetched during this audit.
5,live ADP source refresh drift,draft-board,16798,Ty Okada,S,percent_owned,3.93,3.92,DB snapshot is 2026-07-28T17:38:31.888534+00:00; published ESPN ownership data was fetched during this audit.
5,live ADP source refresh drift,draft-board,16809,Chig Okonkwo,TE,percent_owned,7.67,7.69,DB snapshot is 2026-07-28T17:38:31.888534+00:00; published ESPN ownership data was fetched during this audit.
5,live ADP source refresh drift,draft-board,16815,Basil Okoye,DT,adp,171.88,171.82,DB snapshot is 2026-07-28T17:38:31.888534+00:00; published ESPN ownership data was fetched during this audit.
5,live ADP source refresh drift,draft-board,16823,Julian Okwara,DE,adp,170.9,170.88,DB snapshot is 2026-07-28T17:38:31.888534+00:00; published ESPN ownership data was fetched during this audit.
5,live ADP source refresh drift,draft-board,16823,Julian Okwara,DE,percent_owned,0.32,0.31,DB snapshot is 2026-07-28T17:38:31.888534+00:00; published ESPN ownership data was fetched during this audit.
5,live ADP source refresh drift,draft-board,16828,Kitan Oladapo,S,adp,171.13,171.1,DB snapshot is 2026-07-28T17:38:31.888534+00:00; published ESPN ownership data was fetched during this audit.
5,live ADP source refresh drift,draft-board,16829,Oluwafemi Oladejo,DE,adp,171.09,171.06,DB snapshot is 2026-07-28T17:38:31.888534+00:00; published ESPN ownership data was fetched during this audit.
5,live ADP source refresh drift,draft-board,16829,Oluwafemi Oladejo,DE,percent_owned,0.48,0.47,DB snapshot is 2026-07-28T17:38:31.888534+00:00; published ESPN ownership data was fetched during this audit.
5,live ADP source refresh drift,draft-board,16838,Chris Olave,WR,adp,35.61,35.62,DB snapshot is 2026-07-28T17:38:31.888534+00:00; published ESPN ownership data was fetched during this audit.
5,live ADP source refresh drift,draft-board,16853,Ed Oliver,DT,adp,172.01,171.76,DB snapshot is 2026-07-28T17:38:31.888534+00:00; published ESPN ownership data was fetched during this audit.
5,live ADP source refresh drift,draft-board,16853,Ed Oliver,DT,percent_owned,34.62,34.67,DB snapshot is 2026-07-28T17:38:31.888534+00:00; published ESPN ownership data was fetched during this audit.
5,live ADP source refresh drift,draft-board,16861,Josh Oliver,TE,adp,169.96,169.95,DB snapshot is 2026-07-28T17:38:31.888534+00:00; published ESPN ownership data was fetched during this audit.
5,live ADP source refresh drift,draft-board,16889,Foye Oluokun,LB,adp,139.92,140.17,DB snapshot is 2026-07-28T17:38:31.888534+00:00; published ESPN ownership data was fetched during this audit.
5,live ADP source refresh drift,draft-board,16889,Foye Oluokun,LB,percent_owned,71.9,71.87,DB snapshot is 2026-07-28T17:38:31.888534+00:00; published ESPN ownership data was fetched during this audit.
5,live ADP source refresh drift,draft-board,16892,Charles Omenihu,DE,percent_owned,1.03,1.02,DB snapshot is 2026-07-28T17:38:31.888534+00:00; published ESPN ownership data was fetched during this audit.
5,live ADP source refresh drift,draft-board,16905,Levi Onwuzurike,DE,adp,170.89,170.86,DB snapshot is 2026-07-28T17:38:31.888534+00:00; published ESPN ownership data was fetched during this audit.
5,live ADP source refresh drift,draft-board,16906,Tyler Onyedim,DT,adp,171.85,171.8,DB snapshot is 2026-07-28T17:38:31.888534+00:00; published ESPN ownership data was fetched during this audit.
5,live ADP source refresh drift,draft-board,16907,David Onyemata,DT,adp,171.33,171.29,DB snapshot is 2026-07-28T17:38:31.888534+00:00; published ESPN ownership data was fetched during this audit.
5,live ADP source refresh drift,draft-board,16907,David Onyemata,DT,percent_owned,2.4,2.39,DB snapshot is 2026-07-28T17:38:31.888534+00:00; published ESPN ownership data was fetched during this audit.
5,live ADP source refresh drift,draft-board,16917,Ruke Orhorhoro,DT,adp,171.19,171.16,DB snapshot is 2026-07-28T17:38:31.888534+00:00; published ESPN ownership data was fetched during this audit.
5,live ADP source refresh drift,draft-board,16966,Joseph Ossai,DE,adp,170.56,170.55,DB snapshot is 2026-07-28T17:38:31.888534+00:00; published ESPN ownership data was fetched during this audit.
5,live ADP source refresh drift,draft-board,16966,Joseph Ossai,DE,percent_owned,2.06,2.05,DB snapshot is 2026-07-28T17:38:31.888534+00:00; published ESPN ownership data was fetched during this audit.
5,live ADP source refresh drift,draft-board,16986,Cade Otton,TE,adp,170.34,170.32,DB snapshot is 2026-07-28T17:38:31.888534+00:00; published ESPN ownership data was fetched during this audit.
5,live ADP source refresh drift,draft-board,16986,Cade Otton,TE,percent_owned,2.11,2.12,DB snapshot is 2026-07-28T17:38:31.888534+00:00; published ESPN ownership data was fetched during this audit.
5,live ADP source refresh drift,draft-board,16995,DeMarvion Overshown,LB,adp,174.08,173.98,DB snapshot is 2026-07-28T17:38:31.888534+00:00; published ESPN ownership data was fetched during this audit.
5,live ADP source refresh drift,draft-board,16995,DeMarvion Overshown,LB,percent_owned,25.55,25.43,DB snapshot is 2026-07-28T17:38:31.888534+00:00; published ESPN ownership data was fetched during this audit.
5,live ADP source refresh drift,draft-board,16999,LT Overton,DT,percent_owned,0.4,0.39,DB snapshot is 2026-07-28T17:38:31.888534+00:00; published ESPN ownership data was fetched during this audit.
5,live ADP source refresh drift,draft-board,17001,Odafe Oweh,LB,adp,175.21,175.07,DB snapshot is 2026-07-28T17:38:31.888534+00:00; published ESPN ownership data was fetched during this audit.
5,live ADP source refresh drift,draft-board,17001,Odafe Oweh,LB,percent_owned,13.54,13.46,DB snapshot is 2026-07-28T17:38:31.888534+00:00; published ESPN ownership data was fetched during this audit.
5,live ADP source refresh drift,draft-board,17019,Jonathan Owens,S,adp,171.81,171.76,DB snapshot is 2026-07-28T17:38:31.888534+00:00; published ESPN ownership data was fetched during this audit.
5,live ADP source refresh drift,draft-board,17038,Jeremiah Owusu-Koramoah,LB,percent_owned,1.48,1.47,DB snapshot is 2026-07-28T17:38:31.888534+00:00; published ESPN ownership data was fetched during this audit.
5,live ADP source refresh drift,draft-board,17046,Ivan Pace Jr.,LB,percent_owned,1.73,1.72,DB snapshot is 2026-07-28T17:38:31.888534+00:00; published ESPN ownership data was fetched during this audit.
5,live ADP source refresh drift,draft-board,17050,Isiah Pacheco,RB,adp,157.83,157.84,DB snapshot is 2026-07-28T17:38:31.888534+00:00; published ESPN ownership data was fetched during this audit.
5,live ADP source refresh drift,draft-board,17050,Isiah Pacheco,RB,percent_owned,60.06,59.93,DB snapshot is 2026-07-28T17:38:31.888534+00:00; published ESPN ownership data was fetched during this audit.
5,live ADP source refresh drift,draft-board,17062,Payton Page,DT,adp,169.84,169.85,DB snapshot is 2026-07-28T17:38:31.888534+00:00; published ESPN ownership data was fetched during this audit.
5,live ADP source refresh drift,draft-board,17178,TJ Parker,LB,adp,171.59,171.55,DB snapshot is 2026-07-28T17:38:31.888534+00:00; published ESPN ownership data was fetched during this audit.
5,live ADP source refresh drift,draft-board,17178,TJ Parker,LB,percent_owned,1.58,1.57,DB snapshot is 2026-07-28T17:38:31.888534+00:00; published ESPN ownership data was fetched during this audit.
5,live ADP source refresh drift,draft-board,17186,Colby Parkinson,TE,percent_owned,1.41,1.42,DB snapshot is 2026-07-28T17:38:31.888534+00:00; published ESPN ownership data was fetched during this audit.
5,live ADP source refresh drift,draft-board,17207,Jacob Parrish,CB,adp,172.23,172.17,DB snapshot is 2026-07-28T17:38:31.888534+00:00; published ESPN ownership data was fetched during this audit.
5,live ADP source refresh drift,draft-board,17207,Jacob Parrish,CB,percent_owned,2.98,2.97,DB snapshot is 2026-07-28T17:38:31.888534+00:00; published ESPN ownership data was fetched during this audit.
5,live ADP source refresh drift,draft-board,17219,Micah Parsons,DE,adp,152.38,151.94,DB snapshot is 2026-07-28T17:38:31.888534+00:00; published ESPN ownership data was fetched during this audit.
5,live ADP source refresh drift,draft-board,17219,Micah Parsons,DE,percent_owned,52.73,52.68,DB snapshot is 2026-07-28T17:38:31.888534+00:00; published ESPN ownership data was fetched during this audit.
5,live ADP source refresh drift,draft-board,17257,Tim Patrick,WR,adp,169.96,169.97,DB snapshot is 2026-07-28T17:38:31.888534+00:00; published ESPN ownership data was fetched during this audit.
5,live ADP source refresh drift,draft-board,17281,Riley Patterson,PK,adp,169.95,169.94,DB snapshot is 2026-07-28T17:38:31.888534+00:00; published ESPN ownership data was fetched during this audit.
5,live ADP source refresh drift,draft-board,17316,Kwity Paye,DE,adp,170.67,170.66,DB snapshot is 2026-07-28T17:38:31.888534+00:00; published ESPN ownership data was fetched during this audit.
5,live ADP source refresh drift,draft-board,17316,Kwity Paye,DE,percent_owned,1.98,1.97,DB snapshot is 2026-07-28T17:38:31.888534+00:00; published ESPN ownership data was fetched during this audit.
5,live ADP source refresh drift,draft-board,17319,Daron Payne,DT,adp,177.09,176.87,DB snapshot is 2026-07-28T17:38:31.888534+00:00; published ESPN ownership data was fetched during this audit.
5,live ADP source refresh drift,draft-board,17319,Daron Payne,DT,percent_owned,6.34,6.3,DB snapshot is 2026-07-28T17:38:31.888534+00:00; published ESPN ownership data was fetched during this audit.
5,live ADP source refresh drift,draft-board,17327,VJ Payne,S,percent_owned,0.25,0.24,DB snapshot is 2026-07-28T17:38:31.888534+00:00; published ESPN ownership data was fetched during this audit.
5,live ADP source refresh drift,draft-board,17343,James Pearce Jr.,LB,adp,176.53,176.34,DB snapshot is 2026-07-28T17:38:31.888534+00:00; published ESPN ownership data was fetched during this audit.
5,live ADP source refresh drift,draft-board,17343,James Pearce Jr.,LB,percent_owned,10.13,10.08,DB snapshot is 2026-07-28T17:38:31.888534+00:00; published ESPN ownership data was fetched during this audit.
5,live ADP source refresh drift,draft-board,17348,Ricky Pearsall,WR,adp,119.21,119.2,DB snapshot is 2026-07-28T17:38:31.888534+00:00; published ESPN ownership data was fetched during this audit.
5,live ADP source refresh drift,draft-board,17437,Samaje Perine,RB,percent_owned,1.87,1.86,DB snapshot is 2026-07-28T17:38:31.888534+00:00; published ESPN ownership data was fetched during this audit.
5,live ADP source refresh drift,draft-board,17442,Harold Perkins Jr.,LB,percent_owned,0.99,0.98,DB snapshot is 2026-07-28T17:38:31.888534+00:00; published ESPN ownership data was fetched during this audit.
5,live ADP source refresh drift,draft-board,17495,Denzel Perryman,LB,adp,178.94,178.72,DB snapshot is 2026-07-28T17:38:31.888534+00:00; published ESPN ownership data was fetched during this audit.
5,live ADP source refresh drift,draft-board,17495,Denzel Perryman,LB,percent_owned,6.41,6.38,DB snapshot is 2026-07-28T17:38:31.888534+00:00; published ESPN ownership data was fetched during this audit.
5,live ADP source refresh drift,draft-board,17560,Dell Pettus,S,adp,171.15,171.13,DB snapshot is 2026-07-28T17:38:31.888534+00:00; published ESPN ownership data was fetched during this audit.
5,live ADP source refresh drift,draft-board,17576,Andru Phillips,CB,adp,177.6,177.42,DB snapshot is 2026-07-28T17:38:31.888534+00:00; published ESPN ownership data was fetched during this audit.
5,live ADP source refresh drift,draft-board,17576,Andru Phillips,CB,percent_owned,6.35,6.32,DB snapshot is 2026-07-28T17:38:31.888534+00:00; published ESPN ownership data was fetched during this audit.
5,live ADP source refresh drift,draft-board,17589,Harrison Phillips,DT,adp,171.21,171.17,DB snapshot is 2026-07-28T17:38:31.888534+00:00; published ESPN ownership data was fetched during this audit.
5,live ADP source refresh drift,draft-board,17589,Harrison Phillips,DT,percent_owned,1.71,1.7,DB snapshot is 2026-07-28T17:38:31.888534+00:00; published ESPN ownership data was fetched during this audit.
5,live ADP source refresh drift,draft-board,17592,Jaelan Phillips,LB,adp,175.92,175.75,DB snapshot is 2026-07-28T17:38:31.888534+00:00; published ESPN ownership data was fetched during this audit.
5,live ADP source refresh drift,draft-board,17592,Jaelan Phillips,LB,percent_owned,7.84,7.8,DB snapshot is 2026-07-28T17:38:31.888534+00:00; published ESPN ownership data was fetched during this audit.
5,live ADP source refresh drift,draft-board,17599,Jordan Phillips,DT,adp,171.75,171.7,DB snapshot is 2026-07-28T17:38:31.888534+00:00; published ESPN ownership data was fetched during this audit.
5,live ADP source refresh drift,draft-board,17647,Alec Pierce,WR,adp,93.0,93.1,DB snapshot is 2026-07-28T17:38:31.888534+00:00; published ESPN ownership data was fetched during this audit.
5,live ADP source refresh drift,draft-board,17647,Alec Pierce,WR,percent_owned,88.62,88.6,DB snapshot is 2026-07-28T17:38:31.888534+00:00; published ESPN ownership data was fetched during this audit.
5,live ADP source refresh drift,draft-board,17662,James Pierre,CB,adp,170.4,170.39,DB snapshot is 2026-07-28T17:38:31.888534+00:00; published ESPN ownership data was fetched during this audit.
5,live ADP source refresh drift,draft-board,17662,James Pierre,CB,percent_owned,1.57,1.56,DB snapshot is 2026-07-28T17:38:31.888534+00:00; published ESPN ownership data was fetched during this audit.
5,live ADP source refresh drift,draft-board,17689,Eddy Pineiro,PK,adp,150.37,150.39,DB snapshot is 2026-07-28T17:38:31.888534+00:00; published ESPN ownership data was fetched during this audit.
5,live ADP source refresh drift,draft-board,17689,Eddy Pineiro,PK,percent_owned,83.32,83.3,DB snapshot is 2026-07-28T17:38:31.888534+00:00; published ESPN ownership data was fetched during this audit.
5,live ADP source refresh drift,draft-board,17720,Jalen Pitre,S,adp,162.62,162.16,DB snapshot is 2026-07-28T17:38:31.888534+00:00; published ESPN ownership data was fetched during this audit.
5,live ADP source refresh drift,draft-board,17720,Jalen Pitre,S,percent_owned,48.63,48.56,DB snapshot is 2026-07-28T17:38:31.888534+00:00; published ESPN ownership data was fetched during this audit.
5,live ADP source refresh drift,draft-board,17733,Michael Pittman,WR,adp,89.64,89.7,DB snapshot is 2026-07-28T17:38:31.888534+00:00; published ESPN ownership data was fetched during this audit.
5,live ADP source refresh drift,draft-board,17733,Michael Pittman,WR,percent_owned,90.41,90.39,DB snapshot is 2026-07-28T17:38:31.888534+00:00; published ESPN ownership data was fetched during this audit.
5,live ADP source refresh drift,draft-board,17740,Kyle Pitts,TE,adp,65.56,65.5,DB snapshot is 2026-07-28T17:38:31.888534+00:00; published ESPN ownership data was fetched during this audit.
5,live ADP source refresh drift,draft-board,17740,Kyle Pitts,TE,percent_owned,95.0,95.01,DB snapshot is 2026-07-28T17:38:31.888534+00:00; published ESPN ownership data was fetched during this audit.
5,live ADP source refresh drift,draft-board,17792,Isaiah Pola-Mao,S,adp,171.16,171.14,DB snapshot is 2026-07-28T17:38:31.888534+00:00; published ESPN ownership data was fetched during this audit.
5,live ADP source refresh drift,draft-board,17792,Isaiah Pola-Mao,S,percent_owned,3.28,3.34,DB snapshot is 2026-07-28T17:38:31.888534+00:00; published ESPN ownership data was fetched during this audit.
5,live ADP source refresh drift,draft-board,17817,Tony Pollard,RB,adp,86.33,86.38,DB snapshot is 2026-07-28T17:38:31.888534+00:00; published ESPN ownership data was fetched during this audit.
5,live ADP source refresh drift,draft-board,17817,Tony Pollard,RB,percent_owned,88.65,88.63,DB snapshot is 2026-07-28T17:38:31.888534+00:00; published ESPN ownership data was fetched during this audit.
5,live ADP source refresh drift,draft-board,17827,Elijah Ponder,LB,adp,170.78,170.75,DB snapshot is 2026-07-28T17:38:31.888534+00:00; published ESPN ownership data was fetched during this audit.
5,live ADP source refresh drift,draft-board,17827,Elijah Ponder,LB,percent_owned,1.03,1.02,DB snapshot is 2026-07-28T17:38:31.888534+00:00; published ESPN ownership data was fetched during this audit.
5,live ADP source refresh drift,draft-board,17830,D'Angelo Ponds,CB,adp,170.73,170.71,DB snapshot is 2026-07-28T17:38:31.888534+00:00; published ESPN ownership data was fetched during this audit.
5,live ADP source refresh drift,draft-board,17830,D'Angelo Ponds,CB,percent_owned,1.73,1.72,DB snapshot is 2026-07-28T17:38:31.888534+00:00; published ESPN ownership data was fetched during this audit.
5,live ADP source refresh drift,draft-board,17864,Darien Porter,CB,adp,170.84,170.82,DB snapshot is 2026-07-28T17:38:31.888534+00:00; published ESPN ownership data was fetched during this audit.
5,live ADP source refresh drift,draft-board,17864,Darien Porter,CB,percent_owned,1.1,1.09,DB snapshot is 2026-07-28T17:38:31.888534+00:00; published ESPN ownership data was fetched during this audit.
5,live ADP source refresh drift,draft-board,17871,Joey Porter Jr.,CB,adp,172.04,172.0,DB snapshot is 2026-07-28T17:38:31.888534+00:00; published ESPN ownership data was fetched during this audit.
5,live ADP source refresh drift,draft-board,17871,Joey Porter Jr.,CB,percent_owned,8.39,8.27,DB snapshot is 2026-07-28T17:38:31.888534+00:00; published ESPN ownership data was fetched during this audit.
5,live ADP source refresh drift,draft-board,17969,Adam Prentice,FB,adp,170.17,170.16,DB snapshot is 2026-07-28T17:38:31.888534+00:00; published ESPN ownership data was fetched during this audit.
5,live ADP source refresh drift,draft-board,17972,Dak Prescott,QB,adp,90.88,90.96,DB snapshot is 2026-07-28T17:38:31.888534+00:00; published ESPN ownership data was fetched during this audit.
5,live ADP source refresh drift,draft-board,17972,Dak Prescott,QB,percent_owned,90.06,90.05,DB snapshot is 2026-07-28T17:38:31.888534+00:00; published ESPN ownership data was fetched during this audit.
5,live ADP source refresh drift,draft-board,18003,Jadarian Price,RB,adp,74.45,74.51,DB snapshot is 2026-07-28T17:38:31.888534+00:00; published ESPN ownership data was fetched during this audit.
5,live ADP source refresh drift,draft-board,18003,Jadarian Price,RB,percent_owned,91.14,91.12,DB snapshot is 2026-07-28T17:38:31.888534+00:00; published ESPN ownership data was fetched during this audit.
5,live ADP source refresh drift,draft-board,18115,Brock Purdy,QB,adp,101.6,101.59,DB snapshot is 2026-07-28T17:38:31.888534+00:00; published ESPN ownership data was fetched during this audit.
5,live ADP source refresh drift,draft-board,18115,Brock Purdy,QB,percent_owned,88.89,88.87,DB snapshot is 2026-07-28T17:38:31.888534+00:00; published ESPN ownership data was fetched during this audit.
5,live ADP source refresh drift,draft-board,18144,Patrick Queen,LB,adp,177.68,177.49,DB snapshot is 2026-07-28T17:38:31.888534+00:00; published ESPN ownership data was fetched during this audit.
5,live ADP source refresh drift,draft-board,18144,Patrick Queen,LB,percent_owned,20.46,20.36,DB snapshot is 2026-07-28T17:38:31.888534+00:00; published ESPN ownership data was fetched during this audit.
5,live ADP source refresh drift,draft-board,18237,Jalen Ramsey,CB,adp,181.51,181.24,DB snapshot is 2026-07-28T17:38:31.888534+00:00; published ESPN ownership data was fetched during this audit.
5,live ADP source refresh drift,draft-board,18237,Jalen Ramsey,CB,percent_owned,17.63,17.55,DB snapshot is 2026-07-28T17:38:31.888534+00:00; published ESPN ownership data was fetched during this audit.
5,live ADP source refresh drift,draft-board,18239,Kamari Ramsey,S,adp,170.78,170.76,DB snapshot is 2026-07-28T17:38:31.888534+00:00; published ESPN ownership data was fetched during this audit.
5,live ADP source refresh drift,draft-board,18239,Kamari Ramsey,S,percent_owned,0.74,0.73,DB snapshot is 2026-07-28T17:38:31.888534+00:00; published ESPN ownership data was fetched during this audit.
5,live ADP source refresh drift,draft-board,18273,Sheldon Rankins,DT,adp,176.05,175.86,DB snapshot is 2026-07-28T17:38:31.888534+00:00; published ESPN ownership data was fetched during this audit.
5,live ADP source refresh drift,draft-board,18273,Sheldon Rankins,DT,percent_owned,1.71,1.7,DB snapshot is 2026-07-28T17:38:31.888534+00:00; published ESPN ownership data was fetched during this audit.
5,live ADP source refresh drift,draft-board,18274,Caleb Ransaw,S,adp,171.27,171.24,DB snapshot is 2026-07-28T17:38:31.888534+00:00; published ESPN ownership data was fetched during this audit.
5,live ADP source refresh drift,draft-board,18279,Lathan Ransom,S,adp,169.27,169.29,DB snapshot is 2026-07-28T17:38:31.888534+00:00; published ESPN ownership data was fetched during this audit.
5,live ADP source refresh drift,draft-board,18281,Eli Raridon,TE,adp,169.92,169.91,DB snapshot is 2026-07-28T17:38:31.888534+00:00; published ESPN ownership data was fetched during this audit.
5,live ADP source refresh drift,draft-board,18339,Kalif Raymond,WR,adp,169.95,169.94,DB snapshot is 2026-07-28T17:38:31.888534+00:00; published ESPN ownership data was fetched during this audit.
5,live ADP source refresh drift,draft-board,18348,DJ Reader,DT,adp,173.9,173.78,DB snapshot is 2026-07-28T17:38:31.888534+00:00; published ESPN ownership data was fetched during this audit.
5,live ADP source refresh drift,draft-board,18348,DJ Reader,DT,percent_owned,0.86,0.85,DB snapshot is 2026-07-28T17:38:31.888534+00:00; published ESPN ownership data was fetched during this audit.
5,live ADP source refresh drift,draft-board,18358,Jeremy Reaves,S,percent_owned,0.74,0.73,DB snapshot is 2026-07-28T17:38:31.888534+00:00; published ESPN ownership data was fetched during this audit.
5,live ADP source refresh drift,draft-board,18388,Jalen Redmond,DT,adp,169.84,169.41,DB snapshot is 2026-07-28T17:38:31.888534+00:00; published ESPN ownership data was fetched during this audit.
5,live ADP source refresh drift,draft-board,18388,Jalen Redmond,DT,percent_owned,36.08,36.12,DB snapshot is 2026-07-28T17:38:31.888534+00:00; published ESPN ownership data was fetched during this audit.
5,live ADP source refresh drift,draft-board,18412,D.J. Reed,CB,adp,182.92,182.61,DB snapshot is 2026-07-28T17:38:31.888534+00:00; published ESPN ownership data was fetched during this audit.
5,live ADP source refresh drift,draft-board,18412,D.J. Reed,CB,percent_owned,14.59,14.52,DB snapshot is 2026-07-28T17:38:31.888534+00:00; published ESPN ownership data was fetched during this audit.
5,live ADP source refresh drift,draft-board,18423,Jarran Reed,DT,adp,170.33,170.32,DB snapshot is 2026-07-28T17:38:31.888534+00:00; published ESPN ownership data was fetched during this audit.
5,live ADP source refresh drift,draft-board,18423,Jarran Reed,DT,percent_owned,1.2,1.19,DB snapshot is 2026-07-28T17:38:31.888534+00:00; published ESPN ownership data was fetched during this audit.
5,live ADP source refresh drift,draft-board,18424,Jayden Reed,WR,adp,136.89,136.87,DB snapshot is 2026-07-28T17:38:31.888534+00:00; published ESPN ownership data was fetched during this audit.
5,live ADP source refresh drift,draft-board,18424,Jayden Reed,WR,percent_owned,73.26,73.29,DB snapshot is 2026-07-28T17:38:31.888534+00:00; published ESPN ownership data was fetched during this audit.
5,live ADP source refresh drift,draft-board,18425,Jaylen Reed,S,adp,170.81,170.79,DB snapshot is 2026-07-28T17:38:31.888534+00:00; published ESPN ownership data was fetched during this audit.
5,live ADP source refresh drift,draft-board,18456,Arvell Reese,LB,adp,175.2,175.07,DB snapshot is 2026-07-28T17:38:31.888534+00:00; published ESPN ownership data was fetched during this audit.
5,live ADP source refresh drift,draft-board,18456,Arvell Reese,LB,percent_owned,29.58,29.44,DB snapshot is 2026-07-28T17:38:31.888534+00:00; published ESPN ownership data was fetched during this audit.
5,live ADP source refresh drift,draft-board,18489,Will Reichard,PK,adp,165.12,165.11,DB snapshot is 2026-07-28T17:38:31.888534+00:00; published ESPN ownership data was fetched during this audit.
5,live ADP source refresh drift,draft-board,18489,Will Reichard,PK,percent_owned,30.37,30.39,DB snapshot is 2026-07-28T17:38:31.888534+00:00; published ESPN ownership data was fetched during this audit.
5,live ADP source refresh drift,draft-board,18503,Justin Reid,S,adp,176.39,176.23,DB snapshot is 2026-07-28T17:38:31.888534+00:00; published ESPN ownership data was fetched during this audit.
5,live ADP source refresh drift,draft-board,18503,Justin Reid,S,percent_owned,7.3,7.26,DB snapshot is 2026-07-28T17:38:31.888534+00:00; published ESPN ownership data was fetched during this audit.
5,live ADP source refresh drift,draft-board,18513,Winston Reid,LB,adp,170.12,170.11,DB snapshot is 2026-07-28T17:38:31.888534+00:00; published ESPN ownership data was fetched during this audit.
5,live ADP source refresh drift,draft-board,18565,Shavon Revel Jr.,CB,adp,171.31,171.28,DB snapshot is 2026-07-28T17:38:31.888534+00:00; published ESPN ownership data was fetched during this audit.
5,live ADP source refresh drift,draft-board,18618,Brenden Rice,WR,adp,169.98,169.99,DB snapshot is 2026-07-28T17:38:31.888534+00:00; published ESPN ownership data was fetched during this audit.
5,live ADP source refresh drift,draft-board,18627,Rashee Rice,WR,adp,22.17,22.14,DB snapshot is 2026-07-28T17:38:31.888534+00:00; published ESPN ownership data was fetched during this audit.
5,live ADP source refresh drift,draft-board,18627,Rashee Rice,WR,percent_owned,98.88,98.89,DB snapshot is 2026-07-28T17:38:31.888534+00:00; published ESPN ownership data was fetched during this audit.
5,live ADP source refresh drift,draft-board,18722,Calvin Ridley,WR,adp,167.57,167.55,DB snapshot is 2026-07-28T17:38:31.888534+00:00; published ESPN ownership data was fetched during this audit.
5,live ADP source refresh drift,draft-board,18722,Calvin Ridley,WR,percent_owned,26.51,26.44,DB snapshot is 2026-07-28T17:38:31.888534+00:00; published ESPN ownership data was fetched during this audit.
5,live ADP source refresh drift,draft-board,18757,Quincy Riley,CB,percent_owned,0.71,0.7,DB snapshot is 2026-07-28T17:38:31.888534+00:00; published ESPN ownership data was fetched during this audit.
5,live ADP source refresh drift,draft-board,18810,Malcolm Roach,DT,adp,178.71,178.05,DB snapshot is 2026-07-28T17:38:31.888534+00:00; published ESPN ownership data was fetched during this audit.
5,live ADP source refresh drift,draft-board,18810,Malcolm Roach,DT,percent_owned,7.63,7.67,DB snapshot is 2026-07-28T17:38:31.888534+00:00; published ESPN ownership data was fetched during this audit.
5,live ADP source refresh drift,draft-board,18864,Amik Robertson,CB,percent_owned,1.1,1.09,DB snapshot is 2026-07-28T17:38:31.888534+00:00; published ESPN ownership data was fetched during this audit.
5,live ADP source refresh drift,draft-board,18881,Roy Robertson-Harris,DT,adp,174.75,174.6,DB snapshot is 2026-07-28T17:38:31.888534+00:00; published ESPN ownership data was fetched during this audit.
5,live ADP source refresh drift,draft-board,18881,Roy Robertson-Harris,DT,percent_owned,1.46,1.45,DB snapshot is 2026-07-28T17:38:31.888534+00:00; published ESPN ownership data was fetched during this audit.
5,live ADP source refresh drift,draft-board,18884,A'Shawn Robinson,DT,adp,174.33,174.19,DB snapshot is 2026-07-28T17:38:31.888534+00:00; published ESPN ownership data was fetched during this audit.
5,live ADP source refresh drift,draft-board,18884,A'Shawn Robinson,DT,percent_owned,6.6,6.56,DB snapshot is 2026-07-28T17:38:31.888534+00:00; published ESPN ownership data was fetched during this audit.
5,live ADP source refresh drift,draft-board,18895,Brian Robinson,RB,adp,169.02,169.03,DB snapshot is 2026-07-28T17:38:31.888534+00:00; published ESPN ownership data was fetched during this audit.
5,live ADP source refresh drift,draft-board,18895,Brian Robinson,RB,percent_owned,10.32,10.3,DB snapshot is 2026-07-28T17:38:31.888534+00:00; published ESPN ownership data was fetched during this audit.
5,live ADP source refresh drift,draft-board,18907,Chop Robinson,LB,adp,176.42,176.24,DB snapshot is 2026-07-28T17:38:31.888534+00:00; published ESPN ownership data was fetched during this audit.
5,live ADP source refresh drift,draft-board,18907,Chop Robinson,LB,percent_owned,7.52,7.48,DB snapshot is 2026-07-28T17:38:31.888534+00:00; published ESPN ownership data was fetched during this audit.
5,live ADP source refresh drift,draft-board,18910,Dominique Robinson,DE,adp,170.81,170.78,DB snapshot is 2026-07-28T17:38:31.888534+00:00; published ESPN ownership data was fetched during this audit.
5,live ADP source refresh drift,draft-board,18971,Micah Robinson,CB,adp,171.78,171.74,DB snapshot is 2026-07-28T17:38:31.888534+00:00; published ESPN ownership data was fetched during this audit.
5,live ADP source refresh drift,draft-board,18988,Tavius Robinson,LB,adp,171.06,171.03,DB snapshot is 2026-07-28T17:38:31.888534+00:00; published ESPN ownership data was fetched during this audit.
5,live ADP source refresh drift,draft-board,18988,Tavius Robinson,LB,percent_owned,1.03,1.02,DB snapshot is 2026-07-28T17:38:31.888534+00:00; published ESPN ownership data was fetched during this audit.
5,live ADP source refresh drift,draft-board,18993,Ty Robinson,DT,adp,171.42,171.38,DB snapshot is 2026-07-28T17:38:31.888534+00:00; published ESPN ownership data was fetched during this audit.
5,live ADP source refresh drift,draft-board,18996,Wan'Dale Robinson,WR,adp,112.38,112.34,DB snapshot is 2026-07-28T17:38:31.888534+00:00; published ESPN ownership data was fetched during this audit.
5,live ADP source refresh drift,draft-board,19023,Aaron Rodgers,QB,adp,169.46,169.47,DB snapshot is 2026-07-28T17:38:31.888534+00:00; published ESPN ownership data was fetched during this audit.
5,live ADP source refresh drift,draft-board,19023,Aaron Rodgers,QB,percent_owned,3.7,3.69,DB snapshot is 2026-07-28T17:38:31.888534+00:00; published ESPN ownership data was fetched during this audit.
5,live ADP source refresh drift,draft-board,19028,Isaiah Rodgers,CB,percent_owned,3.14,3.12,DB snapshot is 2026-07-28T17:38:31.888534+00:00; published ESPN ownership data was fetched during this audit.
5,live ADP source refresh drift,draft-board,19042,Chris Rodriguez Jr.,RB,adp,168.7,168.72,DB snapshot is 2026-07-28T17:38:31.888534+00:00; published ESPN ownership data was fetched during this audit.
5,live ADP source refresh drift,draft-board,19042,Chris Rodriguez Jr.,RB,percent_owned,20.81,20.74,DB snapshot is 2026-07-28T17:38:31.888534+00:00; published ESPN ownership data was fetched during this audit.
5,live ADP source refresh drift,draft-board,19044,Jacob Rodriguez,LB,adp,169.9,169.91,DB snapshot is 2026-07-28T17:38:31.888534+00:00; published ESPN ownership data was fetched during this audit.
5,live ADP source refresh drift,draft-board,19044,Jacob Rodriguez,LB,percent_owned,10.35,10.22,DB snapshot is 2026-07-28T17:38:31.888534+00:00; published ESPN ownership data was fetched during this audit.
5,live ADP source refresh drift,draft-board,19045,Levi Drake Rodriguez,DT,percent_owned,1.2,1.19,DB snapshot is 2026-07-28T17:38:31.888534+00:00; published ESPN ownership data was fetched during this audit.
5,live ADP source refresh drift,draft-board,19046,Malcolm Rodriguez,LB,percent_owned,3.37,3.35,DB snapshot is 2026-07-28T17:38:31.888534+00:00; published ESPN ownership data was fetched during this audit.
5,live ADP source refresh drift,draft-board,19183,D'Angelo Ross,CB,adp,171.5,171.47,DB snapshot is 2026-07-28T17:38:31.888534+00:00; published ESPN ownership data was fetched during this audit.
5,live ADP source refresh drift,draft-board,19240,Greg Rousseau,LB,adp,176.26,176.08,DB snapshot is 2026-07-28T17:38:31.888534+00:00; published ESPN ownership data was fetched during this audit.
5,live ADP source refresh drift,draft-board,19240,Greg Rousseau,LB,percent_owned,15.6,15.51,DB snapshot is 2026-07-28T17:38:31.888534+00:00; published ESPN ownership data was fetched during this audit.
5,live ADP source refresh drift,draft-board,19270,Christian Rozeboom,LB,percent_owned,4.77,4.74,DB snapshot is 2026-07-28T17:38:31.888534+00:00; published ESPN ownership data was fetched during this audit.
5,live ADP source refresh drift,draft-board,19303,Mason Rudolph,QB,adp,169.98,169.97,DB snapshot is 2026-07-28T17:38:31.888534+00:00; published ESPN ownership data was fetched during this audit.
5,live ADP source refresh drift,draft-board,19411,Chad Ryland,PK,adp,169.96,169.95,DB snapshot is 2026-07-28T17:38:31.888534+00:00; published ESPN ownership data was fetched during this audit.
5,live ADP source refresh drift,draft-board,19421,Kenyon Sadiq,TE,adp,134.26,134.24,DB snapshot is 2026-07-28T17:38:31.888534+00:00; published ESPN ownership data was fetched during this audit.
5,live ADP source refresh drift,draft-board,19421,Kenyon Sadiq,TE,percent_owned,68.81,68.87,DB snapshot is 2026-07-28T17:38:31.888534+00:00; published ESPN ownership data was fetched during this audit.
5,live ADP source refresh drift,draft-board,19432,Mike Sainristil,CB,adp,177.99,177.8,DB snapshot is 2026-07-28T17:38:31.888534+00:00; published ESPN ownership data was fetched during this audit.
5,live ADP source refresh drift,draft-board,19432,Mike Sainristil,CB,percent_owned,9.57,9.52,DB snapshot is 2026-07-28T17:38:31.888534+00:00; published ESPN ownership data was fetched during this audit.
5,live ADP source refresh drift,draft-board,19473,Dylan Sampson,RB,adp,170.5,170.49,DB snapshot is 2026-07-28T17:38:31.888534+00:00; published ESPN ownership data was fetched during this audit.
5,live ADP source refresh drift,draft-board,19484,Asante Samuel Jr.,CB,adp,171.34,171.31,DB snapshot is 2026-07-28T17:38:31.888534+00:00; published ESPN ownership data was fetched during this audit.
5,live ADP source refresh drift,draft-board,19496,Jack Sanborn,LB,percent_owned,0.58,0.57,DB snapshot is 2026-07-28T17:38:31.888534+00:00; published ESPN ownership data was fetched during this audit.
5,live ADP source refresh drift,draft-board,19517,Drew Sanders,LB,adp,171.12,171.09,DB snapshot is 2026-07-28T17:38:31.888534+00:00; published ESPN ownership data was fetched during this audit.
5,live ADP source refresh drift,draft-board,19517,Drew Sanders,LB,percent_owned,0.99,0.98,DB snapshot is 2026-07-28T17:38:31.888534+00:00; published ESPN ownership data was fetched during this audit.
5,live ADP source refresh drift,draft-board,19523,Ja'Tavion Sanders,TE,adp,170.07,170.06,DB snapshot is 2026-07-28T17:38:31.888534+00:00; published ESPN ownership data was fetched during this audit.
5,live ADP source refresh drift,draft-board,19525,Jason Sanders,PK,percent_owned,2.24,2.23,DB snapshot is 2026-07-28T17:38:31.888534+00:00; published ESPN ownership data was fetched during this audit.
5,live ADP source refresh drift,draft-board,19533,Raheim Sanders,RB,adp,169.97,169.96,DB snapshot is 2026-07-28T17:38:31.888534+00:00; published ESPN ownership data was fetched during this audit.
5,live ADP source refresh drift,draft-board,19535,Shedeur Sanders,QB,adp,169.49,169.48,DB snapshot is 2026-07-28T17:38:31.888534+00:00; published ESPN ownership data was fetched during this audit.
5,live ADP source refresh drift,draft-board,19537,T.J. Sanders,DT,adp,171.24,171.2,DB snapshot is 2026-07-28T17:38:31.888534+00:00; published ESPN ownership data was fetched during this audit.
5,live ADP source refresh drift,draft-board,19537,T.J. Sanders,DT,percent_owned,0.86,0.85,DB snapshot is 2026-07-28T17:38:31.888534+00:00; published ESPN ownership data was fetched during this audit.
5,live ADP source refresh drift,draft-board,19556,Jonas Sanker,S,adp,171.33,171.3,DB snapshot is 2026-07-28T17:38:31.888534+00:00; published ESPN ownership data was fetched during this audit.
5,live ADP source refresh drift,draft-board,19556,Jonas Sanker,S,percent_owned,2.38,2.28,DB snapshot is 2026-07-28T17:38:31.888534+00:00; published ESPN ownership data was fetched during this audit.
5,live ADP source refresh drift,draft-board,19562,Cairo Santos,PK,adp,166.19,166.16,DB snapshot is 2026-07-28T17:38:31.888534+00:00; published ESPN ownership data was fetched during this audit.
5,live ADP source refresh drift,draft-board,19562,Cairo Santos,PK,percent_owned,32.83,32.84,DB snapshot is 2026-07-28T17:38:31.888534+00:00; published ESPN ownership data was fetched during this audit.
5,live ADP source refresh drift,draft-board,19586,Elijah Sarratt,WR,percent_owned,0.94,0.93,DB snapshot is 2026-07-28T17:38:31.888534+00:00; published ESPN ownership data was fetched during this audit.
5,live ADP source refresh drift,draft-board,19602,Ben Sauls,PK,adp,169.94,169.93,DB snapshot is 2026-07-28T17:38:31.888534+00:00; published ESPN ownership data was fetched during this audit.
5,live ADP source refresh drift,draft-board,19618,Darnell Savage,S,adp,171.57,171.53,DB snapshot is 2026-07-28T17:38:31.888534+00:00; published ESPN ownership data was fetched during this audit.
5,live ADP source refresh drift,draft-board,19627,Jack Sawyer,LB,adp,170.15,170.14,DB snapshot is 2026-07-28T17:38:31.888534+00:00; published ESPN ownership data was fetched during this audit.
5,live ADP source refresh drift,draft-board,19627,Jack Sawyer,LB,percent_owned,1.11,1.1,DB snapshot is 2026-07-28T17:38:31.888534+00:00; published ESPN ownership data was fetched during this audit.
5,live ADP source refresh drift,draft-board,19726,Luke Schoonmaker,TE,adp,169.92,169.93,DB snapshot is 2026-07-28T17:38:31.888534+00:00; published ESPN ownership data was fetched during this audit.
5,live ADP source refresh drift,draft-board,19728,Cody Schrader,RB,percent_owned,0.04,0.03,DB snapshot is 2026-07-28T17:38:31.888534+00:00; published ESPN ownership data was fetched during this audit.
5,live ADP source refresh drift,draft-board,19746,Dalton Schultz,TE,adp,167.97,167.95,DB snapshot is 2026-07-28T17:38:31.888534+00:00; published ESPN ownership data was fetched during this audit.
5,live ADP source refresh drift,draft-board,19746,Dalton Schultz,TE,percent_owned,6.83,6.84,DB snapshot is 2026-07-28T17:38:31.888534+00:00; published ESPN ownership data was fetched during this audit.
5,live ADP source refresh drift,draft-board,19767,Carson Schwesinger,LB,adp,127.94,127.86,DB snapshot is 2026-07-28T17:38:31.888534+00:00; published ESPN ownership data was fetched during this audit.
5,live ADP source refresh drift,draft-board,19767,Carson Schwesinger,LB,percent_owned,74.16,74.2,DB snapshot is 2026-07-28T17:38:31.888534+00:00; published ESPN ownership data was fetched during this audit.
5,live ADP source refresh drift,draft-board,19841,Nick Scott,S,adp,178.31,178.1,DB snapshot is 2026-07-28T17:38:31.888534+00:00; published ESPN ownership data was fetched during this audit.
5,live ADP source refresh drift,draft-board,19841,Nick Scott,S,percent_owned,10.82,10.77,DB snapshot is 2026-07-28T17:38:31.888534+00:00; published ESPN ownership data was fetched during this audit.
5,live ADP source refresh drift,draft-board,19867,Nic Scourton,LB,percent_owned,3.01,2.99,DB snapshot is 2026-07-28T17:38:31.888534+00:00; published ESPN ownership data was fetched during this audit.
5,live ADP source refresh drift,draft-board,19967,Noah Sewell,LB,percent_owned,1.73,1.72,DB snapshot is 2026-07-28T17:38:31.888534+00:00; published ESPN ownership data was fetched during this audit.
5,live ADP source refresh drift,draft-board,19984,Rashid Shaheed,WR,adp,156.96,156.89,DB snapshot is 2026-07-28T17:38:31.888534+00:00; published ESPN ownership data was fetched during this audit.
5,live ADP source refresh drift,draft-board,19984,Rashid Shaheed,WR,percent_owned,33.58,33.67,DB snapshot is 2026-07-28T17:38:31.888534+00:00; published ESPN ownership data was fetched during this audit.
5,live ADP source refresh drift,draft-board,19987,Khalil Shakir,WR,adp,133.15,133.09,DB snapshot is 2026-07-28T17:38:31.888534+00:00; published ESPN ownership data was fetched during this audit.
5,live ADP source refresh drift,draft-board,20098,Nathan Shepherd,DT,percent_owned,1.37,1.36,DB snapshot is 2026-07-28T17:38:31.888534+00:00; published ESPN ownership data was fetched during this audit.
5,live ADP source refresh drift,draft-board,20108,Trent Sherfield,WR,percent_owned,0.04,0.03,DB snapshot is 2026-07-28T17:38:31.888534+00:00; published ESPN ownership data was fetched during this audit.
5,live ADP source refresh drift,draft-board,20121,Jamien Sherwood,LB,adp,166.85,166.65,DB snapshot is 2026-07-28T17:38:31.888534+00:00; published ESPN ownership data was fetched during this audit.
5,live ADP source refresh drift,draft-board,20121,Jamien Sherwood,LB,percent_owned,49.63,49.47,DB snapshot is 2026-07-28T17:38:31.888534+00:00; published ESPN ownership data was fetched during this audit.
5,live ADP source refresh drift,draft-board,20140,Will Shipley,RB,adp,170.07,170.06,DB snapshot is 2026-07-28T17:38:31.888534+00:00; published ESPN ownership data was fetched during this audit.
5,live ADP source refresh drift,draft-board,20169,Tyler Shough,QB,adp,152.9,152.89,DB snapshot is 2026-07-28T17:38:31.888534+00:00; published ESPN ownership data was fetched during this audit.
5,live ADP source refresh drift,draft-board,20169,Tyler Shough,QB,percent_owned,43.08,43.12,DB snapshot is 2026-07-28T17:38:31.888534+00:00; published ESPN ownership data was fetched during this audit.
5,live ADP source refresh drift,draft-board,20198,Zach Sieler,DT,adp,181.78,181.41,DB snapshot is 2026-07-28T17:38:31.888534+00:00; published ESPN ownership data was fetched during this audit.
5,live ADP source refresh drift,draft-board,20198,Zach Sieler,DT,percent_owned,10.54,10.48,DB snapshot is 2026-07-28T17:38:31.888534+00:00; published ESPN ownership data was fetched during this audit.
5,live ADP source refresh drift,draft-board,20244,Jeffery Simmons,DT,adp,113.26,112.51,DB snapshot is 2026-07-28T17:38:31.888534+00:00; published ESPN ownership data was fetched during this audit.
5,live ADP source refresh drift,draft-board,20244,Jeffery Simmons,DT,percent_owned,74.81,74.87,DB snapshot is 2026-07-28T17:38:31.888534+00:00; published ESPN ownership data was fetched during this audit.
5,live ADP source refresh drift,draft-board,20272,Cody Simon,LB,adp,174.65,174.54,DB snapshot is 2026-07-28T17:38:31.888534+00:00; published ESPN ownership data was fetched during this audit.
5,live ADP source refresh drift,draft-board,20272,Cody Simon,LB,percent_owned,6.08,6.05,DB snapshot is 2026-07-28T17:38:31.888534+00:00; published ESPN ownership data was fetched during this audit.
5,live ADP source refresh drift,draft-board,20306,Trenton Simpson,LB,adp,170.46,170.45,DB snapshot is 2026-07-28T17:38:31.888534+00:00; published ESPN ownership data was fetched during this audit.
5,live ADP source refresh drift,draft-board,20306,Trenton Simpson,LB,percent_owned,3.53,3.52,DB snapshot is 2026-07-28T17:38:31.888534+00:00; published ESPN ownership data was fetched during this audit.
5,live ADP source refresh drift,draft-board,20307,Ty Simpson,QB,adp,169.87,169.88,DB snapshot is 2026-07-28T17:38:31.888534+00:00; published ESPN ownership data was fetched during this audit.
5,live ADP source refresh drift,draft-board,20307,Ty Simpson,QB,percent_owned,0.93,0.92,DB snapshot is 2026-07-28T17:38:31.888534+00:00; published ESPN ownership data was fetched during this audit.
5,live ADP source refresh drift,draft-board,20353,Alex Singleton,LB,adp,170.43,170.42,DB snapshot is 2026-07-28T17:38:31.888534+00:00; published ESPN ownership data was fetched during this audit.
5,live ADP source refresh drift,draft-board,20353,Alex Singleton,LB,percent_owned,45.52,45.38,DB snapshot is 2026-07-28T17:38:31.888534+00:00; published ESPN ownership data was fetched during this audit.
5,live ADP source refresh drift,draft-board,20359,Nicholas Singleton,RB,adp,170.1,170.09,DB snapshot is 2026-07-28T17:38:31.888534+00:00; published ESPN ownership data was fetched during this audit.
5,live ADP source refresh drift,draft-board,20386,Cam Skattebo,RB,adp,43.87,43.89,DB snapshot is 2026-07-28T17:38:31.888534+00:00; published ESPN ownership data was fetched during this audit.
5,live ADP source refresh drift,draft-board,20386,Cam Skattebo,RB,percent_owned,97.89,97.88,DB snapshot is 2026-07-28T17:38:31.888534+00:00; published ESPN ownership data was fetched during this audit.
5,live ADP source refresh drift,draft-board,20423,Tedarrell Slaton,DT,adp,171.61,171.56,DB snapshot is 2026-07-28T17:38:31.888534+00:00; published ESPN ownership data was fetched during this audit.
5,live ADP source refresh drift,draft-board,20453,Trey Smack,PK,adp,169.55,169.52,DB snapshot is 2026-07-28T17:38:31.888534+00:00; published ESPN ownership data was fetched during this audit.
5,live ADP source refresh drift,draft-board,20561,DeVonta Smith,WR,adp,37.83,37.84,DB snapshot is 2026-07-28T17:38:31.888534+00:00; published ESPN ownership data was fetched during this audit.
5,live ADP source refresh drift,draft-board,20561,DeVonta Smith,WR,percent_owned,98.77,98.76,DB snapshot is 2026-07-28T17:38:31.888534+00:00; published ESPN ownership data was fetched during this audit.
5,live ADP source refresh drift,draft-board,20635,Jaylin Smith,CB,adp,171.29,171.26,DB snapshot is 2026-07-28T17:38:31.888534+00:00; published ESPN ownership data was fetched during this audit.
5,live ADP source refresh drift,draft-board,20706,Mazi Smith,DT,adp,171.86,171.81,DB snapshot is 2026-07-28T17:38:31.888534+00:00; published ESPN ownership data was fetched during this audit.
5,live ADP source refresh drift,draft-board,20718,Nolan Smith,LB,adp,170.34,170.33,DB snapshot is 2026-07-28T17:38:31.888534+00:00; published ESPN ownership data was fetched during this audit.
5,live ADP source refresh drift,draft-board,20718,Nolan Smith,LB,percent_owned,5.62,5.59,DB snapshot is 2026-07-28T17:38:31.888534+00:00; published ESPN ownership data was fetched during this audit.
5,live ADP source refresh drift,draft-board,20757,Roquan Smith,LB,adp,156.87,155.62,DB snapshot is 2026-07-28T17:38:31.888534+00:00; published ESPN ownership data was fetched during this audit.
5,live ADP source refresh drift,draft-board,20757,Roquan Smith,LB,percent_owned,53.69,53.76,DB snapshot is 2026-07-28T17:38:31.888534+00:00; published ESPN ownership data was fetched during this audit.
5,live ADP source refresh drift,draft-board,20802,Tremon Smith,CB,adp,171.76,171.72,DB snapshot is 2026-07-28T17:38:31.888534+00:00; published ESPN ownership data was fetched during this audit.
5,live ADP source refresh drift,draft-board,20805,Tykee Smith,S,adp,135.72,135.11,DB snapshot is 2026-07-28T17:38:31.888534+00:00; published ESPN ownership data was fetched during this audit.
5,live ADP source refresh drift,draft-board,20805,Tykee Smith,S,percent_owned,70.61,70.59,DB snapshot is 2026-07-28T17:38:31.888534+00:00; published ESPN ownership data was fetched during this audit.
5,live ADP source refresh drift,draft-board,20826,Jaxon Smith-Njigba,WR,adp,5.83,5.82,DB snapshot is 2026-07-28T17:38:31.888534+00:00; published ESPN ownership data was fetched during this audit.
5,live ADP source refresh drift,draft-board,20837,Charlie Smyth,PK,adp,170.07,170.05,DB snapshot is 2026-07-28T17:38:31.888534+00:00; published ESPN ownership data was fetched during this audit.
5,live ADP source refresh drift,draft-board,20838,Durham Smythe,TE,percent_owned,0.11,0.1,DB snapshot is 2026-07-28T17:38:31.888534+00:00; published ESPN ownership data was fetched during this audit.
5,live ADP source refresh drift,draft-board,20842,L'Jarius Sneed,CB,adp,170.89,170.87,DB snapshot is 2026-07-28T17:38:31.888534+00:00; published ESPN ownership data was fetched during this audit.
5,live ADP source refresh drift,draft-board,20842,L'Jarius Sneed,CB,percent_owned,1.65,1.64,DB snapshot is 2026-07-28T17:38:31.888534+00:00; published ESPN ownership data was fetched during this audit.
5,live ADP source refresh drift,draft-board,20898,Barryn Sorrell,DE,adp,170.83,170.81,DB snapshot is 2026-07-28T17:38:31.888534+00:00; published ESPN ownership data was fetched during this audit.
5,live ADP source refresh drift,draft-board,20898,Barryn Sorrell,DE,percent_owned,0.4,0.39,DB snapshot is 2026-07-28T17:38:31.888534+00:00; published ESPN ownership data was fetched during this audit.
5,live ADP source refresh drift,draft-board,20931,Tyjae Spears,RB,adp,167.63,167.65,DB snapshot is 2026-07-28T17:38:31.888534+00:00; published ESPN ownership data was fetched during this audit.
5,live ADP source refresh drift,draft-board,20931,Tyjae Spears,RB,percent_owned,53.7,53.48,DB snapshot is 2026-07-28T17:38:31.888534+00:00; published ESPN ownership data was fetched during this audit.
5,live ADP source refresh drift,draft-board,20936,E.J. Speed,LB,percent_owned,2.47,2.45,DB snapshot is 2026-07-28T17:38:31.888534+00:00; published ESPN ownership data was fetched during this audit.
5,live ADP source refresh drift,draft-board,20939,Omar Speights,LB,adp,174.38,174.27,DB snapshot is 2026-07-28T17:38:31.888534+00:00; published ESPN ownership data was fetched during this audit.
5,live ADP source refresh drift,draft-board,20939,Omar Speights,LB,percent_owned,4.85,4.82,DB snapshot is 2026-07-28T17:38:31.888534+00:00; published ESPN ownership data was fetched during this audit.
5,live ADP source refresh drift,draft-board,20975,Robert Spillane,LB,adp,172.58,172.51,DB snapshot is 2026-07-28T17:38:31.888534+00:00; published ESPN ownership data was fetched during this audit.
5,live ADP source refresh drift,draft-board,20975,Robert Spillane,LB,percent_owned,33.03,32.87,DB snapshot is 2026-07-28T17:38:31.888534+00:00; published ESPN ownership data was fetched during this audit.
5,live ADP source refresh drift,draft-board,21011,Amon-Ra St. Brown,WR,percent_owned,99.8,99.81,DB snapshot is 2026-07-28T17:38:31.888534+00:00; published ESPN ownership data was fetched during this audit.
5,live ADP source refresh drift,draft-board,21030,Matthew Stafford,QB,adp,79.13,79.09,DB snapshot is 2026-07-28T17:38:31.888534+00:00; published ESPN ownership data was fetched during this audit.
5,live ADP source refresh drift,draft-board,21098,Malaki Starks,S,percent_owned,8.28,8.24,DB snapshot is 2026-07-28T17:38:31.888534+00:00; published ESPN ownership data was fetched during this audit.
5,live ADP source refresh drift,draft-board,21180,Brandon Stephens,CB,adp,178.7,178.49,DB snapshot is 2026-07-28T17:38:31.888534+00:00; published ESPN ownership data was fetched during this audit.
5,live ADP source refresh drift,draft-board,21180,Brandon Stephens,CB,percent_owned,5.96,5.93,DB snapshot is 2026-07-28T17:38:31.888534+00:00; published ESPN ownership data was fetched during this audit.
5,live ADP source refresh drift,draft-board,21218,Rhamondre Stevenson,RB,adp,108.95,109.01,DB snapshot is 2026-07-28T17:38:31.888534+00:00; published ESPN ownership data was fetched during this audit.
5,live ADP source refresh drift,draft-board,21218,Rhamondre Stevenson,RB,percent_owned,86.04,86.02,DB snapshot is 2026-07-28T17:38:31.888534+00:00; published ESPN ownership data was fetched during this audit.
5,live ADP source refresh drift,draft-board,21219,Tyrique Stevenson,CB,adp,174.26,174.16,DB snapshot is 2026-07-28T17:38:31.888534+00:00; published ESPN ownership data was fetched during this audit.
5,live ADP source refresh drift,draft-board,21219,Tyrique Stevenson,CB,percent_owned,5.33,5.31,DB snapshot is 2026-07-28T17:38:31.888534+00:00; published ESPN ownership data was fetched during this audit.
5,live ADP source refresh drift,draft-board,21231,Grover Stewart,DT,adp,171.06,171.03,DB snapshot is 2026-07-28T17:38:31.888534+00:00; published ESPN ownership data was fetched during this audit.
5,live ADP source refresh drift,draft-board,21231,Grover Stewart,DT,percent_owned,2.23,2.21,DB snapshot is 2026-07-28T17:38:31.888534+00:00; published ESPN ownership data was fetched during this audit.
5,live ADP source refresh drift,draft-board,21245,M.J. Stewart,S,adp,171.52,171.48,DB snapshot is 2026-07-28T17:38:31.888534+00:00; published ESPN ownership data was fetched during this audit.
5,live ADP source refresh drift,draft-board,21253,Shemar Stewart,DE,adp,170.48,170.47,DB snapshot is 2026-07-28T17:38:31.888534+00:00; published ESPN ownership data was fetched during this audit.
5,live ADP source refresh drift,draft-board,21253,Shemar Stewart,DE,percent_owned,1.82,1.89,DB snapshot is 2026-07-28T17:38:31.888534+00:00; published ESPN ownership data was fetched during this audit.
5,live ADP source refresh drift,draft-board,21270,Tarheeb Still,CB,adp,174.78,174.67,DB snapshot is 2026-07-28T17:38:31.888534+00:00; published ESPN ownership data was fetched during this audit.
5,live ADP source refresh drift,draft-board,21270,Tarheeb Still,CB,percent_owned,3.76,3.75,DB snapshot is 2026-07-28T17:38:31.888534+00:00; published ESPN ownership data was fetched during this audit.
5,live ADP source refresh drift,draft-board,21282,Derek Stingley Jr.,CB,adp,163.95,163.23,DB snapshot is 2026-07-28T17:38:31.888534+00:00; published ESPN ownership data was fetched during this audit.
5,live ADP source refresh drift,draft-board,21282,Derek Stingley Jr.,CB,percent_owned,11.69,11.79,DB snapshot is 2026-07-28T17:38:31.888534+00:00; published ESPN ownership data was fetched during this audit.
5,live ADP source refresh drift,draft-board,21297,Eric Stokes,CB,adp,170.64,170.62,DB snapshot is 2026-07-28T17:38:31.888534+00:00; published ESPN ownership data was fetched during this audit.
5,live ADP source refresh drift,draft-board,21308,Geno Stone,S,adp,172.07,172.02,DB snapshot is 2026-07-28T17:38:31.888534+00:00; published ESPN ownership data was fetched during this audit.
5,live ADP source refresh drift,draft-board,21308,Geno Stone,S,percent_owned,4.75,4.73,DB snapshot is 2026-07-28T17:38:31.888534+00:00; published ESPN ownership data was fetched during this audit.
5,live ADP source refresh drift,draft-board,21330,Upton Stout,CB,adp,172.55,172.49,DB snapshot is 2026-07-28T17:38:31.888534+00:00; published ESPN ownership data was fetched during this audit.
5,live ADP source refresh drift,draft-board,21330,Upton Stout,CB,percent_owned,3.92,3.9,DB snapshot is 2026-07-28T17:38:31.888534+00:00; published ESPN ownership data was fetched during this audit.
5,live ADP source refresh drift,draft-board,21333,Cade Stover,TE,percent_owned,0.14,0.13,DB snapshot is 2026-07-28T17:38:31.888534+00:00; published ESPN ownership data was fetched during this audit.
5,live ADP source refresh drift,draft-board,21338,Eli Stowers,TE,adp,170.02,170.01,DB snapshot is 2026-07-28T17:38:31.888534+00:00; published ESPN ownership data was fetched during this audit.
5,live ADP source refresh drift,draft-board,21338,Eli Stowers,TE,percent_owned,1.81,1.8,DB snapshot is 2026-07-28T17:38:31.888534+00:00; published ESPN ownership data was fetched during this audit.
5,live ADP source refresh drift,draft-board,21351,Brenton Strange,TE,adp,166.26,166.27,DB snapshot is 2026-07-28T17:38:31.888534+00:00; published ESPN ownership data was fetched during this audit.
5,live ADP source refresh drift,draft-board,21351,Brenton Strange,TE,percent_owned,11.12,11.14,DB snapshot is 2026-07-28T17:38:31.888534+00:00; published ESPN ownership data was fetched during this audit.
5,live ADP source refresh drift,draft-board,21366,De'Zhaun Stribling,WR,adp,170.42,170.43,DB snapshot is 2026-07-28T17:38:31.888534+00:00; published ESPN ownership data was fetched during this audit.
5,live ADP source refresh drift,draft-board,21366,De'Zhaun Stribling,WR,percent_owned,2.27,2.29,DB snapshot is 2026-07-28T17:38:31.888534+00:00; published ESPN ownership data was fetched during this audit.
5,live ADP source refresh drift,draft-board,21375,Danny Striggow,DE,adp,171.54,171.5,DB snapshot is 2026-07-28T17:38:31.888534+00:00; published ESPN ownership data was fetched during this audit.
5,live ADP source refresh drift,draft-board,21381,Justin Strnad,LB,adp,174.7,174.59,DB snapshot is 2026-07-28T17:38:31.888534+00:00; published ESPN ownership data was fetched during this audit.
5,live ADP source refresh drift,draft-board,21381,Justin Strnad,LB,percent_owned,4.93,4.91,DB snapshot is 2026-07-28T17:38:31.888534+00:00; published ESPN ownership data was fetched during this audit.
5,live ADP source refresh drift,draft-board,21431,Treydan Stukes,S,percent_owned,3.61,3.59,DB snapshot is 2026-07-28T17:38:31.888534+00:00; published ESPN ownership data was fetched during this audit.
5,live ADP source refresh drift,draft-board,21439,Danny Stutsman,LB,percent_owned,3.94,3.92,DB snapshot is 2026-07-28T17:38:31.888534+00:00; published ESPN ownership data was fetched during this audit.
5,live ADP source refresh drift,draft-board,21442,Sonny Styles,LB,adp,168.43,168.47,DB snapshot is 2026-07-28T17:38:31.888534+00:00; published ESPN ownership data was fetched during this audit.
5,live ADP source refresh drift,draft-board,21442,Sonny Styles,LB,percent_owned,38.54,38.35,DB snapshot is 2026-07-28T17:38:31.888534+00:00; published ESPN ownership data was fetched during this audit.
5,live ADP source refresh drift,draft-board,21444,Lorenzo Styles Jr.,S,adp,170.42,170.41,DB snapshot is 2026-07-28T17:38:31.888534+00:00; published ESPN ownership data was fetched during this audit.
5,live ADP source refresh drift,draft-board,21444,Lorenzo Styles Jr.,S,percent_owned,1.64,1.63,DB snapshot is 2026-07-28T17:38:31.888534+00:00; published ESPN ownership data was fetched during this audit.
5,live ADP source refresh drift,draft-board,21510,Pat Surtain II,CB,adp,157.96,157.64,DB snapshot is 2026-07-28T17:38:31.888534+00:00; published ESPN ownership data was fetched during this audit.
5,live ADP source refresh drift,draft-board,21510,Pat Surtain II,CB,percent_owned,22.35,22.48,DB snapshot is 2026-07-28T17:38:31.888534+00:00; published ESPN ownership data was fetched during this audit.
5,live ADP source refresh drift,draft-board,21520,Courtland Sutton,WR,adp,85.25,85.28,DB snapshot is 2026-07-28T17:38:31.888534+00:00; published ESPN ownership data was fetched during this audit.
5,live ADP source refresh drift,draft-board,21520,Courtland Sutton,WR,percent_owned,90.39,90.38,DB snapshot is 2026-07-28T17:38:31.888534+00:00; published ESPN ownership data was fetched during this audit.
5,live ADP source refresh drift,draft-board,21558,Josh Sweat,LB,adp,175.96,175.79,DB snapshot is 2026-07-28T17:38:31.888534+00:00; published ESPN ownership data was fetched during this audit.
5,live ADP source refresh drift,draft-board,21558,Josh Sweat,LB,percent_owned,6.33,6.3,DB snapshot is 2026-07-28T17:38:31.888534+00:00; published ESPN ownership data was fetched during this audit.
5,live ADP source refresh drift,draft-board,21559,Montez Sweat,DE,adp,175.02,174.88,DB snapshot is 2026-07-28T17:38:31.888534+00:00; published ESPN ownership data was fetched during this audit.
5,live ADP source refresh drift,draft-board,21559,Montez Sweat,DE,percent_owned,23.04,22.91,DB snapshot is 2026-07-28T17:38:31.888534+00:00; published ESPN ownership data was fetched during this audit.
5,live ADP source refresh drift,draft-board,21560,T'Vondre Sweat,DT,adp,170.48,170.47,DB snapshot is 2026-07-28T17:38:31.888534+00:00; published ESPN ownership data was fetched during this audit.
5,live ADP source refresh drift,draft-board,21560,T'Vondre Sweat,DT,percent_owned,3.26,3.24,DB snapshot is 2026-07-28T17:38:31.888534+00:00; published ESPN ownership data was fetched during this audit.
5,live ADP source refresh drift,draft-board,21575,D'Andre Swift,RB,adp,70.78,70.84,DB snapshot is 2026-07-28T17:38:31.888534+00:00; published ESPN ownership data was fetched during this audit.
5,live ADP source refresh drift,draft-board,21575,D'Andre Swift,RB,percent_owned,91.71,91.7,DB snapshot is 2026-07-28T17:38:31.888534+00:00; published ESPN ownership data was fetched during this audit.
5,live ADP source refresh drift,draft-board,21628,Michael Taaffe,S,adp,171.04,171.01,DB snapshot is 2026-07-28T17:38:31.888534+00:00; published ESPN ownership data was fetched during this audit.
5,live ADP source refresh drift,draft-board,21639,Tua Tagovailoa,QB,adp,170.64,170.63,DB snapshot is 2026-07-28T17:38:31.888534+00:00; published ESPN ownership data was fetched during this audit.
5,live ADP source refresh drift,draft-board,21664,T.J. Tampa,CB,adp,171.5,171.46,DB snapshot is 2026-07-28T17:38:31.888534+00:00; published ESPN ownership data was fetched during this audit.
5,live ADP source refresh drift,draft-board,21688,Teair Tart,DT,adp,177.3,177.07,DB snapshot is 2026-07-28T17:38:31.888534+00:00; published ESPN ownership data was fetched during this audit.
5,live ADP source refresh drift,draft-board,21688,Teair Tart,DT,percent_owned,2.83,2.81,DB snapshot is 2026-07-28T17:38:31.888534+00:00; published ESPN ownership data was fetched during this audit.
5,live ADP source refresh drift,draft-board,21700,Carnell Tate,WR,adp,67.58,67.64,DB snapshot is 2026-07-28T17:38:31.888534+00:00; published ESPN ownership data was fetched during this audit.
5,live ADP source refresh drift,draft-board,21700,Carnell Tate,WR,percent_owned,94.36,94.35,DB snapshot is 2026-07-28T17:38:31.888534+00:00; published ESPN ownership data was fetched during this audit.
5,live ADP source refresh drift,draft-board,21733,Alontae Taylor,CB,adp,180.28,180.04,DB snapshot is 2026-07-28T17:38:31.888534+00:00; published ESPN ownership data was fetched during this audit.
5,live ADP source refresh drift,draft-board,21733,Alontae Taylor,CB,percent_owned,21.87,21.76,DB snapshot is 2026-07-28T17:38:31.888534+00:00; published ESPN ownership data was fetched during this audit.
5,live ADP source refresh drift,draft-board,21774,Ja'Sir Taylor,CB,adp,171.43,171.39,DB snapshot is 2026-07-28T17:38:31.888534+00:00; published ESPN ownership data was fetched during this audit.
5,live ADP source refresh drift,draft-board,21811,Patrick Taylor,RB,percent_owned,0.04,0.03,DB snapshot is 2026-07-28T17:38:31.888534+00:00; published ESPN ownership data was fetched during this audit.
5,live ADP source refresh drift,draft-board,21842,Cam Taylor-Britt,CB,adp,170.89,170.87,DB snapshot is 2026-07-28T17:38:31.888534+00:00; published ESPN ownership data was fetched during this audit.
5,live ADP source refresh drift,draft-board,21843,Dadrion Taylor-Demerson,S,adp,177.03,176.85,DB snapshot is 2026-07-28T17:38:31.888534+00:00; published ESPN ownership data was fetched during this audit.
5,live ADP source refresh drift,draft-board,21843,Dadrion Taylor-Demerson,S,percent_owned,4.84,4.81,DB snapshot is 2026-07-28T17:38:31.888534+00:00; published ESPN ownership data was fetched during this audit.
5,live ADP source refresh drift,draft-board,21880,A.J. Terrell,CB,adp,181.53,181.25,DB snapshot is 2026-07-28T17:38:31.888534+00:00; published ESPN ownership data was fetched during this audit.
5,live ADP source refresh drift,draft-board,21880,A.J. Terrell,CB,percent_owned,18.51,18.35,DB snapshot is 2026-07-28T17:38:31.888534+00:00; published ESPN ownership data was fetched during this audit.
5,live ADP source refresh drift,draft-board,21881,Avieon Terrell,CB,percent_owned,1.88,1.87,DB snapshot is 2026-07-28T17:38:31.888534+00:00; published ESPN ownership data was fetched during this audit.
5,live ADP source refresh drift,draft-board,21916,Kayvon Thibodeaux,LB,adp,173.35,173.25,DB snapshot is 2026-07-28T17:38:31.888534+00:00; published ESPN ownership data was fetched during this audit.
5,live ADP source refresh drift,draft-board,21916,Kayvon Thibodeaux,LB,percent_owned,5.78,5.75,DB snapshot is 2026-07-28T17:38:31.888534+00:00; published ESPN ownership data was fetched during this audit.
5,live ADP source refresh drift,draft-board,21920,Dillon Thieneman,S,adp,173.41,173.33,DB snapshot is 2026-07-28T17:38:31.888534+00:00; published ESPN ownership data was fetched during this audit.
5,live ADP source refresh drift,draft-board,21920,Dillon Thieneman,S,percent_owned,13.03,12.97,DB snapshot is 2026-07-28T17:38:31.888534+00:00; published ESPN ownership data was fetched during this audit.
5,live ADP source refresh drift,draft-board,21935,Azareye'h Thomas,CB,adp,171.53,171.5,DB snapshot is 2026-07-28T17:38:31.888534+00:00; published ESPN ownership data was fetched during this audit.
5,live ADP source refresh drift,draft-board,21941,Brian Thomas Jr.,WR,adp,100.34,100.36,DB snapshot is 2026-07-28T17:38:31.888534+00:00; published ESPN ownership data was fetched during this audit.
5,live ADP source refresh drift,draft-board,21941,Brian Thomas Jr.,WR,percent_owned,87.49,87.48,DB snapshot is 2026-07-28T17:38:31.888534+00:00; published ESPN ownership data was fetched during this audit.
5,live ADP source refresh drift,draft-board,21977,Drake Thomas,LB,adp,175.61,175.47,DB snapshot is 2026-07-28T17:38:31.888534+00:00; published ESPN ownership data was fetched during this audit.
5,live ADP source refresh drift,draft-board,21977,Drake Thomas,LB,percent_owned,8.38,8.34,DB snapshot is 2026-07-28T17:38:31.888534+00:00; published ESPN ownership data was fetched during this audit.
5,live ADP source refresh drift,draft-board,21995,Ian Thomas,TE,adp,170.04,170.03,DB snapshot is 2026-07-28T17:38:31.888534+00:00; published ESPN ownership data was fetched during this audit.
5,live ADP source refresh drift,draft-board,22021,Juanyeh Thomas,S,adp,170.98,170.96,DB snapshot is 2026-07-28T17:38:31.888534+00:00; published ESPN ownership data was fetched during this audit.
5,live ADP source refresh drift,draft-board,22065,R Mason Thomas,DE,adp,170.74,170.72,DB snapshot is 2026-07-28T17:38:31.888534+00:00; published ESPN ownership data was fetched during this audit.
5,live ADP source refresh drift,draft-board,22065,R Mason Thomas,DE,percent_owned,1.82,1.81,DB snapshot is 2026-07-28T17:38:31.888534+00:00; published ESPN ownership data was fetched during this audit.
5,live ADP source refresh drift,draft-board,22087,Solomon Thomas,DT,adp,171.04,171.01,DB snapshot is 2026-07-28T17:38:31.888534+00:00; published ESPN ownership data was fetched during this audit.
5,live ADP source refresh drift,draft-board,22163,Jalen Thompson,S,adp,178.98,178.76,DB snapshot is 2026-07-28T17:38:31.888534+00:00; published ESPN ownership data was fetched during this audit.
5,live ADP source refresh drift,draft-board,22163,Jalen Thompson,S,percent_owned,15.49,15.42,DB snapshot is 2026-07-28T17:38:31.888534+00:00; published ESPN ownership data was fetched during this audit.
5,live ADP source refresh drift,draft-board,22228,Corey Thornton,CB,adp,170.43,170.42,DB snapshot is 2026-07-28T17:38:31.888534+00:00; published ESPN ownership data was fetched during this audit.
5,live ADP source refresh drift,draft-board,22241,Tyquan Thornton,WR,percent_owned,0.6,0.59,DB snapshot is 2026-07-28T17:38:31.888534+00:00; published ESPN ownership data was fetched during this audit.
5,live ADP source refresh drift,draft-board,22284,Dondrea Tillman,LB,adp,171.35,171.32,DB snapshot is 2026-07-28T17:38:31.888534+00:00; published ESPN ownership data was fetched during this audit.
5,live ADP source refresh drift,draft-board,22322,Henry To'oTo'o,LB,adp,175.51,175.37,DB snapshot is 2026-07-28T17:38:31.888534+00:00; published ESPN ownership data was fetched during this audit.
5,live ADP source refresh drift,draft-board,22322,Henry To'oTo'o,LB,percent_owned,10.02,9.98,DB snapshot is 2026-07-28T17:38:31.888534+00:00; published ESPN ownership data was fetched during this audit.
5,live ADP source refresh drift,draft-board,22340,Tommy Togiai,DT,adp,181.85,181.48,DB snapshot is 2026-07-28T17:38:31.888534+00:00; published ESPN ownership data was fetched during this audit.
5,live ADP source refresh drift,draft-board,22340,Tommy Togiai,DT,percent_owned,16.45,16.35,DB snapshot is 2026-07-28T17:38:31.888534+00:00; published ESPN ownership data was fetched during this audit.
5,live ADP source refresh drift,draft-board,22346,Jalen Tolbert,WR,adp,170.24,170.23,DB snapshot is 2026-07-28T17:38:31.888534+00:00; published ESPN ownership data was fetched during this audit.
5,live ADP source refresh drift,draft-board,22372,Dalvin Tomlinson,DT,adp,175.55,175.37,DB snapshot is 2026-07-28T17:38:31.888534+00:00; published ESPN ownership data was fetched during this audit.
5,live ADP source refresh drift,draft-board,22383,Khyiris Tonga,DT,adp,171.32,171.28,DB snapshot is 2026-07-28T17:38:31.888534+00:00; published ESPN ownership data was fetched during this audit.
5,live ADP source refresh drift,draft-board,22383,Khyiris Tonga,DT,percent_owned,0.69,0.68,DB snapshot is 2026-07-28T17:38:31.888534+00:00; published ESPN ownership data was fetched during this audit.
5,live ADP source refresh drift,draft-board,22385,Jake Tonges,TE,percent_owned,2.62,2.64,DB snapshot is 2026-07-28T17:38:31.888534+00:00; published ESPN ownership data was fetched during this audit.
5,live ADP source refresh drift,draft-board,22445,Tyrone Tracy Jr.,RB,percent_owned,11.51,11.52,DB snapshot is 2026-07-28T17:38:31.888534+00:00; published ESPN ownership data was fetched during this audit.
5,live ADP source refresh drift,draft-board,22446,Dante Trader Jr.,S,adp,170.68,170.66,DB snapshot is 2026-07-28T17:38:31.888534+00:00; published ESPN ownership data was fetched during this audit.
5,live ADP source refresh drift,draft-board,22446,Dante Trader Jr.,S,percent_owned,3.77,3.75,DB snapshot is 2026-07-28T17:38:31.888534+00:00; published ESPN ownership data was fetched during this audit.
5,live ADP source refresh drift,draft-board,22455,Drue Tranquill,LB,adp,176.54,176.37,DB snapshot is 2026-07-28T17:38:31.888534+00:00; published ESPN ownership data was fetched during this audit.
5,live ADP source refresh drift,draft-board,22455,Drue Tranquill,LB,percent_owned,13.15,13.08,DB snapshot is 2026-07-28T17:38:31.888534+00:00; published ESPN ownership data was fetched during this audit.
5,live ADP source refresh drift,draft-board,22484,Brycen Tremayne,WR,percent_owned,0.04,0.03,DB snapshot is 2026-07-28T17:38:31.888534+00:00; published ESPN ownership data was fetched during this audit.
5,live ADP source refresh drift,draft-board,22486,Tommy Tremble,TE,adp,170.03,170.02,DB snapshot is 2026-07-28T17:38:31.888534+00:00; published ESPN ownership data was fetched during this audit.
5,live ADP source refresh drift,draft-board,22486,Tommy Tremble,TE,percent_owned,0.28,0.27,DB snapshot is 2026-07-28T17:38:31.888534+00:00; published ESPN ownership data was fetched during this audit.
5,live ADP source refresh drift,draft-board,22511,Jeremiah Trotter Jr.,LB,percent_owned,1.48,1.47,DB snapshot is 2026-07-28T17:38:31.888534+00:00; published ESPN ownership data was fetched during this audit.
5,live ADP source refresh drift,draft-board,22512,Josiah Trotter,LB,percent_owned,5.51,5.48,DB snapshot is 2026-07-28T17:38:31.888534+00:00; published ESPN ownership data was fetched during this audit.
5,live ADP source refresh drift,draft-board,22562,Sean Tucker,RB,adp,170.21,170.19,DB snapshot is 2026-07-28T17:38:31.888534+00:00; published ESPN ownership data was fetched during this audit.
5,live ADP source refresh drift,draft-board,22562,Sean Tucker,RB,percent_owned,0.71,0.7,DB snapshot is 2026-07-28T17:38:31.888534+00:00; published ESPN ownership data was fetched during this audit.
5,live ADP source refresh drift,draft-board,22566,Tre Tucker,WR,adp,168.31,168.3,DB snapshot is 2026-07-28T17:38:31.888534+00:00; published ESPN ownership data was fetched during this audit.
5,live ADP source refresh drift,draft-board,22566,Tre Tucker,WR,percent_owned,10.54,10.57,DB snapshot is 2026-07-28T17:38:31.888534+00:00; published ESPN ownership data was fetched during this audit.
5,live ADP source refresh drift,draft-board,22582,JT Tuimoloau,DE,adp,171.08,171.05,DB snapshot is 2026-07-28T17:38:31.888534+00:00; published ESPN ownership data was fetched during this audit.
5,live ADP source refresh drift,draft-board,22591,Tuli Tuipulotu,LB,adp,156.11,155.57,DB snapshot is 2026-07-28T17:38:31.888534+00:00; published ESPN ownership data was fetched during this audit.
5,live ADP source refresh drift,draft-board,22591,Tuli Tuipulotu,LB,percent_owned,47.19,47.17,DB snapshot is 2026-07-28T17:38:31.888534+00:00; published ESPN ownership data was fetched during this audit.
5,live ADP source refresh drift,draft-board,22607,Josh Tupou,DT,adp,174.07,173.94,DB snapshot is 2026-07-28T17:38:31.888534+00:00; published ESPN ownership data was fetched during this audit.
5,live ADP source refresh drift,draft-board,22622,DJ Turner II,CB,adp,172.5,172.44,DB snapshot is 2026-07-28T17:38:31.888534+00:00; published ESPN ownership data was fetched during this audit.
5,live ADP source refresh drift,draft-board,22622,DJ Turner II,CB,percent_owned,3.76,3.75,DB snapshot is 2026-07-28T17:38:31.888534+00:00; published ESPN ownership data was fetched during this audit.
5,live ADP source refresh drift,draft-board,22623,Dallas Turner,LB,adp,161.96,161.91,DB snapshot is 2026-07-28T17:38:31.888534+00:00; published ESPN ownership data was fetched during this audit.
5,live ADP source refresh drift,draft-board,22623,Dallas Turner,LB,percent_owned,40.27,40.13,DB snapshot is 2026-07-28T17:38:31.888534+00:00; published ESPN ownership data was fetched during this audit.
5,live ADP source refresh drift,draft-board,22642,Jordan Turner,LB,adp,170.61,170.59,DB snapshot is 2026-07-28T17:38:31.888534+00:00; published ESPN ownership data was fetched during this audit.
5,live ADP source refresh drift,draft-board,22642,Jordan Turner,LB,percent_owned,0.66,0.65,DB snapshot is 2026-07-28T17:38:31.888534+00:00; published ESPN ownership data was fetched during this audit.
5,live ADP source refresh drift,draft-board,22645,Kobie Turner,DE,adp,173.71,173.6,DB snapshot is 2026-07-28T17:38:31.888534+00:00; published ESPN ownership data was fetched during this audit.
5,live ADP source refresh drift,draft-board,22645,Kobie Turner,DE,percent_owned,9.85,9.8,DB snapshot is 2026-07-28T17:38:31.888534+00:00; published ESPN ownership data was fetched during this audit.
5,live ADP source refresh drift,draft-board,22660,Payton Turner,DE,percent_owned,0.32,0.31,DB snapshot is 2026-07-28T17:38:31.888534+00:00; published ESPN ownership data was fetched during this audit.
5,live ADP source refresh drift,draft-board,22683,Bhayshul Tuten,RB,adp,75.7,75.75,DB snapshot is 2026-07-28T17:38:31.888534+00:00; published ESPN ownership data was fetched during this audit.
5,live ADP source refresh drift,draft-board,22691,Shy Tuttle,DT,adp,170.72,170.7,DB snapshot is 2026-07-28T17:38:31.888534+00:00; published ESPN ownership data was fetched during this audit.
5,live ADP source refresh drift,draft-board,22715,Jordyn Tyson,WR,adp,96.98,96.99,DB snapshot is 2026-07-28T17:38:31.888534+00:00; published ESPN ownership data was fetched during this audit.
5,live ADP source refresh drift,draft-board,22718,Joshua Uche,LB,adp,170.8,170.77,DB snapshot is 2026-07-28T17:38:31.888534+00:00; published ESPN ownership data was fetched during this audit.
5,live ADP source refresh drift,draft-board,22718,Joshua Uche,LB,percent_owned,1.11,1.1,DB snapshot is 2026-07-28T17:38:31.888534+00:00; published ESPN ownership data was fetched during this audit.
5,live ADP source refresh drift,draft-board,22736,Princely Umanmielen,LB,percent_owned,0.48,0.39,DB snapshot is 2026-07-28T17:38:31.888534+00:00; published ESPN ownership data was fetched during this audit.
5,live ADP source refresh drift,draft-board,22777,Eyioma Uwazurike,DE,adp,171.34,171.29,DB snapshot is 2026-07-28T17:38:31.888534+00:00; published ESPN ownership data was fetched during this audit.
5,live ADP source refresh drift,draft-board,22777,Eyioma Uwazurike,DE,percent_owned,0.43,0.51,DB snapshot is 2026-07-28T17:38:31.888534+00:00; published ESPN ownership data was fetched during this audit.
5,live ADP source refresh drift,draft-board,22790,Marquez Valdes-Scantling,WR,adp,169.99,169.98,DB snapshot is 2026-07-28T17:38:31.888534+00:00; published ESPN ownership data was fetched during this audit.
5,live ADP source refresh drift,draft-board,22815,Andrew Van Ginkel,LB,adp,136.58,137.03,DB snapshot is 2026-07-28T17:38:31.888534+00:00; published ESPN ownership data was fetched during this audit.
5,live ADP source refresh drift,draft-board,22815,Andrew Van Ginkel,LB,percent_owned,66.51,66.3,DB snapshot is 2026-07-28T17:38:31.888534+00:00; published ESPN ownership data was fetched during this audit.
5,live ADP source refresh drift,draft-board,22820,Lukas Van Ness,DE,adp,175.36,175.21,DB snapshot is 2026-07-28T17:38:31.888534+00:00; published ESPN ownership data was fetched during this audit.
5,live ADP source refresh drift,draft-board,22820,Lukas Van Ness,DE,percent_owned,6.1,6.06,DB snapshot is 2026-07-28T17:38:31.888534+00:00; published ESPN ownership data was fetched during this audit.
5,live ADP source refresh drift,draft-board,22886,Vita Vea,DT,adp,166.85,166.7,DB snapshot is 2026-07-28T17:38:31.888534+00:00; published ESPN ownership data was fetched during this audit.
5,live ADP source refresh drift,draft-board,22886,Vita Vea,DT,percent_owned,6.6,6.73,DB snapshot is 2026-07-28T17:38:31.888534+00:00; published ESPN ownership data was fetched during this audit.
5,live ADP source refresh drift,draft-board,22900,Devaughn Vele,WR,adp,170.87,170.88,DB snapshot is 2026-07-28T17:38:31.888534+00:00; published ESPN ownership data was fetched during this audit.
5,live ADP source refresh drift,draft-board,22900,Devaughn Vele,WR,percent_owned,0.93,0.94,DB snapshot is 2026-07-28T17:38:31.888534+00:00; published ESPN ownership data was fetched during this audit.
5,live ADP source refresh drift,draft-board,22929,Jared Verse,DE,adp,167.87,167.93,DB snapshot is 2026-07-28T17:38:31.888534+00:00; published ESPN ownership data was fetched during this audit.
5,live ADP source refresh drift,draft-board,22929,Jared Verse,DE,percent_owned,37.03,36.82,DB snapshot is 2026-07-28T17:38:31.888534+00:00; published ESPN ownership data was fetched during this audit.
5,live ADP source refresh drift,draft-board,22955,Kindle Vildor,CB,adp,171.79,171.75,DB snapshot is 2026-07-28T17:38:31.888534+00:00; published ESPN ownership data was fetched during this audit.
5,live ADP source refresh drift,draft-board,23019,Jaylen Waddle,WR,adp,59.16,59.17,DB snapshot is 2026-07-28T17:38:31.888534+00:00; published ESPN ownership data was fetched during this audit.
5,live ADP source refresh drift,draft-board,23019,Jaylen Waddle,WR,percent_owned,95.53,95.52,DB snapshot is 2026-07-28T17:38:31.888534+00:00; published ESPN ownership data was fetched during this audit.
5,live ADP source refresh drift,draft-board,23098,Deone Walker,DT,adp,171.06,171.03,DB snapshot is 2026-07-28T17:38:31.888534+00:00; published ESPN ownership data was fetched during this audit.
5,live ADP source refresh drift,draft-board,23098,Deone Walker,DT,percent_owned,1.37,1.36,DB snapshot is 2026-07-28T17:38:31.888534+00:00; published ESPN ownership data was fetched during this audit.
5,live ADP source refresh drift,draft-board,23101,Devontez Walker,WR,adp,169.95,169.94,DB snapshot is 2026-07-28T17:38:31.888534+00:00; published ESPN ownership data was fetched during this audit.
5,live ADP source refresh drift,draft-board,23117,Jalon Walker,LB,adp,177.58,177.36,DB snapshot is 2026-07-28T17:38:31.888534+00:00; published ESPN ownership data was fetched during this audit.
5,live ADP source refresh drift,draft-board,23117,Jalon Walker,LB,percent_owned,9.11,9.06,DB snapshot is 2026-07-28T17:38:31.888534+00:00; published ESPN ownership data was fetched during this audit.
5,live ADP source refresh drift,draft-board,23120,Quay Walker,LB,adp,163.31,162.75,DB snapshot is 2026-07-28T17:38:31.888534+00:00; published ESPN ownership data was fetched during this audit.
5,live ADP source refresh drift,draft-board,23120,Quay Walker,LB,percent_owned,47.13,47.06,DB snapshot is 2026-07-28T17:38:31.888534+00:00; published ESPN ownership data was fetched during this audit.
5,live ADP source refresh drift,draft-board,23131,Kenneth Walker III,RB,adp,28.64,28.63,DB snapshot is 2026-07-28T17:38:31.888534+00:00; published ESPN ownership data was fetched during this audit.
5,live ADP source refresh drift,draft-board,23163,Travon Walker,DE,adp,176.54,176.35,DB snapshot is 2026-07-28T17:38:31.888534+00:00; published ESPN ownership data was fetched during this audit.
5,live ADP source refresh drift,draft-board,23194,Trevin Wallace,LB,adp,177.35,177.16,DB snapshot is 2026-07-28T17:38:31.888534+00:00; published ESPN ownership data was fetched during this audit.
5,live ADP source refresh drift,draft-board,23194,Trevin Wallace,LB,percent_owned,7.23,7.2,DB snapshot is 2026-07-28T17:38:31.888534+00:00; published ESPN ownership data was fetched during this audit.
5,live ADP source refresh drift,draft-board,23199,Justin Walley,CB,adp,171.56,171.53,DB snapshot is 2026-07-28T17:38:31.888534+00:00; published ESPN ownership data was fetched during this audit.
5,live ADP source refresh drift,draft-board,23258,Cam Ward,QB,percent_owned,8.4,8.41,DB snapshot is 2026-07-28T17:38:31.888534+00:00; published ESPN ownership data was fetched during this audit.
5,live ADP source refresh drift,draft-board,23261,Charvarius Ward,CB,percent_owned,2.67,2.65,DB snapshot is 2026-07-28T17:38:31.888534+00:00; published ESPN ownership data was fetched during this audit.
5,live ADP source refresh drift,draft-board,23266,Denzel Ward,CB,adp,169.5,169.51,DB snapshot is 2026-07-28T17:38:31.888534+00:00; published ESPN ownership data was fetched during this audit.
5,live ADP source refresh drift,draft-board,23266,Denzel Ward,CB,percent_owned,4.0,3.98,DB snapshot is 2026-07-28T17:38:31.888534+00:00; published ESPN ownership data was fetched during this audit.
5,live ADP source refresh drift,draft-board,23307,Fred Warner,LB,adp,77.52,77.0,DB snapshot is 2026-07-28T17:38:31.888534+00:00; published ESPN ownership data was fetched during this audit.
5,live ADP source refresh drift,draft-board,23307,Fred Warner,LB,percent_owned,91.46,91.58,DB snapshot is 2026-07-28T17:38:31.888534+00:00; published ESPN ownership data was fetched during this audit.
5,live ADP source refresh drift,draft-board,23316,Jaylen Warren,RB,adp,100.35,100.38,DB snapshot is 2026-07-28T17:38:31.888534+00:00; published ESPN ownership data was fetched during this audit.
5,live ADP source refresh drift,draft-board,23316,Jaylen Warren,RB,percent_owned,88.06,88.04,DB snapshot is 2026-07-28T17:38:31.888534+00:00; published ESPN ownership data was fetched during this audit.
5,live ADP source refresh drift,draft-board,23345,Ar'Darius Washington,S,adp,170.8,170.78,DB snapshot is 2026-07-28T17:38:31.888534+00:00; published ESPN ownership data was fetched during this audit.
5,live ADP source refresh drift,draft-board,23348,Broderick Washington,DT,adp,171.36,171.31,DB snapshot is 2026-07-28T17:38:31.888534+00:00; published ESPN ownership data was fetched during this audit.
5,live ADP source refresh drift,draft-board,23355,Parker Washington,WR,adp,100.52,100.54,DB snapshot is 2026-07-28T17:38:31.888534+00:00; published ESPN ownership data was fetched during this audit.
5,live ADP source refresh drift,draft-board,23355,Parker Washington,WR,percent_owned,86.26,86.25,DB snapshot is 2026-07-28T17:38:31.888534+00:00; published ESPN ownership data was fetched during this audit.
5,live ADP source refresh drift,draft-board,23360,Darnell Washington,TE,adp,169.78,169.77,DB snapshot is 2026-07-28T17:38:31.888534+00:00; published ESPN ownership data was fetched during this audit.
5,live ADP source refresh drift,draft-board,23387,Malik Washington,WR,adp,170.07,170.06,DB snapshot is 2026-07-28T17:38:31.888534+00:00; published ESPN ownership data was fetched during this audit.
5,live ADP source refresh drift,draft-board,23387,Malik Washington,WR,percent_owned,2.74,2.75,DB snapshot is 2026-07-28T17:38:31.888534+00:00; published ESPN ownership data was fetched during this audit.
5,live ADP source refresh drift,draft-board,23393,Mike Washington,RB,adp,170.19,170.18,DB snapshot is 2026-07-28T17:38:31.888534+00:00; published ESPN ownership data was fetched during this audit.
5,live ADP source refresh drift,draft-board,23435,Jordan Watkins,WR,percent_owned,0.05,0.04,DB snapshot is 2026-07-28T17:38:31.888534+00:00; published ESPN ownership data was fetched during this audit.
5,live ADP source refresh drift,draft-board,23446,Christian Watson,WR,adp,96.9,96.93,DB snapshot is 2026-07-28T17:38:31.888534+00:00; published ESPN ownership data was fetched during this audit.
5,live ADP source refresh drift,draft-board,23446,Christian Watson,WR,percent_owned,87.93,87.92,DB snapshot is 2026-07-28T17:38:31.888534+00:00; published ESPN ownership data was fetched during this audit.
5,live ADP source refresh drift,draft-board,23449,Deshaun Watson,QB,adp,170.1,170.09,DB snapshot is 2026-07-28T17:38:31.888534+00:00; published ESPN ownership data was fetched during this audit.
5,live ADP source refresh drift,draft-board,23449,Deshaun Watson,QB,percent_owned,1.41,1.4,DB snapshot is 2026-07-28T17:38:31.888534+00:00; published ESPN ownership data was fetched during this audit.
5,live ADP source refresh drift,draft-board,23456,Jaylen Watson,CB,adp,175.24,175.11,DB snapshot is 2026-07-28T17:38:31.888534+00:00; published ESPN ownership data was fetched during this audit.
5,live ADP source refresh drift,draft-board,23456,Jaylen Watson,CB,percent_owned,4.71,4.68,DB snapshot is 2026-07-28T17:38:31.888534+00:00; published ESPN ownership data was fetched during this audit.
5,live ADP source refresh drift,draft-board,23476,T.J. Watt,LB,adp,141.66,140.91,DB snapshot is 2026-07-28T17:38:31.888534+00:00; published ESPN ownership data was fetched during this audit.
5,live ADP source refresh drift,draft-board,23476,T.J. Watt,LB,percent_owned,61.6,61.5,DB snapshot is 2026-07-28T17:38:31.888534+00:00; published ESPN ownership data was fetched during this audit.
5,live ADP source refresh drift,draft-board,23500,Xavier Watts,S,adp,177.62,177.43,DB snapshot is 2026-07-28T17:38:31.888534+00:00; published ESPN ownership data was fetched during this audit.
5,live ADP source refresh drift,draft-board,23500,Xavier Watts,S,percent_owned,13.61,13.54,DB snapshot is 2026-07-28T17:38:31.888534+00:00; published ESPN ownership data was fetched during this audit.
5,live ADP source refresh drift,draft-board,23656,Pete Werner,LB,percent_owned,4.77,4.74,DB snapshot is 2026-07-28T17:38:31.888534+00:00; published ESPN ownership data was fetched during this audit.
5,live ADP source refresh drift,draft-board,23669,CJ West,DT,percent_owned,0.69,0.68,DB snapshot is 2026-07-28T17:38:31.888534+00:00; published ESPN ownership data was fetched during this audit.
5,live ADP source refresh drift,draft-board,23692,Nick Westbrook-Ikhine,WR,adp,170.31,170.29,DB snapshot is 2026-07-28T17:38:31.888534+00:00; published ESPN ownership data was fetched during this audit.
5,live ADP source refresh drift,draft-board,23720,Tershawn Wharton,DT,adp,179.81,179.5,DB snapshot is 2026-07-28T17:38:31.888534+00:00; published ESPN ownership data was fetched during this audit.
5,live ADP source refresh drift,draft-board,23720,Tershawn Wharton,DT,percent_owned,4.28,4.26,DB snapshot is 2026-07-28T17:38:31.888534+00:00; published ESPN ownership data was fetched during this audit.
5,live ADP source refresh drift,draft-board,23721,Tyrus Wheat,LB,adp,170.33,170.32,DB snapshot is 2026-07-28T17:38:31.888534+00:00; published ESPN ownership data was fetched during this audit.
5,live ADP source refresh drift,draft-board,23793,Keion White,DE,percent_owned,0.32,0.31,DB snapshot is 2026-07-28T17:38:31.888534+00:00; published ESPN ownership data was fetched during this audit.
5,live ADP source refresh drift,draft-board,23814,Rachaad White,RB,adp,122.03,122.07,DB snapshot is 2026-07-28T17:38:31.888534+00:00; published ESPN ownership data was fetched during this audit.
5,live ADP source refresh drift,draft-board,23814,Rachaad White,RB,percent_owned,84.29,84.27,DB snapshot is 2026-07-28T17:38:31.888534+00:00; published ESPN ownership data was fetched during this audit.
5,live ADP source refresh drift,draft-board,23895,Jordan Whittington,WR,adp,169.93,169.92,DB snapshot is 2026-07-28T17:38:31.888534+00:00; published ESPN ownership data was fetched during this audit.
5,live ADP source refresh drift,draft-board,23909,Dontayvion Wicks,WR,adp,170.31,170.32,DB snapshot is 2026-07-28T17:38:31.888534+00:00; published ESPN ownership data was fetched during this audit.
5,live ADP source refresh drift,draft-board,23909,Dontayvion Wicks,WR,percent_owned,0.96,0.97,DB snapshot is 2026-07-28T17:38:31.888534+00:00; published ESPN ownership data was fetched during this audit.
5,live ADP source refresh drift,draft-board,23924,Nate Wiggins,CB,adp,178.6,177.89,DB snapshot is 2026-07-28T17:38:31.888534+00:00; published ESPN ownership data was fetched during this audit.
5,live ADP source refresh drift,draft-board,23924,Nate Wiggins,CB,percent_owned,12.08,12.1,DB snapshot is 2026-07-28T17:38:31.888534+00:00; published ESPN ownership data was fetched during this audit.
5,live ADP source refresh drift,draft-board,24008,Antonio Williams,WR,adp,169.66,169.67,DB snapshot is 2026-07-28T17:38:31.888534+00:00; published ESPN ownership data was fetched during this audit.
5,live ADP source refresh drift,draft-board,24048,C.J. Williams,WR,percent_owned,0.04,0.03,DB snapshot is 2026-07-28T17:38:31.888534+00:00; published ESPN ownership data was fetched during this audit.
5,live ADP source refresh drift,draft-board,24099,Dorian Williams,LB,adp,174.94,174.82,DB snapshot is 2026-07-28T17:38:31.888534+00:00; published ESPN ownership data was fetched during this audit.
5,live ADP source refresh drift,draft-board,24099,Dorian Williams,LB,percent_owned,4.77,4.74,DB snapshot is 2026-07-28T17:38:31.888534+00:00; published ESPN ownership data was fetched during this audit.
5,live ADP source refresh drift,draft-board,24113,Elijah Williams,DE,adp,170.0,169.8,DB snapshot is 2026-07-28T17:38:31.888534+00:00; published ESPN ownership data was fetched during this audit.
5,live ADP source refresh drift,draft-board,24113,Elijah Williams,DE,percent_owned,0.17,0.26,DB snapshot is 2026-07-28T17:38:31.888534+00:00; published ESPN ownership data was fetched during this audit.
5,live ADP source refresh drift,draft-board,24121,Evan Williams,S,adp,176.38,176.22,DB snapshot is 2026-07-28T17:38:31.888534+00:00; published ESPN ownership data was fetched during this audit.
5,live ADP source refresh drift,draft-board,24121,Evan Williams,S,percent_owned,10.33,10.28,DB snapshot is 2026-07-28T17:38:31.888534+00:00; published ESPN ownership data was fetched during this audit.
5,live ADP source refresh drift,draft-board,24125,Garrett Williams,CB,adp,170.6,170.59,DB snapshot is 2026-07-28T17:38:31.888534+00:00; published ESPN ownership data was fetched during this audit.
5,live ADP source refresh drift,draft-board,24164,Jameson Williams,WR,adp,66.33,66.35,DB snapshot is 2026-07-28T17:38:31.888534+00:00; published ESPN ownership data was fetched during this audit.
5,live ADP source refresh drift,draft-board,24164,Jameson Williams,WR,percent_owned,94.2,94.19,DB snapshot is 2026-07-28T17:38:31.888534+00:00; published ESPN ownership data was fetched during this audit.
5,live ADP source refresh drift,draft-board,24172,Javonte Williams,RB,adp,37.13,37.15,DB snapshot is 2026-07-28T17:38:31.888534+00:00; published ESPN ownership data was fetched during this audit.
5,live ADP source refresh drift,draft-board,24200,Joshua Williams,CB,adp,171.57,171.54,DB snapshot is 2026-07-28T17:38:31.888534+00:00; published ESPN ownership data was fetched during this audit.
5,live ADP source refresh drift,draft-board,24200,Joshua Williams,CB,percent_owned,0.24,0.23,DB snapshot is 2026-07-28T17:38:31.888534+00:00; published ESPN ownership data was fetched during this audit.
5,live ADP source refresh drift,draft-board,24226,Kyle Williams,WR,percent_owned,0.59,0.58,DB snapshot is 2026-07-28T17:38:31.888534+00:00; published ESPN ownership data was fetched during this audit.
5,live ADP source refresh drift,draft-board,24227,Kyren Williams,RB,adp,39.84,39.85,DB snapshot is 2026-07-28T17:38:31.888534+00:00; published ESPN ownership data was fetched during this audit.
5,live ADP source refresh drift,draft-board,24236,Leonard Williams,DT,adp,182.92,182.45,DB snapshot is 2026-07-28T17:38:31.888534+00:00; published ESPN ownership data was fetched during this audit.
5,live ADP source refresh drift,draft-board,24236,Leonard Williams,DT,percent_owned,24.51,24.53,DB snapshot is 2026-07-28T17:38:31.888534+00:00; published ESPN ownership data was fetched during this audit.
5,live ADP source refresh drift,draft-board,24270,Milton Williams,DT,adp,183.7,182.46,DB snapshot is 2026-07-28T17:38:31.888534+00:00; published ESPN ownership data was fetched during this audit.
5,live ADP source refresh drift,draft-board,24270,Milton Williams,DT,percent_owned,17.91,18.06,DB snapshot is 2026-07-28T17:38:31.888534+00:00; published ESPN ownership data was fetched during this audit.
5,live ADP source refresh drift,draft-board,24271,Mykel Williams,DE,adp,170.93,170.91,DB snapshot is 2026-07-28T17:38:31.888534+00:00; published ESPN ownership data was fetched during this audit.
5,live ADP source refresh drift,draft-board,24271,Mykel Williams,DE,percent_owned,4.12,4.09,DB snapshot is 2026-07-28T17:38:31.888534+00:00; published ESPN ownership data was fetched during this audit.
5,live ADP source refresh drift,draft-board,24275,Nohl Williams,CB,adp,171.22,171.19,DB snapshot is 2026-07-28T17:38:31.888534+00:00; published ESPN ownership data was fetched during this audit.
5,live ADP source refresh drift,draft-board,24285,Quincy Williams,LB,adp,175.96,175.82,DB snapshot is 2026-07-28T17:38:31.888534+00:00; published ESPN ownership data was fetched during this audit.
5,live ADP source refresh drift,draft-board,24285,Quincy Williams,LB,percent_owned,16.6,16.43,DB snapshot is 2026-07-28T17:38:31.888534+00:00; published ESPN ownership data was fetched during this audit.
5,live ADP source refresh drift,draft-board,24286,Quinnen Williams,DT,adp,148.45,148.0,DB snapshot is 2026-07-28T17:38:31.888534+00:00; published ESPN ownership data was fetched during this audit.
5,live ADP source refresh drift,draft-board,24286,Quinnen Williams,DT,percent_owned,50.21,50.26,DB snapshot is 2026-07-28T17:38:31.888534+00:00; published ESPN ownership data was fetched during this audit.
5,live ADP source refresh drift,draft-board,24323,Savion Williams,WR,adp,170.23,170.22,DB snapshot is 2026-07-28T17:38:31.888534+00:00; published ESPN ownership data was fetched during this audit.
5,live ADP source refresh drift,draft-board,24323,Savion Williams,WR,percent_owned,0.66,0.65,DB snapshot is 2026-07-28T17:38:31.888534+00:00; published ESPN ownership data was fetched during this audit.
5,live ADP source refresh drift,draft-board,24359,Tyleik Williams,DT,adp,170.26,170.25,DB snapshot is 2026-07-28T17:38:31.888534+00:00; published ESPN ownership data was fetched during this audit.
5,live ADP source refresh drift,draft-board,24359,Tyleik Williams,DT,percent_owned,1.2,1.19,DB snapshot is 2026-07-28T17:38:31.888534+00:00; published ESPN ownership data was fetched during this audit.
5,live ADP source refresh drift,draft-board,24374,Wesley Williams,DE,adp,171.48,171.43,DB snapshot is 2026-07-28T17:38:31.888534+00:00; published ESPN ownership data was fetched during this audit.
5,live ADP source refresh drift,draft-board,24374,Wesley Williams,DE,percent_owned,0.32,0.31,DB snapshot is 2026-07-28T17:38:31.888534+00:00; published ESPN ownership data was fetched during this audit.
5,live ADP source refresh drift,draft-board,24412,Malik Willis,QB,adp,166.5,166.52,DB snapshot is 2026-07-28T17:38:31.888534+00:00; published ESPN ownership data was fetched during this audit.
5,live ADP source refresh drift,draft-board,24461,Emanuel Wilson,RB,adp,170.67,170.66,DB snapshot is 2026-07-28T17:38:31.888534+00:00; published ESPN ownership data was fetched during this audit.
5,live ADP source refresh drift,draft-board,24461,Emanuel Wilson,RB,percent_owned,1.42,1.41,DB snapshot is 2026-07-28T17:38:31.888534+00:00; published ESPN ownership data was fetched during this audit.
5,live ADP source refresh drift,draft-board,24463,Eric Wilson,LB,adp,175.09,174.96,DB snapshot is 2026-07-28T17:38:31.888534+00:00; published ESPN ownership data was fetched during this audit.
5,live ADP source refresh drift,draft-board,24463,Eric Wilson,LB,percent_owned,11.83,11.77,DB snapshot is 2026-07-28T17:38:31.888534+00:00; published ESPN ownership data was fetched during this audit.
5,live ADP source refresh drift,draft-board,24503,Mack Wilson,LB,adp,175.81,175.67,DB snapshot is 2026-07-28T17:38:31.888534+00:00; published ESPN ownership data was fetched during this audit.
5,live ADP source refresh drift,draft-board,24503,Mack Wilson,LB,percent_owned,19.39,19.3,DB snapshot is 2026-07-28T17:38:31.888534+00:00; published ESPN ownership data was fetched during this audit.
5,live ADP source refresh drift,draft-board,24510,Michael Wilson,WR,adp,112.94,112.92,DB snapshot is 2026-07-28T17:38:31.888534+00:00; published ESPN ownership data was fetched during this audit.
5,live ADP source refresh drift,draft-board,24510,Michael Wilson,WR,percent_owned,84.81,84.8,DB snapshot is 2026-07-28T17:38:31.888534+00:00; published ESPN ownership data was fetched during this audit.
5,live ADP source refresh drift,draft-board,24515,Payton Wilson,LB,adp,171.07,171.04,DB snapshot is 2026-07-28T17:38:31.888534+00:00; published ESPN ownership data was fetched during this audit.
5,live ADP source refresh drift,draft-board,24515,Payton Wilson,LB,percent_owned,7.81,7.77,DB snapshot is 2026-07-28T17:38:31.888534+00:00; published ESPN ownership data was fetched during this audit.
5,live ADP source refresh drift,draft-board,24524,Roman Wilson,WR,percent_owned,0.2,0.19,DB snapshot is 2026-07-28T17:38:31.888534+00:00; published ESPN ownership data was fetched during this audit.
5,live ADP source refresh drift,draft-board,24572,Antoine Winfield Jr.,S,adp,175.51,175.37,DB snapshot is 2026-07-28T17:38:31.888534+00:00; published ESPN ownership data was fetched during this audit.
5,live ADP source refresh drift,draft-board,24572,Antoine Winfield Jr.,S,percent_owned,31.15,31.0,DB snapshot is 2026-07-28T17:38:31.888534+00:00; published ESPN ownership data was fetched during this audit.
5,live ADP source refresh drift,draft-board,24578,Andrew Wingard,S,percent_owned,2.05,2.04,DB snapshot is 2026-07-28T17:38:31.888534+00:00; published ESPN ownership data was fetched during this audit.
5,live ADP source refresh drift,draft-board,24606,Kevin Winston Jr.,S,adp,170.62,170.61,DB snapshot is 2026-07-28T17:38:31.888534+00:00; published ESPN ownership data was fetched during this audit.
5,live ADP source refresh drift,draft-board,24606,Kevin Winston Jr.,S,percent_owned,4.18,4.16,DB snapshot is 2026-07-28T17:38:31.888534+00:00; published ESPN ownership data was fetched during this audit.
5,live ADP source refresh drift,draft-board,24612,Dee Winters,LB,adp,173.84,173.75,DB snapshot is 2026-07-28T17:38:31.888534+00:00; published ESPN ownership data was fetched during this audit.
5,live ADP source refresh drift,draft-board,24612,Dee Winters,LB,percent_owned,8.71,8.67,DB snapshot is 2026-07-28T17:38:31.888534+00:00; published ESPN ownership data was fetched during this audit.
5,live ADP source refresh drift,draft-board,24618,Rashad Wisdom,S,percent_owned,0.25,0.24,DB snapshot is 2026-07-28T17:38:31.888534+00:00; published ESPN ownership data was fetched during this audit.
5,live ADP source refresh drift,draft-board,24621,Deatrich Wise,DE,adp,174.22,174.08,DB snapshot is 2026-07-28T17:38:31.888534+00:00; published ESPN ownership data was fetched during this audit.
5,live ADP source refresh drift,draft-board,24621,Deatrich Wise,DE,percent_owned,0.76,0.75,DB snapshot is 2026-07-28T17:38:31.888534+00:00; published ESPN ownership data was fetched during this audit.
5,live ADP source refresh drift,draft-board,24637,Devon Witherspoon,CB,adp,146.49,145.76,DB snapshot is 2026-07-28T17:38:31.888534+00:00; published ESPN ownership data was fetched during this audit.
5,live ADP source refresh drift,draft-board,24637,Devon Witherspoon,CB,percent_owned,56.31,56.52,DB snapshot is 2026-07-28T17:38:31.888534+00:00; published ESPN ownership data was fetched during this audit.
5,live ADP source refresh drift,draft-board,24681,D.J. Wonnum,LB,percent_owned,2.93,2.91,DB snapshot is 2026-07-28T17:38:31.888534+00:00; published ESPN ownership data was fetched during this audit.
5,live ADP source refresh drift,draft-board,24701,Wade Woodaz,LB,adp,170.52,170.51,DB snapshot is 2026-07-28T17:38:31.888534+00:00; published ESPN ownership data was fetched during this audit.
5,live ADP source refresh drift,draft-board,24706,Colby Wooden,DT,adp,171.63,171.58,DB snapshot is 2026-07-28T17:38:31.888534+00:00; published ESPN ownership data was fetched during this audit.
5,live ADP source refresh drift,draft-board,24723,Charles Woods,CB,adp,171.73,171.68,DB snapshot is 2026-07-28T17:38:31.888534+00:00; published ESPN ownership data was fetched during this audit.
5,live ADP source refresh drift,draft-board,24740,Peter Woods,DT,adp,171.15,171.12,DB snapshot is 2026-07-28T17:38:31.888534+00:00; published ESPN ownership data was fetched during this audit.
5,live ADP source refresh drift,draft-board,24740,Peter Woods,DT,percent_owned,2.23,2.21,DB snapshot is 2026-07-28T17:38:31.888534+00:00; published ESPN ownership data was fetched during this audit.
5,live ADP source refresh drift,draft-board,24754,Craig Woodson,S,adp,179.12,178.89,DB snapshot is 2026-07-28T17:38:31.888534+00:00; published ESPN ownership data was fetched during this audit.
5,live ADP source refresh drift,draft-board,24754,Craig Woodson,S,percent_owned,7.7,7.67,DB snapshot is 2026-07-28T17:38:31.888534+00:00; published ESPN ownership data was fetched during this audit.
5,live ADP source refresh drift,draft-board,24762,Riq Woolen,CB,percent_owned,2.12,2.11,DB snapshot is 2026-07-28T17:38:31.888534+00:00; published ESPN ownership data was fetched during this audit.
5,live ADP source refresh drift,draft-board,24802,Xavier Worthy,WR,adp,139.84,139.85,DB snapshot is 2026-07-28T17:38:31.888534+00:00; published ESPN ownership data was fetched during this audit.
5,live ADP source refresh drift,draft-board,24802,Xavier Worthy,WR,percent_owned,80.69,80.68,DB snapshot is 2026-07-28T17:38:31.888534+00:00; published ESPN ownership data was fetched during this audit.
5,live ADP source refresh drift,draft-board,24816,Alex Wright,DE,adp,177.61,177.39,DB snapshot is 2026-07-28T17:38:31.888534+00:00; published ESPN ownership data was fetched during this audit.
5,live ADP source refresh drift,draft-board,24816,Alex Wright,DE,percent_owned,5.86,5.83,DB snapshot is 2026-07-28T17:38:31.888534+00:00; published ESPN ownership data was fetched during this audit.
5,live ADP source refresh drift,draft-board,24820,Brock Wright,TE,percent_owned,0.15,0.14,DB snapshot is 2026-07-28T17:38:31.888534+00:00; published ESPN ownership data was fetched during this audit.
5,live ADP source refresh drift,draft-board,24845,Jaylen Wright,RB,adp,170.13,170.12,DB snapshot is 2026-07-28T17:38:31.888534+00:00; published ESPN ownership data was fetched during this audit.
5,live ADP source refresh drift,draft-board,24864,Nahshon Wright,CB,adp,170.78,170.77,DB snapshot is 2026-07-28T17:38:31.888534+00:00; published ESPN ownership data was fetched during this audit.
5,live ADP source refresh drift,draft-board,24864,Nahshon Wright,CB,percent_owned,5.1,5.07,DB snapshot is 2026-07-28T17:38:31.888534+00:00; published ESPN ownership data was fetched during this audit.
5,live ADP source refresh drift,draft-board,24894,Devonte Wyatt,DT,adp,178.78,178.5,DB snapshot is 2026-07-28T17:38:31.888534+00:00; published ESPN ownership data was fetched during this audit.
5,live ADP source refresh drift,draft-board,24894,Devonte Wyatt,DT,percent_owned,8.23,8.18,DB snapshot is 2026-07-28T17:38:31.888534+00:00; published ESPN ownership data was fetched during this audit.
5,live ADP source refresh drift,draft-board,24927,Rock Ya-Sin,CB,adp,170.27,170.26,DB snapshot is 2026-07-28T17:38:31.888534+00:00; published ESPN ownership data was fetched during this audit.
5,live ADP source refresh drift,draft-board,24927,Rock Ya-Sin,CB,percent_owned,1.65,1.64,DB snapshot is 2026-07-28T17:38:31.888534+00:00; published ESPN ownership data was fetched during this audit.
5,live ADP source refresh drift,draft-board,24959,Isaac Yiadom,CB,percent_owned,0.71,0.7,DB snapshot is 2026-07-28T17:38:31.888534+00:00; published ESPN ownership data was fetched during this audit.
5,live ADP source refresh drift,draft-board,24961,Cade York,PK,percent_owned,0.15,0.14,DB snapshot is 2026-07-28T17:38:31.888534+00:00; published ESPN ownership data was fetched during this audit.
5,live ADP source refresh drift,draft-board,24973,Bryce Young,QB,adp,168.37,168.36,DB snapshot is 2026-07-28T17:38:31.888534+00:00; published ESPN ownership data was fetched during this audit.
5,live ADP source refresh drift,draft-board,24975,Byron Young,LB,adp,170.69,170.5,DB snapshot is 2026-07-28T17:38:31.888534+00:00; published ESPN ownership data was fetched during this audit.
5,live ADP source refresh drift,draft-board,24975,Byron Young,LB,percent_owned,37.37,37.24,DB snapshot is 2026-07-28T17:38:31.888534+00:00; published ESPN ownership data was fetched during this audit.
5,live ADP source refresh drift,draft-board,24980,Chase Young,DE,adp,169.59,169.4,DB snapshot is 2026-07-28T17:38:31.888534+00:00; published ESPN ownership data was fetched during this audit.
5,live ADP source refresh drift,draft-board,24980,Chase Young,DE,percent_owned,29.06,28.98,DB snapshot is 2026-07-28T17:38:31.888534+00:00; published ESPN ownership data was fetched during this audit.
5,live ADP source refresh drift,draft-board,25037,Zion Young,LB,adp,171.02,170.99,DB snapshot is 2026-07-28T17:38:31.888534+00:00; published ESPN ownership data was fetched during this audit.
5,live ADP source refresh drift,draft-board,25037,Zion Young,LB,percent_owned,1.82,1.81,DB snapshot is 2026-07-28T17:38:31.888534+00:00; published ESPN ownership data was fetched during this audit.
5,live ADP source refresh drift,draft-board,25122,Dominic Zvada,PK,percent_owned,0.08,0.09,DB snapshot is 2026-07-28T17:38:31.888534+00:00; published ESPN ownership data was fetched during this audit.
5,live ADP source refresh drift,draft-board,30094,Arizona Cardinals D/ST,DEF,adp,169.88,169.87,DB snapshot is 2026-07-28T17:38:31.888534+00:00; published ESPN ownership data was fetched during this audit.
5,live ADP source refresh drift,draft-board,30095,Atlanta Falcons D/ST,DEF,adp,169.87,169.86,DB snapshot is 2026-07-28T17:38:31.888534+00:00; published ESPN ownership data was fetched during this audit.
5,live ADP source refresh drift,draft-board,30096,Baltimore Ravens D/ST,DEF,adp,134.58,134.61,DB snapshot is 2026-07-28T17:38:31.888534+00:00; published ESPN ownership data was fetched during this audit.
5,live ADP source refresh drift,draft-board,30096,Baltimore Ravens D/ST,DEF,percent_owned,86.72,86.73,DB snapshot is 2026-07-28T17:38:31.888534+00:00; published ESPN ownership data was fetched during this audit.
5,live ADP source refresh drift,draft-board,30097,Buffalo Bills D/ST,DEF,adp,169.17,169.16,DB snapshot is 2026-07-28T17:38:31.888534+00:00; published ESPN ownership data was fetched during this audit.
5,live ADP source refresh drift,draft-board,30097,Buffalo Bills D/ST,DEF,percent_owned,4.49,4.5,DB snapshot is 2026-07-28T17:38:31.888534+00:00; published ESPN ownership data was fetched during this audit.
5,live ADP source refresh drift,draft-board,30098,Carolina Panthers D/ST,DEF,percent_owned,2.09,2.08,DB snapshot is 2026-07-28T17:38:31.888534+00:00; published ESPN ownership data was fetched during this audit.
5,live ADP source refresh drift,draft-board,30099,Chicago Bears D/ST,DEF,adp,169.21,169.22,DB snapshot is 2026-07-28T17:38:31.888534+00:00; published ESPN ownership data was fetched during this audit.
5,live ADP source refresh drift,draft-board,30100,Cincinnati Bengals D/ST,DEF,adp,169.65,169.66,DB snapshot is 2026-07-28T17:38:31.888534+00:00; published ESPN ownership data was fetched during this audit.
5,live ADP source refresh drift,draft-board,30100,Cincinnati Bengals D/ST,DEF,percent_owned,2.6,2.59,DB snapshot is 2026-07-28T17:38:31.888534+00:00; published ESPN ownership data was fetched during this audit.
5,live ADP source refresh drift,draft-board,30101,Cleveland Browns D/ST,DEF,adp,151.4,151.36,DB snapshot is 2026-07-28T17:38:31.888534+00:00; published ESPN ownership data was fetched during this audit.
5,live ADP source refresh drift,draft-board,30101,Cleveland Browns D/ST,DEF,percent_owned,60.73,60.79,DB snapshot is 2026-07-28T17:38:31.888534+00:00; published ESPN ownership data was fetched during this audit.
5,live ADP source refresh drift,draft-board,30102,Dallas Cowboys D/ST,DEF,adp,167.33,167.34,DB snapshot is 2026-07-28T17:38:31.888534+00:00; published ESPN ownership data was fetched during this audit.
5,live ADP source refresh drift,draft-board,30102,Dallas Cowboys D/ST,DEF,percent_owned,8.91,8.89,DB snapshot is 2026-07-28T17:38:31.888534+00:00; published ESPN ownership data was fetched during this audit.
5,live ADP source refresh drift,draft-board,30103,Denver Broncos D/ST,DEF,adp,89.99,89.89,DB snapshot is 2026-07-28T17:38:31.888534+00:00; published ESPN ownership data was fetched during this audit.
5,live ADP source refresh drift,draft-board,30104,Detroit Lions D/ST,DEF,adp,151.28,151.26,DB snapshot is 2026-07-28T17:38:31.888534+00:00; published ESPN ownership data was fetched during this audit.
5,live ADP source refresh drift,draft-board,30104,Detroit Lions D/ST,DEF,percent_owned,55.97,56.06,DB snapshot is 2026-07-28T17:38:31.888534+00:00; published ESPN ownership data was fetched during this audit.
5,live ADP source refresh drift,draft-board,30105,Green Bay Packers D/ST,DEF,adp,167.46,167.42,DB snapshot is 2026-07-28T17:38:31.888534+00:00; published ESPN ownership data was fetched during this audit.
5,live ADP source refresh drift,draft-board,30105,Green Bay Packers D/ST,DEF,percent_owned,11.24,11.27,DB snapshot is 2026-07-28T17:38:31.888534+00:00; published ESPN ownership data was fetched during this audit.
5,live ADP source refresh drift,draft-board,30106,Houston Texans D/ST,DEF,adp,91.94,91.93,DB snapshot is 2026-07-28T17:38:31.888534+00:00; published ESPN ownership data was fetched during this audit.
5,live ADP source refresh drift,draft-board,30107,Indianapolis Colts D/ST,DEF,adp,170.28,170.27,DB snapshot is 2026-07-28T17:38:31.888534+00:00; published ESPN ownership data was fetched during this audit.
5,live ADP source refresh drift,draft-board,30107,Indianapolis Colts D/ST,DEF,percent_owned,3.57,3.58,DB snapshot is 2026-07-28T17:38:31.888534+00:00; published ESPN ownership data was fetched during this audit.
5,live ADP source refresh drift,draft-board,30108,Jacksonville Jaguars D/ST,DEF,adp,164.82,164.81,DB snapshot is 2026-07-28T17:38:31.888534+00:00; published ESPN ownership data was fetched during this audit.
5,live ADP source refresh drift,draft-board,30108,Jacksonville Jaguars D/ST,DEF,percent_owned,65.05,64.89,DB snapshot is 2026-07-28T17:38:31.888534+00:00; published ESPN ownership data was fetched during this audit.
5,live ADP source refresh drift,draft-board,30109,Kansas City Chiefs D/ST,DEF,adp,160.67,160.64,DB snapshot is 2026-07-28T17:38:31.888534+00:00; published ESPN ownership data was fetched during this audit.
5,live ADP source refresh drift,draft-board,30109,Kansas City Chiefs D/ST,DEF,percent_owned,27.85,27.96,DB snapshot is 2026-07-28T17:38:31.888534+00:00; published ESPN ownership data was fetched during this audit.
5,live ADP source refresh drift,draft-board,30110,Las Vegas Raiders D/ST,DEF,adp,169.65,169.64,DB snapshot is 2026-07-28T17:38:31.888534+00:00; published ESPN ownership data was fetched during this audit.
5,live ADP source refresh drift,draft-board,30110,Las Vegas Raiders D/ST,DEF,percent_owned,1.99,2.0,DB snapshot is 2026-07-28T17:38:31.888534+00:00; published ESPN ownership data was fetched during this audit.
5,live ADP source refresh drift,draft-board,30111,Los Angeles Chargers D/ST,DEF,adp,161.17,161.15,DB snapshot is 2026-07-28T17:38:31.888534+00:00; published ESPN ownership data was fetched during this audit.
5,live ADP source refresh drift,draft-board,30111,Los Angeles Chargers D/ST,DEF,percent_owned,42.49,42.55,DB snapshot is 2026-07-28T17:38:31.888534+00:00; published ESPN ownership data was fetched during this audit.
5,live ADP source refresh drift,draft-board,30112,Los Angeles Rams D/ST,DEF,adp,98.27,98.25,DB snapshot is 2026-07-28T17:38:31.888534+00:00; published ESPN ownership data was fetched during this audit.
5,live ADP source refresh drift,draft-board,30112,Los Angeles Rams D/ST,DEF,percent_owned,92.51,92.53,DB snapshot is 2026-07-28T17:38:31.888534+00:00; published ESPN ownership data was fetched during this audit.
5,live ADP source refresh drift,draft-board,30114,Minnesota Vikings D/ST,DEF,adp,168.23,168.24,DB snapshot is 2026-07-28T17:38:31.888534+00:00; published ESPN ownership data was fetched during this audit.
5,live ADP source refresh drift,draft-board,30114,Minnesota Vikings D/ST,DEF,percent_owned,44.34,44.14,DB snapshot is 2026-07-28T17:38:31.888534+00:00; published ESPN ownership data was fetched during this audit.
5,live ADP source refresh drift,draft-board,30115,New England Patriots D/ST,DEF,adp,145.86,145.83,DB snapshot is 2026-07-28T17:38:31.888534+00:00; published ESPN ownership data was fetched during this audit.
5,live ADP source refresh drift,draft-board,30115,New England Patriots D/ST,DEF,percent_owned,87.58,87.51,DB snapshot is 2026-07-28T17:38:31.888534+00:00; published ESPN ownership data was fetched during this audit.
5,live ADP source refresh drift,draft-board,30116,New Orleans Saints D/ST,DEF,percent_owned,7.68,7.65,DB snapshot is 2026-07-28T17:38:31.888534+00:00; published ESPN ownership data was fetched during this audit.
5,live ADP source refresh drift,draft-board,30117,New York Giants D/ST,DEF,adp,169.2,169.19,DB snapshot is 2026-07-28T17:38:31.888534+00:00; published ESPN ownership data was fetched during this audit.
5,live ADP source refresh drift,draft-board,30118,New York Jets D/ST,DEF,percent_owned,1.27,1.26,DB snapshot is 2026-07-28T17:38:31.888534+00:00; published ESPN ownership data was fetched during this audit.
5,live ADP source refresh drift,draft-board,30119,Philadelphia Eagles D/ST,DEF,adp,135.74,135.71,DB snapshot is 2026-07-28T17:38:31.888534+00:00; published ESPN ownership data was fetched during this audit.
5,live ADP source refresh drift,draft-board,30119,Philadelphia Eagles D/ST,DEF,percent_owned,86.82,86.81,DB snapshot is 2026-07-28T17:38:31.888534+00:00; published ESPN ownership data was fetched during this audit.
5,live ADP source refresh drift,draft-board,30120,Pittsburgh Steelers D/ST,DEF,adp,118.28,118.22,DB snapshot is 2026-07-28T17:38:31.888534+00:00; published ESPN ownership data was fetched during this audit.
5,live ADP source refresh drift,draft-board,30120,Pittsburgh Steelers D/ST,DEF,percent_owned,92.38,92.4,DB snapshot is 2026-07-28T17:38:31.888534+00:00; published ESPN ownership data was fetched during this audit.
5,live ADP source refresh drift,draft-board,30121,San Francisco 49ers D/ST,DEF,adp,168.29,168.27,DB snapshot is 2026-07-28T17:38:31.888534+00:00; published ESPN ownership data was fetched during this audit.
5,live ADP source refresh drift,draft-board,30121,San Francisco 49ers D/ST,DEF,percent_owned,7.53,7.54,DB snapshot is 2026-07-28T17:38:31.888534+00:00; published ESPN ownership data was fetched during this audit.
5,live ADP source refresh drift,draft-board,30122,Seattle Seahawks D/ST,DEF,adp,106.58,106.57,DB snapshot is 2026-07-28T17:38:31.888534+00:00; published ESPN ownership data was fetched during this audit.
5,live ADP source refresh drift,draft-board,30122,Seattle Seahawks D/ST,DEF,percent_owned,98.35,98.36,DB snapshot is 2026-07-28T17:38:31.888534+00:00; published ESPN ownership data was fetched during this audit.
5,live ADP source refresh drift,draft-board,30123,Tampa Bay Buccaneers D/ST,DEF,adp,168.78,168.75,DB snapshot is 2026-07-28T17:38:31.888534+00:00; published ESPN ownership data was fetched during this audit.
5,live ADP source refresh drift,draft-board,30123,Tampa Bay Buccaneers D/ST,DEF,percent_owned,7.3,7.32,DB snapshot is 2026-07-28T17:38:31.888534+00:00; published ESPN ownership data was fetched during this audit.
5,live ADP source refresh drift,draft-board,30124,Tennessee Titans D/ST,DEF,percent_owned,4.83,4.82,DB snapshot is 2026-07-28T17:38:31.888534+00:00; published ESPN ownership data was fetched during this audit.
5,live ADP source refresh drift,mock-pool + player-detail,159,De'Von Achane,RB,adp,12.91,12.89,DB snapshot is 2026-07-28T17:38:31.888534+00:00; published ESPN ownership data was fetched during this audit.
5,live ADP source refresh drift,mock-pool + player-detail,187,Davante Adams,WR,adp,46.06,46.04,DB snapshot is 2026-07-28T17:38:31.888534+00:00; published ESPN ownership data was fetched during this audit.
5,live ADP source refresh drift,mock-pool + player-detail,242,Jordan Addison,WR,adp,120.58,120.56,DB snapshot is 2026-07-28T17:38:31.888534+00:00; published ESPN ownership data was fetched during this audit.
5,live ADP source refresh drift,mock-pool + player-detail,412,Drew Allar,QB,adp,169.94,169.93,DB snapshot is 2026-07-28T17:38:31.888534+00:00; published ESPN ownership data was fetched during this audit.
5,live ADP source refresh drift,mock-pool + player-detail,425,Braelon Allen,RB,adp,169.17,169.18,DB snapshot is 2026-07-28T17:38:31.888534+00:00; published ESPN ownership data was fetched during this audit.
5,live ADP source refresh drift,mock-pool + player-detail,469,Josh Allen,QB,adp,22.86,22.85,DB snapshot is 2026-07-28T17:38:31.888534+00:00; published ESPN ownership data was fetched during this audit.
5,live ADP source refresh drift,mock-pool + player-detail,475,Kyle Allen,QB,adp,169.94,169.95,DB snapshot is 2026-07-28T17:38:31.888534+00:00; published ESPN ownership data was fetched during this audit.
5,live ADP source refresh drift,mock-pool + player-detail,507,Tyler Allgeier,RB,adp,169.83,169.84,DB snapshot is 2026-07-28T17:38:31.888534+00:00; published ESPN ownership data was fetched during this audit.
5,live ADP source refresh drift,mock-pool + player-detail,507,Tyler Allgeier,RB,percent_owned,19.6,19.52,DB snapshot is 2026-07-28T17:38:31.888534+00:00; published ESPN ownership data was fetched during this audit.
5,live ADP source refresh drift,mock-pool + player-detail,682,Mark Andrews,TE,adp,119.74,119.72,DB snapshot is 2026-07-28T17:38:31.888534+00:00; published ESPN ownership data was fetched during this audit.
5,live ADP source refresh drift,mock-pool + player-detail,682,Mark Andrews,TE,percent_owned,80.6,80.64,DB snapshot is 2026-07-28T17:38:31.888534+00:00; published ESPN ownership data was fetched during this audit.
5,live ADP source refresh drift,mock-pool + player-detail,882,Brandon Aubrey,PK,adp,85.34,85.36,DB snapshot is 2026-07-28T17:38:31.888534+00:00; published ESPN ownership data was fetched during this audit.
5,live ADP source refresh drift,mock-pool + player-detail,1235,Saquon Barkley,RB,adp,17.01,17.02,DB snapshot is 2026-07-28T17:38:31.888534+00:00; published ESPN ownership data was fetched during this audit.
5,live ADP source refresh drift,mock-pool + player-detail,1247,AJ Barner,TE,adp,169.14,169.12,DB snapshot is 2026-07-28T17:38:31.888534+00:00; published ESPN ownership data was fetched during this audit.
5,live ADP source refresh drift,mock-pool + player-detail,1247,AJ Barner,TE,percent_owned,4.06,4.07,DB snapshot is 2026-07-28T17:38:31.888534+00:00; published ESPN ownership data was fetched during this audit.
5,live ADP source refresh drift,mock-pool + player-detail,1386,Tyler Bass,PK,adp,169.86,169.87,DB snapshot is 2026-07-28T17:38:31.888534+00:00; published ESPN ownership data was fetched during this audit.
5,live ADP source refresh drift,mock-pool + player-detail,1399,Jake Bates,PK,adp,155.23,155.2,DB snapshot is 2026-07-28T17:38:31.888534+00:00; published ESPN ownership data was fetched during this audit.
5,live ADP source refresh drift,mock-pool + player-detail,1399,Jake Bates,PK,percent_owned,75.19,75.16,DB snapshot is 2026-07-28T17:38:31.888534+00:00; published ESPN ownership data was fetched during this audit.
5,live ADP source refresh drift,mock-pool + player-detail,1522,Carson Beck,QB,adp,169.96,169.97,DB snapshot is 2026-07-28T17:38:31.888534+00:00; published ESPN ownership data was fetched during this audit.
5,live ADP source refresh drift,mock-pool + player-detail,1534,Odell Beckham Jr.,WR,adp,169.34,169.35,DB snapshot is 2026-07-28T17:38:31.888534+00:00; published ESPN ownership data was fetched during this audit.
5,live ADP source refresh drift,mock-pool + player-detail,1773,Germie Bernard,WR,adp,169.48,169.5,DB snapshot is 2026-07-28T17:38:31.888534+00:00; published ESPN ownership data was fetched during this audit.
5,live ADP source refresh drift,mock-pool + player-detail,1773,Germie Bernard,WR,percent_owned,7.35,7.34,DB snapshot is 2026-07-28T17:38:31.888534+00:00; published ESPN ownership data was fetched during this audit.
5,live ADP source refresh drift,mock-pool + player-detail,2245,Denzel Boston,WR,percent_owned,11.31,11.3,DB snapshot is 2026-07-28T17:38:31.888534+00:00; published ESPN ownership data was fetched during this audit.
5,live ADP source refresh drift,mock-pool + player-detail,2247,Chris Boswell,PK,percent_owned,38.67,38.65,DB snapshot is 2026-07-28T17:38:31.888534+00:00; published ESPN ownership data was fetched during this audit.
5,live ADP source refresh drift,mock-pool + player-detail,2288,Brock Bowers,TE,adp,23.27,23.26,DB snapshot is 2026-07-28T17:38:31.888534+00:00; published ESPN ownership data was fetched during this audit.
5,live ADP source refresh drift,mock-pool + player-detail,2288,Brock Bowers,TE,percent_owned,99.73,99.74,DB snapshot is 2026-07-28T17:38:31.888534+00:00; published ESPN ownership data was fetched during this audit.
5,live ADP source refresh drift,mock-pool + player-detail,2674,Jonathon Brooks,RB,adp,131.2,131.22,DB snapshot is 2026-07-28T17:38:31.888534+00:00; published ESPN ownership data was fetched during this audit.
5,live ADP source refresh drift,mock-pool + player-detail,2674,Jonathon Brooks,RB,percent_owned,75.4,75.44,DB snapshot is 2026-07-28T17:38:31.888534+00:00; published ESPN ownership data was fetched during this audit.
5,live ADP source refresh drift,mock-pool + player-detail,2772,Chase Brown,RB,adp,26.48,26.47,DB snapshot is 2026-07-28T17:38:31.888534+00:00; published ESPN ownership data was fetched during this audit.
5,live ADP source refresh drift,mock-pool + player-detail,2905,Marquise Brown,WR,percent_owned,0.76,0.75,DB snapshot is 2026-07-28T17:38:31.888534+00:00; published ESPN ownership data was fetched during this audit.
5,live ADP source refresh drift,mock-pool + player-detail,3194,Luther Burden III,WR,adp,76.14,76.16,DB snapshot is 2026-07-28T17:38:31.888534+00:00; published ESPN ownership data was fetched during this audit.
5,live ADP source refresh drift,mock-pool + player-detail,3288,Joe Burrow,QB,adp,59.58,59.61,DB snapshot is 2026-07-28T17:38:31.888534+00:00; published ESPN ownership data was fetched during this audit.
5,live ADP source refresh drift,mock-pool + player-detail,3338,Harrison Butker,PK,adp,150.97,150.95,DB snapshot is 2026-07-28T17:38:31.888534+00:00; published ESPN ownership data was fetched during this audit.
5,live ADP source refresh drift,mock-pool + player-detail,3338,Harrison Butker,PK,percent_owned,71.93,71.98,DB snapshot is 2026-07-28T17:38:31.888534+00:00; published ESPN ownership data was fetched during this audit.
5,live ADP source refresh drift,mock-pool + player-detail,3967,Zach Charbonnet,RB,adp,155.13,155.18,DB snapshot is 2026-07-28T17:38:31.888534+00:00; published ESPN ownership data was fetched during this audit.
5,live ADP source refresh drift,mock-pool + player-detail,3967,Zach Charbonnet,RB,percent_owned,68.5,68.36,DB snapshot is 2026-07-28T17:38:31.888534+00:00; published ESPN ownership data was fetched during this audit.
5,live ADP source refresh drift,mock-pool + player-detail,3984,Ja'Marr Chase,WR,adp,4.58,4.59,DB snapshot is 2026-07-28T17:38:31.888534+00:00; published ESPN ownership data was fetched during this audit.
5,live ADP source refresh drift,mock-pool + player-detail,4376,Jalen Coker,WR,adp,161.68,161.69,DB snapshot is 2026-07-28T17:38:31.888534+00:00; published ESPN ownership data was fetched during this audit.
5,live ADP source refresh drift,mock-pool + player-detail,4376,Jalen Coker,WR,percent_owned,41.34,41.3,DB snapshot is 2026-07-28T17:38:31.888534+00:00; published ESPN ownership data was fetched during this audit.
5,live ADP source refresh drift,mock-pool + player-detail,4530,Nico Collins,WR,adp,27.66,27.67,DB snapshot is 2026-07-28T17:38:31.888534+00:00; published ESPN ownership data was fetched during this audit.
5,live ADP source refresh drift,mock-pool + player-detail,4580,KC Concepcion,WR,adp,143.81,143.84,DB snapshot is 2026-07-28T17:38:31.888534+00:00; published ESPN ownership data was fetched during this audit.
5,live ADP source refresh drift,mock-pool + player-detail,4580,KC Concepcion,WR,percent_owned,75.58,75.56,DB snapshot is 2026-07-28T17:38:31.888534+00:00; published ESPN ownership data was fetched during this audit.
5,live ADP source refresh drift,mock-pool + player-detail,4607,James Conner,RB,adp,169.56,169.55,DB snapshot is 2026-07-28T17:38:31.888534+00:00; published ESPN ownership data was fetched during this audit.
5,live ADP source refresh drift,mock-pool + player-detail,4607,James Conner,RB,percent_owned,9.87,9.84,DB snapshot is 2026-07-28T17:38:31.888534+00:00; published ESPN ownership data was fetched during this audit.
5,live ADP source refresh drift,mock-pool + player-detail,4712,Omar Cooper Jr.,WR,adp,168.8,168.81,DB snapshot is 2026-07-28T17:38:31.888534+00:00; published ESPN ownership data was fetched during this audit.
5,live ADP source refresh drift,mock-pool + player-detail,4712,Omar Cooper Jr.,WR,percent_owned,29.78,29.66,DB snapshot is 2026-07-28T17:38:31.888534+00:00; published ESPN ownership data was fetched during this audit.
5,live ADP source refresh drift,mock-pool + player-detail,4775,Blake Corum,RB,adp,136.11,136.15,DB snapshot is 2026-07-28T17:38:31.888534+00:00; published ESPN ownership data was fetched during this audit.
5,live ADP source refresh drift,mock-pool + player-detail,4775,Blake Corum,RB,percent_owned,81.41,81.37,DB snapshot is 2026-07-28T17:38:31.888534+00:00; published ESPN ownership data was fetched during this audit.
5,live ADP source refresh drift,mock-pool + player-detail,4999,Jacory Croskey-Merritt,RB,percent_owned,73.21,73.22,DB snapshot is 2026-07-28T17:38:31.888534+00:00; published ESPN ownership data was fetched during this audit.
5,live ADP source refresh drift,mock-pool + player-detail,5224,Jayden Daniels,QB,adp,51.67,51.66,DB snapshot is 2026-07-28T17:38:31.888534+00:00; published ESPN ownership data was fetched during this audit.
5,live ADP source refresh drift,mock-pool + player-detail,5224,Jayden Daniels,QB,percent_owned,98.65,98.66,DB snapshot is 2026-07-28T17:38:31.888534+00:00; published ESPN ownership data was fetched during this audit.
5,live ADP source refresh drift,mock-pool + player-detail,5276,Sam Darnold,QB,adp,163.9,163.84,DB snapshot is 2026-07-28T17:38:31.888534+00:00; published ESPN ownership data was fetched during this audit.
5,live ADP source refresh drift,mock-pool + player-detail,5276,Sam Darnold,QB,percent_owned,13.24,13.25,DB snapshot is 2026-07-28T17:38:31.888534+00:00; published ESPN ownership data was fetched during this audit.
5,live ADP source refresh drift,mock-pool + player-detail,5282,Jaxson Dart,QB,adp,73.01,73.02,DB snapshot is 2026-07-28T17:38:31.888534+00:00; published ESPN ownership data was fetched during this audit.
5,live ADP source refresh drift,mock-pool + player-detail,5282,Jaxson Dart,QB,percent_owned,94.17,94.16,DB snapshot is 2026-07-28T17:38:31.888534+00:00; published ESPN ownership data was fetched during this audit.
5,live ADP source refresh drift,mock-pool + player-detail,5774,Cameron Dicker,PK,adp,110.39,110.38,DB snapshot is 2026-07-28T17:38:31.888534+00:00; published ESPN ownership data was fetched during this audit.
5,live ADP source refresh drift,mock-pool + player-detail,5915,J.K. Dobbins,RB,adp,119.42,119.44,DB snapshot is 2026-07-28T17:38:31.888534+00:00; published ESPN ownership data was fetched during this audit.
5,live ADP source refresh drift,mock-pool + player-detail,5915,J.K. Dobbins,RB,percent_owned,85.99,85.97,DB snapshot is 2026-07-28T17:38:31.888534+00:00; published ESPN ownership data was fetched during this audit.
5,live ADP source refresh drift,mock-pool + player-detail,6034,Romeo Doubs,WR,adp,146.04,146.0,DB snapshot is 2026-07-28T17:38:31.888534+00:00; published ESPN ownership data was fetched during this audit.
5,live ADP source refresh drift,mock-pool + player-detail,6034,Romeo Doubs,WR,percent_owned,74.01,74.0,DB snapshot is 2026-07-28T17:38:31.888534+00:00; published ESPN ownership data was fetched during this audit.
5,live ADP source refresh drift,mock-pool + player-detail,6071,Rico Dowdle,RB,adp,105.99,106.03,DB snapshot is 2026-07-28T17:38:31.888534+00:00; published ESPN ownership data was fetched during this audit.
5,live ADP source refresh drift,mock-pool + player-detail,6071,Rico Dowdle,RB,percent_owned,87.67,87.66,DB snapshot is 2026-07-28T17:38:31.888534+00:00; published ESPN ownership data was fetched during this audit.
5,live ADP source refresh drift,mock-pool + player-detail,6088,Josh Downs,WR,adp,136.39,136.36,DB snapshot is 2026-07-28T17:38:31.888534+00:00; published ESPN ownership data was fetched during this audit.
5,live ADP source refresh drift,mock-pool + player-detail,6471,Emeka Egbuka,WR,adp,39.55,39.52,DB snapshot is 2026-07-28T17:38:31.888534+00:00; published ESPN ownership data was fetched during this audit.
5,live ADP source refresh drift,mock-pool + player-detail,6471,Emeka Egbuka,WR,percent_owned,96.72,96.73,DB snapshot is 2026-07-28T17:38:31.888534+00:00; published ESPN ownership data was fetched during this audit.
5,live ADP source refresh drift,mock-pool + player-detail,6558,Jake Elliott,PK,adp,169.06,169.05,DB snapshot is 2026-07-28T17:38:31.888534+00:00; published ESPN ownership data was fetched during this audit.
5,live ADP source refresh drift,mock-pool + player-detail,6558,Jake Elliott,PK,percent_owned,6.2,6.19,DB snapshot is 2026-07-28T17:38:31.888534+00:00; published ESPN ownership data was fetched during this audit.
5,live ADP source refresh drift,mock-pool + player-detail,6716,Travis Etienne,RB,adp,47.08,47.1,DB snapshot is 2026-07-28T17:38:31.888534+00:00; published ESPN ownership data was fetched during this audit.
5,live ADP source refresh drift,mock-pool + player-detail,6768,Mike Evans,WR,adp,88.07,88.11,DB snapshot is 2026-07-28T17:38:31.888534+00:00; published ESPN ownership data was fetched during this audit.
5,live ADP source refresh drift,mock-pool + player-detail,6768,Mike Evans,WR,percent_owned,90.65,90.63,DB snapshot is 2026-07-28T17:38:31.888534+00:00; published ESPN ownership data was fetched during this audit.
5,live ADP source refresh drift,mock-pool + player-detail,6799,Quinn Ewers,QB,adp,169.92,169.91,DB snapshot is 2026-07-28T17:38:31.888534+00:00; published ESPN ownership data was fetched during this audit.
5,live ADP source refresh drift,mock-pool + player-detail,6832,Ka'imi Fairbairn,PK,adp,135.22,135.25,DB snapshot is 2026-07-28T17:38:31.888534+00:00; published ESPN ownership data was fetched during this audit.
5,live ADP source refresh drift,mock-pool + player-detail,6832,Ka'imi Fairbairn,PK,percent_owned,94.09,94.07,DB snapshot is 2026-07-28T17:38:31.888534+00:00; published ESPN ownership data was fetched during this audit.
5,live ADP source refresh drift,mock-pool + player-detail,6853,Harold Fannin Jr.,TE,adp,77.52,77.55,DB snapshot is 2026-07-28T17:38:31.888534+00:00; published ESPN ownership data was fetched during this audit.
5,live ADP source refresh drift,mock-pool + player-detail,6853,Harold Fannin Jr.,TE,percent_owned,92.82,92.81,DB snapshot is 2026-07-28T17:38:31.888534+00:00; published ESPN ownership data was fetched during this audit.
5,live ADP source refresh drift,mock-pool + player-detail,6998,Jake Ferguson,TE,adp,107.66,107.64,DB snapshot is 2026-07-28T17:38:31.888534+00:00; published ESPN ownership data was fetched during this audit.
5,live ADP source refresh drift,mock-pool + player-detail,6998,Jake Ferguson,TE,percent_owned,88.71,88.7,DB snapshot is 2026-07-28T17:38:31.888534+00:00; published ESPN ownership data was fetched during this audit.
5,live ADP source refresh drift,mock-pool + player-detail,7010,Terrance Ferguson,TE,percent_owned,7.37,7.42,DB snapshot is 2026-07-28T17:38:31.888534+00:00; published ESPN ownership data was fetched during this audit.
5,live ADP source refresh drift,mock-pool + player-detail,7064,Malachi Fields,WR,percent_owned,1.33,1.32,DB snapshot is 2026-07-28T17:38:31.888534+00:00; published ESPN ownership data was fetched during this audit.
5,live ADP source refresh drift,mock-pool + player-detail,7139,Ryan Fitzgerald,PK,adp,169.87,169.86,DB snapshot is 2026-07-28T17:38:31.888534+00:00; published ESPN ownership data was fetched during this audit.
5,live ADP source refresh drift,mock-pool + player-detail,7214,Zay Flowers,WR,adp,42.52,42.48,DB snapshot is 2026-07-28T17:38:31.888534+00:00; published ESPN ownership data was fetched during this audit.
5,live ADP source refresh drift,mock-pool + player-detail,7255,Nick Folk,PK,adp,169.9,169.91,DB snapshot is 2026-07-28T17:38:31.888534+00:00; published ESPN ownership data was fetched during this audit.
5,live ADP source refresh drift,mock-pool + player-detail,7255,Nick Folk,PK,percent_owned,3.73,3.72,DB snapshot is 2026-07-28T17:38:31.888534+00:00; published ESPN ownership data was fetched during this audit.
5,live ADP source refresh drift,mock-pool + player-detail,7532,Pat Freiermuth,TE,adp,168.74,168.73,DB snapshot is 2026-07-28T17:38:31.888534+00:00; published ESPN ownership data was fetched during this audit.
5,live ADP source refresh drift,mock-pool + player-detail,7532,Pat Freiermuth,TE,percent_owned,5.98,6.0,DB snapshot is 2026-07-28T17:38:31.888534+00:00; published ESPN ownership data was fetched during this audit.
5,live ADP source refresh drift,mock-pool + player-detail,7656,Oronde Gadsden II,TE,adp,168.24,168.23,DB snapshot is 2026-07-28T17:38:31.888534+00:00; published ESPN ownership data was fetched during this audit.
5,live ADP source refresh drift,mock-pool + player-detail,7656,Oronde Gadsden II,TE,percent_owned,11.81,11.77,DB snapshot is 2026-07-28T17:38:31.888534+00:00; published ESPN ownership data was fetched during this audit.
5,live ADP source refresh drift,mock-pool + player-detail,7690,Kenneth Gainwell,RB,adp,121.61,121.62,DB snapshot is 2026-07-28T17:38:31.888534+00:00; published ESPN ownership data was fetched during this audit.
5,live ADP source refresh drift,mock-pool + player-detail,7690,Kenneth Gainwell,RB,percent_owned,85.23,85.21,DB snapshot is 2026-07-28T17:38:31.888534+00:00; published ESPN ownership data was fetched during this audit.
5,live ADP source refresh drift,mock-pool + player-detail,7879,Matt Gay,PK,adp,169.64,169.63,DB snapshot is 2026-07-28T17:38:31.888534+00:00; published ESPN ownership data was fetched during this audit.
5,live ADP source refresh drift,mock-pool + player-detail,8146,Chris Godwin Jr.,WR,adp,140.45,140.49,DB snapshot is 2026-07-28T17:38:31.888534+00:00; published ESPN ownership data was fetched during this audit.
5,live ADP source refresh drift,mock-pool + player-detail,8146,Chris Godwin Jr.,WR,percent_owned,83.97,83.91,DB snapshot is 2026-07-28T17:38:31.888534+00:00; published ESPN ownership data was fetched during this audit.
5,live ADP source refresh drift,mock-pool + player-detail,8153,Dallas Goedert,TE,adp,99.73,99.69,DB snapshot is 2026-07-28T17:38:31.888534+00:00; published ESPN ownership data was fetched during this audit.
5,live ADP source refresh drift,mock-pool + player-detail,8156,Jared Goff,QB,adp,140.98,141.0,DB snapshot is 2026-07-28T17:38:31.888534+00:00; published ESPN ownership data was fetched during this audit.
5,live ADP source refresh drift,mock-pool + player-detail,8156,Jared Goff,QB,percent_owned,56.11,56.17,DB snapshot is 2026-07-28T17:38:31.888534+00:00; published ESPN ownership data was fetched during this audit.
5,live ADP source refresh drift,mock-pool + player-detail,8179,Matthew Golden,WR,adp,103.82,103.81,DB snapshot is 2026-07-28T17:38:31.888534+00:00; published ESPN ownership data was fetched during this audit.
5,live ADP source refresh drift,mock-pool + player-detail,8206,Zane Gonzalez,PK,adp,169.96,169.95,DB snapshot is 2026-07-28T17:38:31.888534+00:00; published ESPN ownership data was fetched during this audit.
5,live ADP source refresh drift,mock-pool + player-detail,8895,Breece Hall,RB,adp,32.48,32.49,DB snapshot is 2026-07-28T17:38:31.888534+00:00; published ESPN ownership data was fetched during this audit.
5,live ADP source refresh drift,mock-pool + player-detail,9421,Marvin Harrison Jr.,WR,adp,84.34,84.45,DB snapshot is 2026-07-28T17:38:31.888534+00:00; published ESPN ownership data was fetched during this audit.
5,live ADP source refresh drift,mock-pool + player-detail,9421,Marvin Harrison Jr.,WR,percent_owned,90.41,90.39,DB snapshot is 2026-07-28T17:38:31.888534+00:00; published ESPN ownership data was fetched during this audit.
5,live ADP source refresh drift,mock-pool + player-detail,9492,RJ Harvey,RB,adp,122.62,122.65,DB snapshot is 2026-07-28T17:38:31.888534+00:00; published ESPN ownership data was fetched during this audit.
5,live ADP source refresh drift,mock-pool + player-detail,9492,RJ Harvey,RB,percent_owned,84.76,84.75,DB snapshot is 2026-07-28T17:38:31.888534+00:00; published ESPN ownership data was fetched during this audit.
5,live ADP source refresh drift,mock-pool + player-detail,9725,Gunnar Helm,TE,adp,169.85,169.84,DB snapshot is 2026-07-28T17:38:31.888534+00:00; published ESPN ownership data was fetched during this audit.
5,live ADP source refresh drift,mock-pool + player-detail,9725,Gunnar Helm,TE,percent_owned,3.03,3.04,DB snapshot is 2026-07-28T17:38:31.888534+00:00; published ESPN ownership data was fetched during this audit.
5,live ADP source refresh drift,mock-pool + player-detail,9772,TreVeyon Henderson,RB,adp,66.45,66.47,DB snapshot is 2026-07-28T17:38:31.888534+00:00; published ESPN ownership data was fetched during this audit.
5,live ADP source refresh drift,mock-pool + player-detail,9772,TreVeyon Henderson,RB,percent_owned,93.21,93.2,DB snapshot is 2026-07-28T17:38:31.888534+00:00; published ESPN ownership data was fetched during this audit.
5,live ADP source refresh drift,mock-pool + player-detail,9818,Derrick Henry,RB,adp,20.37,20.38,DB snapshot is 2026-07-28T17:38:31.888534+00:00; published ESPN ownership data was fetched during this audit.
5,live ADP source refresh drift,mock-pool + player-detail,9818,Derrick Henry,RB,percent_owned,99.61,99.6,DB snapshot is 2026-07-28T17:38:31.888534+00:00; published ESPN ownership data was fetched during this audit.
5,live ADP source refresh drift,mock-pool + player-detail,9819,Hunter Henry,TE,adp,141.72,141.63,DB snapshot is 2026-07-28T17:38:31.888534+00:00; published ESPN ownership data was fetched during this audit.
5,live ADP source refresh drift,mock-pool + player-detail,9819,Hunter Henry,TE,percent_owned,40.38,40.57,DB snapshot is 2026-07-28T17:38:31.888534+00:00; published ESPN ownership data was fetched during this audit.
5,live ADP source refresh drift,mock-pool + player-detail,9969,Jayden Higgins,WR,adp,158.58,158.59,DB snapshot is 2026-07-28T17:38:31.888534+00:00; published ESPN ownership data was fetched during this audit.
5,live ADP source refresh drift,mock-pool + player-detail,9969,Jayden Higgins,WR,percent_owned,34.84,34.89,DB snapshot is 2026-07-28T17:38:31.888534+00:00; published ESPN ownership data was fetched during this audit.
5,live ADP source refresh drift,mock-pool + player-detail,9973,Tee Higgins,WR,adp,55.67,55.68,DB snapshot is 2026-07-28T17:38:31.888534+00:00; published ESPN ownership data was fetched during this audit.
5,live ADP source refresh drift,mock-pool + player-detail,9973,Tee Higgins,WR,percent_owned,96.68,96.67,DB snapshot is 2026-07-28T17:38:31.888534+00:00; published ESPN ownership data was fetched during this audit.
5,live ADP source refresh drift,mock-pool + player-detail,10160,T.J. Hockenson,TE,adp,131.58,131.57,DB snapshot is 2026-07-28T17:38:31.888534+00:00; published ESPN ownership data was fetched during this audit.
5,live ADP source refresh drift,mock-pool + player-detail,10160,T.J. Hockenson,TE,percent_owned,67.07,67.16,DB snapshot is 2026-07-28T17:38:31.888534+00:00; published ESPN ownership data was fetched during this audit.
5,live ADP source refresh drift,mock-pool + player-detail,10543,Chuba Hubbard,RB,adp,106.78,106.84,DB snapshot is 2026-07-28T17:38:31.888534+00:00; published ESPN ownership data was fetched during this audit.
5,live ADP source refresh drift,mock-pool + player-detail,10543,Chuba Hubbard,RB,percent_owned,89.43,89.41,DB snapshot is 2026-07-28T17:38:31.888534+00:00; published ESPN ownership data was fetched during this audit.
5,live ADP source refresh drift,mock-pool + player-detail,10642,Lil'Jordan Humphrey,WR,adp,169.94,169.93,DB snapshot is 2026-07-28T17:38:31.888534+00:00; published ESPN ownership data was fetched during this audit.
5,live ADP source refresh drift,mock-pool + player-detail,10717,Travis Hunter,WR,adp,118.38,118.3,DB snapshot is 2026-07-28T17:38:31.888534+00:00; published ESPN ownership data was fetched during this audit.
5,live ADP source refresh drift,mock-pool + player-detail,10717,Travis Hunter,WR,percent_owned,70.71,70.76,DB snapshot is 2026-07-28T17:38:31.888534+00:00; published ESPN ownership data was fetched during this audit.
5,live ADP source refresh drift,mock-pool + player-detail,10745,Jalen Hurts,QB,adp,53.65,53.68,DB snapshot is 2026-07-28T17:38:31.888534+00:00; published ESPN ownership data was fetched during this audit.
5,live ADP source refresh drift,mock-pool + player-detail,10745,Jalen Hurts,QB,percent_owned,97.32,97.33,DB snapshot is 2026-07-28T17:38:31.888534+00:00; published ESPN ownership data was fetched during this audit.
5,live ADP source refresh drift,mock-pool + player-detail,10870,Bucky Irving,RB,adp,55.85,55.81,DB snapshot is 2026-07-28T17:38:31.888534+00:00; published ESPN ownership data was fetched during this audit.
5,live ADP source refresh drift,mock-pool + player-detail,10870,Bucky Irving,RB,percent_owned,95.36,95.37,DB snapshot is 2026-07-28T17:38:31.888534+00:00; published ESPN ownership data was fetched during this audit.
5,live ADP source refresh drift,mock-pool + player-detail,11043,Lamar Jackson,QB,adp,40.53,40.52,DB snapshot is 2026-07-28T17:38:31.888534+00:00; published ESPN ownership data was fetched during this audit.
5,live ADP source refresh drift,mock-pool + player-detail,11131,Josh Jacobs,RB,adp,25.98,25.97,DB snapshot is 2026-07-28T17:38:31.888534+00:00; published ESPN ownership data was fetched during this audit.
5,live ADP source refresh drift,mock-pool + player-detail,11257,Ashton Jeanty,RB,adp,17.73,17.72,DB snapshot is 2026-07-28T17:38:31.888534+00:00; published ESPN ownership data was fetched during this audit.
5,live ADP source refresh drift,mock-pool + player-detail,11257,Ashton Jeanty,RB,percent_owned,99.6,99.61,DB snapshot is 2026-07-28T17:38:31.888534+00:00; published ESPN ownership data was fetched during this audit.
5,live ADP source refresh drift,mock-pool + player-detail,11274,Justin Jefferson,WR,adp,11.86,11.85,DB snapshot is 2026-07-28T17:38:31.888534+00:00; published ESPN ownership data was fetched during this audit.
5,live ADP source refresh drift,mock-pool + player-detail,11356,Jauan Jennings,WR,adp,169.46,169.44,DB snapshot is 2026-07-28T17:38:31.888534+00:00; published ESPN ownership data was fetched during this audit.
5,live ADP source refresh drift,mock-pool + player-detail,11356,Jauan Jennings,WR,percent_owned,10.04,10.03,DB snapshot is 2026-07-28T17:38:31.888534+00:00; published ESPN ownership data was fetched during this audit.
5,live ADP source refresh drift,mock-pool + player-detail,11411,Jerry Jeudy,WR,adp,162.56,162.55,DB snapshot is 2026-07-28T17:38:31.888534+00:00; published ESPN ownership data was fetched during this audit.
5,live ADP source refresh drift,mock-pool + player-detail,11411,Jerry Jeudy,WR,percent_owned,23.99,24.03,DB snapshot is 2026-07-28T17:38:31.888534+00:00; published ESPN ownership data was fetched during this audit.
5,live ADP source refresh drift,mock-pool + player-detail,11574,Emmett Johnson,RB,adp,169.94,169.92,DB snapshot is 2026-07-28T17:38:31.888534+00:00; published ESPN ownership data was fetched during this audit.
5,live ADP source refresh drift,mock-pool + player-detail,11574,Emmett Johnson,RB,percent_owned,2.75,2.74,DB snapshot is 2026-07-28T17:38:31.888534+00:00; published ESPN ownership data was fetched during this audit.
5,live ADP source refresh drift,mock-pool + player-detail,11650,Juwan Johnson,TE,adp,163.6,163.59,DB snapshot is 2026-07-28T17:38:31.888534+00:00; published ESPN ownership data was fetched during this audit.
5,live ADP source refresh drift,mock-pool + player-detail,11650,Juwan Johnson,TE,percent_owned,21.21,21.25,DB snapshot is 2026-07-28T17:38:31.888534+00:00; published ESPN ownership data was fetched during this audit.
5,live ADP source refresh drift,mock-pool + player-detail,11832,Quentin Johnston,WR,adp,143.86,143.9,DB snapshot is 2026-07-28T17:38:31.888534+00:00; published ESPN ownership data was fetched during this audit.
5,live ADP source refresh drift,mock-pool + player-detail,11832,Quentin Johnston,WR,percent_owned,78.43,78.41,DB snapshot is 2026-07-28T17:38:31.888534+00:00; published ESPN ownership data was fetched during this audit.
5,live ADP source refresh drift,mock-pool + player-detail,11851,Aaron Jones,RB,adp,118.06,118.08,DB snapshot is 2026-07-28T17:38:31.888534+00:00; published ESPN ownership data was fetched during this audit.
5,live ADP source refresh drift,mock-pool + player-detail,11851,Aaron Jones,RB,percent_owned,86.6,86.58,DB snapshot is 2026-07-28T17:38:31.888534+00:00; published ESPN ownership data was fetched during this audit.
5,live ADP source refresh drift,mock-pool + player-detail,11929,Daniel Jones,QB,adp,162.28,162.2,DB snapshot is 2026-07-28T17:38:31.888534+00:00; published ESPN ownership data was fetched during this audit.
5,live ADP source refresh drift,mock-pool + player-detail,11929,Daniel Jones,QB,percent_owned,22.92,22.98,DB snapshot is 2026-07-28T17:38:31.888534+00:00; published ESPN ownership data was fetched during this audit.
5,live ADP source refresh drift,mock-pool + player-detail,12240,Quinshon Judkins,RB,adp,52.32,52.3,DB snapshot is 2026-07-28T17:38:31.888534+00:00; published ESPN ownership data was fetched during this audit.
5,live ADP source refresh drift,mock-pool + player-detail,12240,Quinshon Judkins,RB,percent_owned,94.8,94.81,DB snapshot is 2026-07-28T17:38:31.888534+00:00; published ESPN ownership data was fetched during this audit.
5,live ADP source refresh drift,mock-pool + player-detail,12308,Alvin Kamara,RB,adp,156.27,156.31,DB snapshot is 2026-07-28T17:38:31.888534+00:00; published ESPN ownership data was fetched during this audit.
5,live ADP source refresh drift,mock-pool + player-detail,12308,Alvin Kamara,RB,percent_owned,60.49,60.39,DB snapshot is 2026-07-28T17:38:31.888534+00:00; published ESPN ownership data was fetched during this audit.
5,live ADP source refresh drift,mock-pool + player-detail,12418,Travis Kelce,TE,adp,100.01,100.02,DB snapshot is 2026-07-28T17:38:31.888534+00:00; published ESPN ownership data was fetched during this audit.
5,live ADP source refresh drift,mock-pool + player-detail,12418,Travis Kelce,TE,percent_owned,90.57,90.56,DB snapshot is 2026-07-28T17:38:31.888534+00:00; published ESPN ownership data was fetched during this audit.
5,live ADP source refresh drift,mock-pool + player-detail,12606,Dalton Kincaid,TE,adp,135.73,135.67,DB snapshot is 2026-07-28T17:38:31.888534+00:00; published ESPN ownership data was fetched during this audit.
5,live ADP source refresh drift,mock-pool + player-detail,12606,Dalton Kincaid,TE,percent_owned,51.47,51.65,DB snapshot is 2026-07-28T17:38:31.888534+00:00; published ESPN ownership data was fetched during this audit.
5,live ADP source refresh drift,mock-pool + player-detail,12719,George Kittle,TE,adp,85.98,86.13,DB snapshot is 2026-07-28T17:38:31.888534+00:00; published ESPN ownership data was fetched during this audit.
5,live ADP source refresh drift,mock-pool + player-detail,12719,George Kittle,TE,percent_owned,91.54,91.53,DB snapshot is 2026-07-28T17:38:31.888534+00:00; published ESPN ownership data was fetched during this audit.
5,live ADP source refresh drift,mock-pool + player-detail,12785,Dawson Knox,TE,adp,169.83,169.82,DB snapshot is 2026-07-28T17:38:31.888534+00:00; published ESPN ownership data was fetched during this audit.
5,live ADP source refresh drift,mock-pool + player-detail,12877,Tucker Kraft,TE,adp,108.87,108.9,DB snapshot is 2026-07-28T17:38:31.888534+00:00; published ESPN ownership data was fetched during this audit.
5,live ADP source refresh drift,mock-pool + player-detail,12959,Cooper Kupp,WR,adp,168.68,168.66,DB snapshot is 2026-07-28T17:38:31.888534+00:00; published ESPN ownership data was fetched during this audit.
5,live ADP source refresh drift,mock-pool + player-detail,12959,Cooper Kupp,WR,percent_owned,7.24,7.25,DB snapshot is 2026-07-28T17:38:31.888534+00:00; published ESPN ownership data was fetched during this audit.
5,live ADP source refresh drift,mock-pool + player-detail,12998,Sam LaPorta,TE,percent_owned,93.61,93.62,DB snapshot is 2026-07-28T17:38:31.888534+00:00; published ESPN ownership data was fetched during this audit.
5,live ADP source refresh drift,mock-pool + player-detail,13092,Ja'Kobi Lane,WR,adp,169.63,169.62,DB snapshot is 2026-07-28T17:38:31.888534+00:00; published ESPN ownership data was fetched during this audit.
5,live ADP source refresh drift,mock-pool + player-detail,13092,Ja'Kobi Lane,WR,percent_owned,2.69,2.68,DB snapshot is 2026-07-28T17:38:31.888534+00:00; published ESPN ownership data was fetched during this audit.
5,live ADP source refresh drift,mock-pool + player-detail,13234,Trevor Lawrence,QB,adp,92.95,92.93,DB snapshot is 2026-07-28T17:38:31.888534+00:00; published ESPN ownership data was fetched during this audit.
5,live ADP source refresh drift,mock-pool + player-detail,13234,Trevor Lawrence,QB,percent_owned,87.88,87.89,DB snapshot is 2026-07-28T17:38:31.888534+00:00; published ESPN ownership data was fetched during this audit.
5,live ADP source refresh drift,mock-pool + player-detail,13397,Makai Lemon,WR,adp,106.78,106.77,DB snapshot is 2026-07-28T17:38:31.888534+00:00; published ESPN ownership data was fetched during this audit.
5,live ADP source refresh drift,mock-pool + player-detail,13568,Isaiah Likely,TE,adp,126.85,126.83,DB snapshot is 2026-07-28T17:38:31.888534+00:00; published ESPN ownership data was fetched during this audit.
5,live ADP source refresh drift,mock-pool + player-detail,13568,Isaiah Likely,TE,percent_owned,82.93,82.95,DB snapshot is 2026-07-28T17:38:31.888534+00:00; published ESPN ownership data was fetched during this audit.
5,live ADP source refresh drift,mock-pool + player-detail,13621,Cam Little,PK,adp,137.27,137.23,DB snapshot is 2026-07-28T17:38:31.888534+00:00; published ESPN ownership data was fetched during this audit.
5,live ADP source refresh drift,mock-pool + player-detail,13715,Drake London,WR,adp,19.62,19.61,DB snapshot is 2026-07-28T17:38:31.888534+00:00; published ESPN ownership data was fetched during this audit.
5,live ADP source refresh drift,mock-pool + player-detail,13759,Tyler Loop,PK,adp,161.91,161.88,DB snapshot is 2026-07-28T17:38:31.888534+00:00; published ESPN ownership data was fetched during this audit.
5,live ADP source refresh drift,mock-pool + player-detail,13759,Tyler Loop,PK,percent_owned,49.71,49.75,DB snapshot is 2026-07-28T17:38:31.888534+00:00; published ESPN ownership data was fetched during this audit.
5,live ADP source refresh drift,mock-pool + player-detail,13803,Jeremiyah Love,RB,adp,17.31,17.3,DB snapshot is 2026-07-28T17:38:31.888534+00:00; published ESPN ownership data was fetched during this audit.
5,live ADP source refresh drift,mock-pool + player-detail,13803,Jeremiyah Love,RB,percent_owned,98.43,98.44,DB snapshot is 2026-07-28T17:38:31.888534+00:00; published ESPN ownership data was fetched during this audit.
5,live ADP source refresh drift,mock-pool + player-detail,13805,Jordan Love,QB,percent_owned,22.19,22.22,DB snapshot is 2026-07-28T17:38:31.888534+00:00; published ESPN ownership data was fetched during this audit.
5,live ADP source refresh drift,mock-pool + player-detail,14059,Patrick Mahomes,QB,percent_owned,88.7,88.69,DB snapshot is 2026-07-28T17:38:31.888534+00:00; published ESPN ownership data was fetched during this audit.
5,live ADP source refresh drift,mock-pool + player-detail,14205,Woody Marks,RB,adp,148.99,148.98,DB snapshot is 2026-07-28T17:38:31.888534+00:00; published ESPN ownership data was fetched during this audit.
5,live ADP source refresh drift,mock-pool + player-detail,14205,Woody Marks,RB,percent_owned,69.06,69.04,DB snapshot is 2026-07-28T17:38:31.888534+00:00; published ESPN ownership data was fetched during this audit.
5,live ADP source refresh drift,mock-pool + player-detail,14363,Jordan Mason,RB,adp,146.53,146.54,DB snapshot is 2026-07-28T17:38:31.888534+00:00; published ESPN ownership data was fetched during this audit.
5,live ADP source refresh drift,mock-pool + player-detail,14363,Jordan Mason,RB,percent_owned,57.83,57.88,DB snapshot is 2026-07-28T17:38:31.888534+00:00; published ESPN ownership data was fetched during this audit.
5,live ADP source refresh drift,mock-pool + player-detail,14506,Drake Maye,QB,adp,47.63,47.62,DB snapshot is 2026-07-28T17:38:31.888534+00:00; published ESPN ownership data was fetched during this audit.
5,live ADP source refresh drift,mock-pool + player-detail,14520,Baker Mayfield,QB,adp,149.39,149.44,DB snapshot is 2026-07-28T17:38:31.888534+00:00; published ESPN ownership data was fetched during this audit.
5,live ADP source refresh drift,mock-pool + player-detail,14520,Baker Mayfield,QB,percent_owned,38.0,38.02,DB snapshot is 2026-07-28T17:38:31.888534+00:00; published ESPN ownership data was fetched during this audit.
5,live ADP source refresh drift,mock-pool + player-detail,14612,J.J. McCarthy,QB,adp,169.8,169.79,DB snapshot is 2026-07-28T17:38:31.888534+00:00; published ESPN ownership data was fetched during this audit.
5,live ADP source refresh drift,mock-pool + player-detail,14612,J.J. McCarthy,QB,percent_owned,1.2,1.19,DB snapshot is 2026-07-28T17:38:31.888534+00:00; published ESPN ownership data was fetched during this audit.
5,live ADP source refresh drift,mock-pool + player-detail,14674,Ladd McConkey,WR,adp,55.21,55.1,DB snapshot is 2026-07-28T17:38:31.888534+00:00; published ESPN ownership data was fetched during this audit.
5,live ADP source refresh drift,mock-pool + player-detail,14674,Ladd McConkey,WR,percent_owned,95.11,95.12,DB snapshot is 2026-07-28T17:38:31.888534+00:00; published ESPN ownership data was fetched during this audit.
5,live ADP source refresh drift,mock-pool + player-detail,15025,Chase McLaughlin,PK,adp,168.28,168.27,DB snapshot is 2026-07-28T17:38:31.888534+00:00; published ESPN ownership data was fetched during this audit.
5,live ADP source refresh drift,mock-pool + player-detail,15025,Chase McLaughlin,PK,percent_owned,18.87,18.85,DB snapshot is 2026-07-28T17:38:31.888534+00:00; published ESPN ownership data was fetched during this audit.
5,live ADP source refresh drift,mock-pool + player-detail,15032,Terry McLaurin,WR,adp,60.03,60.01,DB snapshot is 2026-07-28T17:38:31.888534+00:00; published ESPN ownership data was fetched during this audit.
5,live ADP source refresh drift,mock-pool + player-detail,15032,Terry McLaurin,WR,percent_owned,95.58,95.57,DB snapshot is 2026-07-28T17:38:31.888534+00:00; published ESPN ownership data was fetched during this audit.
5,live ADP source refresh drift,mock-pool + player-detail,15070,Jalen McMillan,WR,adp,166.91,166.93,DB snapshot is 2026-07-28T17:38:31.888534+00:00; published ESPN ownership data was fetched during this audit.
5,live ADP source refresh drift,mock-pool + player-detail,15070,Jalen McMillan,WR,percent_owned,21.79,21.73,DB snapshot is 2026-07-28T17:38:31.888534+00:00; published ESPN ownership data was fetched during this audit.
5,live ADP source refresh drift,mock-pool + player-detail,15074,Tetairoa McMillan,WR,adp,39.9,39.87,DB snapshot is 2026-07-28T17:38:31.888534+00:00; published ESPN ownership data was fetched during this audit.
5,live ADP source refresh drift,mock-pool + player-detail,15217,Fernando Mendoza,QB,adp,166.13,166.16,DB snapshot is 2026-07-28T17:38:31.888534+00:00; published ESPN ownership data was fetched during this audit.
5,live ADP source refresh drift,mock-pool + player-detail,15217,Fernando Mendoza,QB,percent_owned,14.65,14.63,DB snapshot is 2026-07-28T17:38:31.888534+00:00; published ESPN ownership data was fetched during this audit.
5,live ADP source refresh drift,mock-pool + player-detail,15260,DK Metcalf,WR,adp,85.88,85.92,DB snapshot is 2026-07-28T17:38:31.888534+00:00; published ESPN ownership data was fetched during this audit.
5,live ADP source refresh drift,mock-pool + player-detail,15260,DK Metcalf,WR,percent_owned,91.55,91.54,DB snapshot is 2026-07-28T17:38:31.888534+00:00; published ESPN ownership data was fetched during this audit.
5,live ADP source refresh drift,mock-pool + player-detail,15272,Harrison Mevis,PK,adp,135.88,135.86,DB snapshot is 2026-07-28T17:38:31.888534+00:00; published ESPN ownership data was fetched during this audit.
5,live ADP source refresh drift,mock-pool + player-detail,15272,Harrison Mevis,PK,percent_owned,91.29,91.3,DB snapshot is 2026-07-28T17:38:31.888534+00:00; published ESPN ownership data was fetched during this audit.
5,live ADP source refresh drift,mock-pool + player-detail,15278,Jakobi Meyers,WR,adp,108.96,108.98,DB snapshot is 2026-07-28T17:38:31.888534+00:00; published ESPN ownership data was fetched during this audit.
5,live ADP source refresh drift,mock-pool + player-detail,15278,Jakobi Meyers,WR,percent_owned,86.12,86.11,DB snapshot is 2026-07-28T17:38:31.888534+00:00; published ESPN ownership data was fetched during this audit.
5,live ADP source refresh drift,mock-pool + player-detail,15539,Adonai Mitchell,WR,adp,169.86,169.85,DB snapshot is 2026-07-28T17:38:31.888534+00:00; published ESPN ownership data was fetched during this audit.
5,live ADP source refresh drift,mock-pool + player-detail,15539,Adonai Mitchell,WR,percent_owned,3.39,3.4,DB snapshot is 2026-07-28T17:38:31.888534+00:00; published ESPN ownership data was fetched during this audit.
5,live ADP source refresh drift,mock-pool + player-detail,15662,Kyle Monangai,RB,adp,122.68,122.7,DB snapshot is 2026-07-28T17:38:31.888534+00:00; published ESPN ownership data was fetched during this audit.
5,live ADP source refresh drift,mock-pool + player-detail,15662,Kyle Monangai,RB,percent_owned,84.91,84.89,DB snapshot is 2026-07-28T17:38:31.888534+00:00; published ESPN ownership data was fetched during this audit.
5,live ADP source refresh drift,mock-pool + player-detail,15696,David Montgomery,RB,adp,72.55,72.63,DB snapshot is 2026-07-28T17:38:31.888534+00:00; published ESPN ownership data was fetched during this audit.
5,live ADP source refresh drift,mock-pool + player-detail,15696,David Montgomery,RB,percent_owned,91.6,91.59,DB snapshot is 2026-07-28T17:38:31.888534+00:00; published ESPN ownership data was fetched during this audit.
5,live ADP source refresh drift,mock-pool + player-detail,15759,DJ Moore,WR,adp,69.89,69.94,DB snapshot is 2026-07-28T17:38:31.888534+00:00; published ESPN ownership data was fetched during this audit.
5,live ADP source refresh drift,mock-pool + player-detail,15759,DJ Moore,WR,percent_owned,92.79,92.78,DB snapshot is 2026-07-28T17:38:31.888534+00:00; published ESPN ownership data was fetched during this audit.
5,live ADP source refresh drift,mock-pool + player-detail,15841,Skyy Moore,WR,adp,169.95,169.96,DB snapshot is 2026-07-28T17:38:31.888534+00:00; published ESPN ownership data was fetched during this audit.
5,live ADP source refresh drift,mock-pool + player-detail,16181,Kyler Murray,QB,adp,148.36,148.38,DB snapshot is 2026-07-28T17:38:31.888534+00:00; published ESPN ownership data was fetched during this audit.
5,live ADP source refresh drift,mock-pool + player-detail,16181,Kyler Murray,QB,percent_owned,52.73,52.74,DB snapshot is 2026-07-28T17:38:31.888534+00:00; published ESPN ownership data was fetched during this audit.
5,live ADP source refresh drift,mock-pool + player-detail,16199,Luke Musgrave,TE,adp,169.93,169.92,DB snapshot is 2026-07-28T17:38:31.888534+00:00; published ESPN ownership data was fetched during this audit.
5,live ADP source refresh drift,mock-pool + player-detail,16220,Jason Myers,PK,percent_owned,97.35,97.36,DB snapshot is 2026-07-28T17:38:31.888534+00:00; published ESPN ownership data was fetched during this audit.
5,live ADP source refresh drift,mock-pool + player-detail,16245,Malik Nabers,WR,adp,46.11,46.12,DB snapshot is 2026-07-28T17:38:31.888534+00:00; published ESPN ownership data was fetched during this audit.
5,live ADP source refresh drift,mock-pool + player-detail,16245,Malik Nabers,WR,percent_owned,98.51,98.5,DB snapshot is 2026-07-28T17:38:31.888534+00:00; published ESPN ownership data was fetched during this audit.
5,live ADP source refresh drift,mock-pool + player-detail,16247,Puka Nacua,WR,adp,3.68,3.67,DB snapshot is 2026-07-28T17:38:31.888534+00:00; published ESPN ownership data was fetched during this audit.
5,live ADP source refresh drift,mock-pool + player-detail,16511,Bo Nix,QB,adp,97.65,97.6,DB snapshot is 2026-07-28T17:38:31.888534+00:00; published ESPN ownership data was fetched during this audit.
5,live ADP source refresh drift,mock-pool + player-detail,16511,Bo Nix,QB,percent_owned,86.46,86.47,DB snapshot is 2026-07-28T17:38:31.888534+00:00; published ESPN ownership data was fetched during this audit.
5,live ADP source refresh drift,mock-pool + player-detail,16752,Rome Odunze,WR,adp,70.86,70.89,DB snapshot is 2026-07-28T17:38:31.888534+00:00; published ESPN ownership data was fetched during this audit.
5,live ADP source refresh drift,mock-pool + player-detail,16752,Rome Odunze,WR,percent_owned,92.02,92.01,DB snapshot is 2026-07-28T17:38:31.888534+00:00; published ESPN ownership data was fetched during this audit.
5,live ADP source refresh drift,mock-pool + player-detail,16809,Chig Okonkwo,TE,percent_owned,7.67,7.69,DB snapshot is 2026-07-28T17:38:31.888534+00:00; published ESPN ownership data was fetched during this audit.
5,live ADP source refresh drift,mock-pool + player-detail,16838,Chris Olave,WR,adp,35.61,35.62,DB snapshot is 2026-07-28T17:38:31.888534+00:00; published ESPN ownership data was fetched during this audit.
5,live ADP source refresh drift,mock-pool + player-detail,17050,Isiah Pacheco,RB,adp,157.83,157.84,DB snapshot is 2026-07-28T17:38:31.888534+00:00; published ESPN ownership data was fetched during this audit.
5,live ADP source refresh drift,mock-pool + player-detail,17050,Isiah Pacheco,RB,percent_owned,60.06,59.93,DB snapshot is 2026-07-28T17:38:31.888534+00:00; published ESPN ownership data was fetched during this audit.
5,live ADP source refresh drift,mock-pool + player-detail,17281,Riley Patterson,PK,adp,169.95,169.94,DB snapshot is 2026-07-28T17:38:31.888534+00:00; published ESPN ownership data was fetched during this audit.
5,live ADP source refresh drift,mock-pool + player-detail,17348,Ricky Pearsall,WR,adp,119.21,119.2,DB snapshot is 2026-07-28T17:38:31.888534+00:00; published ESPN ownership data was fetched during this audit.
5,live ADP source refresh drift,mock-pool + player-detail,17647,Alec Pierce,WR,adp,93.0,93.1,DB snapshot is 2026-07-28T17:38:31.888534+00:00; published ESPN ownership data was fetched during this audit.
5,live ADP source refresh drift,mock-pool + player-detail,17647,Alec Pierce,WR,percent_owned,88.62,88.6,DB snapshot is 2026-07-28T17:38:31.888534+00:00; published ESPN ownership data was fetched during this audit.
5,live ADP source refresh drift,mock-pool + player-detail,17689,Eddy Pineiro,PK,adp,150.37,150.39,DB snapshot is 2026-07-28T17:38:31.888534+00:00; published ESPN ownership data was fetched during this audit.
5,live ADP source refresh drift,mock-pool + player-detail,17689,Eddy Pineiro,PK,percent_owned,83.32,83.3,DB snapshot is 2026-07-28T17:38:31.888534+00:00; published ESPN ownership data was fetched during this audit.
5,live ADP source refresh drift,mock-pool + player-detail,17733,Michael Pittman,WR,adp,89.64,89.7,DB snapshot is 2026-07-28T17:38:31.888534+00:00; published ESPN ownership data was fetched during this audit.
5,live ADP source refresh drift,mock-pool + player-detail,17733,Michael Pittman,WR,percent_owned,90.41,90.39,DB snapshot is 2026-07-28T17:38:31.888534+00:00; published ESPN ownership data was fetched during this audit.
5,live ADP source refresh drift,mock-pool + player-detail,17740,Kyle Pitts,TE,adp,65.56,65.5,DB snapshot is 2026-07-28T17:38:31.888534+00:00; published ESPN ownership data was fetched during this audit.
5,live ADP source refresh drift,mock-pool + player-detail,17740,Kyle Pitts,TE,percent_owned,95.0,95.01,DB snapshot is 2026-07-28T17:38:31.888534+00:00; published ESPN ownership data was fetched during this audit.
5,live ADP source refresh drift,mock-pool + player-detail,17817,Tony Pollard,RB,adp,86.33,86.38,DB snapshot is 2026-07-28T17:38:31.888534+00:00; published ESPN ownership data was fetched during this audit.
5,live ADP source refresh drift,mock-pool + player-detail,17817,Tony Pollard,RB,percent_owned,88.65,88.63,DB snapshot is 2026-07-28T17:38:31.888534+00:00; published ESPN ownership data was fetched during this audit.
5,live ADP source refresh drift,mock-pool + player-detail,17972,Dak Prescott,QB,adp,90.88,90.96,DB snapshot is 2026-07-28T17:38:31.888534+00:00; published ESPN ownership data was fetched during this audit.
5,live ADP source refresh drift,mock-pool + player-detail,17972,Dak Prescott,QB,percent_owned,90.06,90.05,DB snapshot is 2026-07-28T17:38:31.888534+00:00; published ESPN ownership data was fetched during this audit.
5,live ADP source refresh drift,mock-pool + player-detail,18003,Jadarian Price,RB,adp,74.45,74.51,DB snapshot is 2026-07-28T17:38:31.888534+00:00; published ESPN ownership data was fetched during this audit.
5,live ADP source refresh drift,mock-pool + player-detail,18003,Jadarian Price,RB,percent_owned,91.14,91.12,DB snapshot is 2026-07-28T17:38:31.888534+00:00; published ESPN ownership data was fetched during this audit.
5,live ADP source refresh drift,mock-pool + player-detail,18115,Brock Purdy,QB,adp,101.6,101.59,DB snapshot is 2026-07-28T17:38:31.888534+00:00; published ESPN ownership data was fetched during this audit.
5,live ADP source refresh drift,mock-pool + player-detail,18115,Brock Purdy,QB,percent_owned,88.89,88.87,DB snapshot is 2026-07-28T17:38:31.888534+00:00; published ESPN ownership data was fetched during this audit.
5,live ADP source refresh drift,mock-pool + player-detail,18281,Eli Raridon,TE,adp,169.92,169.91,DB snapshot is 2026-07-28T17:38:31.888534+00:00; published ESPN ownership data was fetched during this audit.
5,live ADP source refresh drift,mock-pool + player-detail,18339,Kalif Raymond,WR,adp,169.95,169.94,DB snapshot is 2026-07-28T17:38:31.888534+00:00; published ESPN ownership data was fetched during this audit.
5,live ADP source refresh drift,mock-pool + player-detail,18424,Jayden Reed,WR,adp,136.89,136.87,DB snapshot is 2026-07-28T17:38:31.888534+00:00; published ESPN ownership data was fetched during this audit.
5,live ADP source refresh drift,mock-pool + player-detail,18424,Jayden Reed,WR,percent_owned,73.26,73.29,DB snapshot is 2026-07-28T17:38:31.888534+00:00; published ESPN ownership data was fetched during this audit.
5,live ADP source refresh drift,mock-pool + player-detail,18489,Will Reichard,PK,adp,165.12,165.11,DB snapshot is 2026-07-28T17:38:31.888534+00:00; published ESPN ownership data was fetched during this audit.
5,live ADP source refresh drift,mock-pool + player-detail,18489,Will Reichard,PK,percent_owned,30.37,30.39,DB snapshot is 2026-07-28T17:38:31.888534+00:00; published ESPN ownership data was fetched during this audit.
5,live ADP source refresh drift,mock-pool + player-detail,18627,Rashee Rice,WR,adp,22.17,22.14,DB snapshot is 2026-07-28T17:38:31.888534+00:00; published ESPN ownership data was fetched during this audit.
5,live ADP source refresh drift,mock-pool + player-detail,18627,Rashee Rice,WR,percent_owned,98.88,98.89,DB snapshot is 2026-07-28T17:38:31.888534+00:00; published ESPN ownership data was fetched during this audit.
5,live ADP source refresh drift,mock-pool + player-detail,18722,Calvin Ridley,WR,adp,167.57,167.55,DB snapshot is 2026-07-28T17:38:31.888534+00:00; published ESPN ownership data was fetched during this audit.
5,live ADP source refresh drift,mock-pool + player-detail,18722,Calvin Ridley,WR,percent_owned,26.51,26.44,DB snapshot is 2026-07-28T17:38:31.888534+00:00; published ESPN ownership data was fetched during this audit.
5,live ADP source refresh drift,mock-pool + player-detail,18895,Brian Robinson,RB,adp,169.02,169.03,DB snapshot is 2026-07-28T17:38:31.888534+00:00; published ESPN ownership data was fetched during this audit.
5,live ADP source refresh drift,mock-pool + player-detail,18895,Brian Robinson,RB,percent_owned,10.32,10.3,DB snapshot is 2026-07-28T17:38:31.888534+00:00; published ESPN ownership data was fetched during this audit.
5,live ADP source refresh drift,mock-pool + player-detail,18996,Wan'Dale Robinson,WR,adp,112.38,112.34,DB snapshot is 2026-07-28T17:38:31.888534+00:00; published ESPN ownership data was fetched during this audit.
5,live ADP source refresh drift,mock-pool + player-detail,19023,Aaron Rodgers,QB,adp,169.46,169.47,DB snapshot is 2026-07-28T17:38:31.888534+00:00; published ESPN ownership data was fetched during this audit.
5,live ADP source refresh drift,mock-pool + player-detail,19023,Aaron Rodgers,QB,percent_owned,3.7,3.69,DB snapshot is 2026-07-28T17:38:31.888534+00:00; published ESPN ownership data was fetched during this audit.
5,live ADP source refresh drift,mock-pool + player-detail,19042,Chris Rodriguez Jr.,RB,adp,168.7,168.72,DB snapshot is 2026-07-28T17:38:31.888534+00:00; published ESPN ownership data was fetched during this audit.
5,live ADP source refresh drift,mock-pool + player-detail,19042,Chris Rodriguez Jr.,RB,percent_owned,20.81,20.74,DB snapshot is 2026-07-28T17:38:31.888534+00:00; published ESPN ownership data was fetched during this audit.
5,live ADP source refresh drift,mock-pool + player-detail,19411,Chad Ryland,PK,adp,169.96,169.95,DB snapshot is 2026-07-28T17:38:31.888534+00:00; published ESPN ownership data was fetched during this audit.
5,live ADP source refresh drift,mock-pool + player-detail,19421,Kenyon Sadiq,TE,adp,134.26,134.24,DB snapshot is 2026-07-28T17:38:31.888534+00:00; published ESPN ownership data was fetched during this audit.
5,live ADP source refresh drift,mock-pool + player-detail,19421,Kenyon Sadiq,TE,percent_owned,68.81,68.87,DB snapshot is 2026-07-28T17:38:31.888534+00:00; published ESPN ownership data was fetched during this audit.
5,live ADP source refresh drift,mock-pool + player-detail,19525,Jason Sanders,PK,percent_owned,2.24,2.23,DB snapshot is 2026-07-28T17:38:31.888534+00:00; published ESPN ownership data was fetched during this audit.
5,live ADP source refresh drift,mock-pool + player-detail,19535,Shedeur Sanders,QB,adp,169.49,169.48,DB snapshot is 2026-07-28T17:38:31.888534+00:00; published ESPN ownership data was fetched during this audit.
5,live ADP source refresh drift,mock-pool + player-detail,19562,Cairo Santos,PK,adp,166.19,166.16,DB snapshot is 2026-07-28T17:38:31.888534+00:00; published ESPN ownership data was fetched during this audit.
5,live ADP source refresh drift,mock-pool + player-detail,19562,Cairo Santos,PK,percent_owned,32.83,32.84,DB snapshot is 2026-07-28T17:38:31.888534+00:00; published ESPN ownership data was fetched during this audit.
5,live ADP source refresh drift,mock-pool + player-detail,19602,Ben Sauls,PK,adp,169.94,169.93,DB snapshot is 2026-07-28T17:38:31.888534+00:00; published ESPN ownership data was fetched during this audit.
5,live ADP source refresh drift,mock-pool + player-detail,19726,Luke Schoonmaker,TE,adp,169.92,169.93,DB snapshot is 2026-07-28T17:38:31.888534+00:00; published ESPN ownership data was fetched during this audit.
5,live ADP source refresh drift,mock-pool + player-detail,19746,Dalton Schultz,TE,adp,167.97,167.95,DB snapshot is 2026-07-28T17:38:31.888534+00:00; published ESPN ownership data was fetched during this audit.
5,live ADP source refresh drift,mock-pool + player-detail,19746,Dalton Schultz,TE,percent_owned,6.83,6.84,DB snapshot is 2026-07-28T17:38:31.888534+00:00; published ESPN ownership data was fetched during this audit.
5,live ADP source refresh drift,mock-pool + player-detail,19984,Rashid Shaheed,WR,adp,156.96,156.89,DB snapshot is 2026-07-28T17:38:31.888534+00:00; published ESPN ownership data was fetched during this audit.
5,live ADP source refresh drift,mock-pool + player-detail,19984,Rashid Shaheed,WR,percent_owned,33.58,33.67,DB snapshot is 2026-07-28T17:38:31.888534+00:00; published ESPN ownership data was fetched during this audit.
5,live ADP source refresh drift,mock-pool + player-detail,19987,Khalil Shakir,WR,adp,133.15,133.09,DB snapshot is 2026-07-28T17:38:31.888534+00:00; published ESPN ownership data was fetched during this audit.
5,live ADP source refresh drift,mock-pool + player-detail,20169,Tyler Shough,QB,adp,152.9,152.89,DB snapshot is 2026-07-28T17:38:31.888534+00:00; published ESPN ownership data was fetched during this audit.
5,live ADP source refresh drift,mock-pool + player-detail,20169,Tyler Shough,QB,percent_owned,43.08,43.12,DB snapshot is 2026-07-28T17:38:31.888534+00:00; published ESPN ownership data was fetched during this audit.
5,live ADP source refresh drift,mock-pool + player-detail,20307,Ty Simpson,QB,adp,169.87,169.88,DB snapshot is 2026-07-28T17:38:31.888534+00:00; published ESPN ownership data was fetched during this audit.
5,live ADP source refresh drift,mock-pool + player-detail,20307,Ty Simpson,QB,percent_owned,0.93,0.92,DB snapshot is 2026-07-28T17:38:31.888534+00:00; published ESPN ownership data was fetched during this audit.
5,live ADP source refresh drift,mock-pool + player-detail,20386,Cam Skattebo,RB,adp,43.87,43.89,DB snapshot is 2026-07-28T17:38:31.888534+00:00; published ESPN ownership data was fetched during this audit.
5,live ADP source refresh drift,mock-pool + player-detail,20386,Cam Skattebo,RB,percent_owned,97.89,97.88,DB snapshot is 2026-07-28T17:38:31.888534+00:00; published ESPN ownership data was fetched during this audit.
5,live ADP source refresh drift,mock-pool + player-detail,20453,Trey Smack,PK,adp,169.55,169.52,DB snapshot is 2026-07-28T17:38:31.888534+00:00; published ESPN ownership data was fetched during this audit.
5,live ADP source refresh drift,mock-pool + player-detail,20561,DeVonta Smith,WR,adp,37.83,37.84,DB snapshot is 2026-07-28T17:38:31.888534+00:00; published ESPN ownership data was fetched during this audit.
5,live ADP source refresh drift,mock-pool + player-detail,20561,DeVonta Smith,WR,percent_owned,98.77,98.76,DB snapshot is 2026-07-28T17:38:31.888534+00:00; published ESPN ownership data was fetched during this audit.
5,live ADP source refresh drift,mock-pool + player-detail,20826,Jaxon Smith-Njigba,WR,adp,5.83,5.82,DB snapshot is 2026-07-28T17:38:31.888534+00:00; published ESPN ownership data was fetched during this audit.
5,live ADP source refresh drift,mock-pool + player-detail,20931,Tyjae Spears,RB,adp,167.63,167.65,DB snapshot is 2026-07-28T17:38:31.888534+00:00; published ESPN ownership data was fetched during this audit.
5,live ADP source refresh drift,mock-pool + player-detail,20931,Tyjae Spears,RB,percent_owned,53.7,53.48,DB snapshot is 2026-07-28T17:38:31.888534+00:00; published ESPN ownership data was fetched during this audit.
5,live ADP source refresh drift,mock-pool + player-detail,21011,Amon-Ra St. Brown,WR,percent_owned,99.8,99.81,DB snapshot is 2026-07-28T17:38:31.888534+00:00; published ESPN ownership data was fetched during this audit.
5,live ADP source refresh drift,mock-pool + player-detail,21030,Matthew Stafford,QB,adp,79.13,79.09,DB snapshot is 2026-07-28T17:38:31.888534+00:00; published ESPN ownership data was fetched during this audit.
5,live ADP source refresh drift,mock-pool + player-detail,21218,Rhamondre Stevenson,RB,adp,108.95,109.01,DB snapshot is 2026-07-28T17:38:31.888534+00:00; published ESPN ownership data was fetched during this audit.
5,live ADP source refresh drift,mock-pool + player-detail,21218,Rhamondre Stevenson,RB,percent_owned,86.04,86.02,DB snapshot is 2026-07-28T17:38:31.888534+00:00; published ESPN ownership data was fetched during this audit.
5,live ADP source refresh drift,mock-pool + player-detail,21351,Brenton Strange,TE,adp,166.26,166.27,DB snapshot is 2026-07-28T17:38:31.888534+00:00; published ESPN ownership data was fetched during this audit.
5,live ADP source refresh drift,mock-pool + player-detail,21351,Brenton Strange,TE,percent_owned,11.12,11.14,DB snapshot is 2026-07-28T17:38:31.888534+00:00; published ESPN ownership data was fetched during this audit.
5,live ADP source refresh drift,mock-pool + player-detail,21520,Courtland Sutton,WR,adp,85.25,85.28,DB snapshot is 2026-07-28T17:38:31.888534+00:00; published ESPN ownership data was fetched during this audit.
5,live ADP source refresh drift,mock-pool + player-detail,21520,Courtland Sutton,WR,percent_owned,90.39,90.38,DB snapshot is 2026-07-28T17:38:31.888534+00:00; published ESPN ownership data was fetched during this audit.
5,live ADP source refresh drift,mock-pool + player-detail,21575,D'Andre Swift,RB,adp,70.78,70.84,DB snapshot is 2026-07-28T17:38:31.888534+00:00; published ESPN ownership data was fetched during this audit.
5,live ADP source refresh drift,mock-pool + player-detail,21575,D'Andre Swift,RB,percent_owned,91.71,91.7,DB snapshot is 2026-07-28T17:38:31.888534+00:00; published ESPN ownership data was fetched during this audit.
5,live ADP source refresh drift,mock-pool + player-detail,21700,Carnell Tate,WR,adp,67.58,67.64,DB snapshot is 2026-07-28T17:38:31.888534+00:00; published ESPN ownership data was fetched during this audit.
5,live ADP source refresh drift,mock-pool + player-detail,21700,Carnell Tate,WR,percent_owned,94.36,94.35,DB snapshot is 2026-07-28T17:38:31.888534+00:00; published ESPN ownership data was fetched during this audit.
5,live ADP source refresh drift,mock-pool + player-detail,21941,Brian Thomas Jr.,WR,adp,100.34,100.36,DB snapshot is 2026-07-28T17:38:31.888534+00:00; published ESPN ownership data was fetched during this audit.
5,live ADP source refresh drift,mock-pool + player-detail,21941,Brian Thomas Jr.,WR,percent_owned,87.49,87.48,DB snapshot is 2026-07-28T17:38:31.888534+00:00; published ESPN ownership data was fetched during this audit.
5,live ADP source refresh drift,mock-pool + player-detail,22445,Tyrone Tracy Jr.,RB,percent_owned,11.51,11.52,DB snapshot is 2026-07-28T17:38:31.888534+00:00; published ESPN ownership data was fetched during this audit.
5,live ADP source refresh drift,mock-pool + player-detail,22566,Tre Tucker,WR,adp,168.31,168.3,DB snapshot is 2026-07-28T17:38:31.888534+00:00; published ESPN ownership data was fetched during this audit.
5,live ADP source refresh drift,mock-pool + player-detail,22566,Tre Tucker,WR,percent_owned,10.54,10.57,DB snapshot is 2026-07-28T17:38:31.888534+00:00; published ESPN ownership data was fetched during this audit.
5,live ADP source refresh drift,mock-pool + player-detail,22683,Bhayshul Tuten,RB,adp,75.7,75.75,DB snapshot is 2026-07-28T17:38:31.888534+00:00; published ESPN ownership data was fetched during this audit.
5,live ADP source refresh drift,mock-pool + player-detail,22715,Jordyn Tyson,WR,adp,96.98,96.99,DB snapshot is 2026-07-28T17:38:31.888534+00:00; published ESPN ownership data was fetched during this audit.
5,live ADP source refresh drift,mock-pool + player-detail,23019,Jaylen Waddle,WR,adp,59.16,59.17,DB snapshot is 2026-07-28T17:38:31.888534+00:00; published ESPN ownership data was fetched during this audit.
5,live ADP source refresh drift,mock-pool + player-detail,23019,Jaylen Waddle,WR,percent_owned,95.53,95.52,DB snapshot is 2026-07-28T17:38:31.888534+00:00; published ESPN ownership data was fetched during this audit.
5,live ADP source refresh drift,mock-pool + player-detail,23101,Devontez Walker,WR,adp,169.95,169.94,DB snapshot is 2026-07-28T17:38:31.888534+00:00; published ESPN ownership data was fetched during this audit.
5,live ADP source refresh drift,mock-pool + player-detail,23131,Kenneth Walker III,RB,adp,28.64,28.63,DB snapshot is 2026-07-28T17:38:31.888534+00:00; published ESPN ownership data was fetched during this audit.
5,live ADP source refresh drift,mock-pool + player-detail,23258,Cam Ward,QB,percent_owned,8.4,8.41,DB snapshot is 2026-07-28T17:38:31.888534+00:00; published ESPN ownership data was fetched during this audit.
5,live ADP source refresh drift,mock-pool + player-detail,23316,Jaylen Warren,RB,adp,100.35,100.38,DB snapshot is 2026-07-28T17:38:31.888534+00:00; published ESPN ownership data was fetched during this audit.
5,live ADP source refresh drift,mock-pool + player-detail,23316,Jaylen Warren,RB,percent_owned,88.06,88.04,DB snapshot is 2026-07-28T17:38:31.888534+00:00; published ESPN ownership data was fetched during this audit.
5,live ADP source refresh drift,mock-pool + player-detail,23355,Parker Washington,WR,adp,100.52,100.54,DB snapshot is 2026-07-28T17:38:31.888534+00:00; published ESPN ownership data was fetched during this audit.
5,live ADP source refresh drift,mock-pool + player-detail,23355,Parker Washington,WR,percent_owned,86.26,86.25,DB snapshot is 2026-07-28T17:38:31.888534+00:00; published ESPN ownership data was fetched during this audit.
5,live ADP source refresh drift,mock-pool + player-detail,23360,Darnell Washington,TE,adp,169.78,169.77,DB snapshot is 2026-07-28T17:38:31.888534+00:00; published ESPN ownership data was fetched during this audit.
5,live ADP source refresh drift,mock-pool + player-detail,23446,Christian Watson,WR,adp,96.9,96.93,DB snapshot is 2026-07-28T17:38:31.888534+00:00; published ESPN ownership data was fetched during this audit.
5,live ADP source refresh drift,mock-pool + player-detail,23446,Christian Watson,WR,percent_owned,87.93,87.92,DB snapshot is 2026-07-28T17:38:31.888534+00:00; published ESPN ownership data was fetched during this audit.
5,live ADP source refresh drift,mock-pool + player-detail,23814,Rachaad White,RB,adp,122.03,122.07,DB snapshot is 2026-07-28T17:38:31.888534+00:00; published ESPN ownership data was fetched during this audit.
5,live ADP source refresh drift,mock-pool + player-detail,23814,Rachaad White,RB,percent_owned,84.29,84.27,DB snapshot is 2026-07-28T17:38:31.888534+00:00; published ESPN ownership data was fetched during this audit.
5,live ADP source refresh drift,mock-pool + player-detail,23895,Jordan Whittington,WR,adp,169.93,169.92,DB snapshot is 2026-07-28T17:38:31.888534+00:00; published ESPN ownership data was fetched during this audit.
5,live ADP source refresh drift,mock-pool + player-detail,24008,Antonio Williams,WR,adp,169.66,169.67,DB snapshot is 2026-07-28T17:38:31.888534+00:00; published ESPN ownership data was fetched during this audit.
5,live ADP source refresh drift,mock-pool + player-detail,24164,Jameson Williams,WR,adp,66.33,66.35,DB snapshot is 2026-07-28T17:38:31.888534+00:00; published ESPN ownership data was fetched during this audit.
5,live ADP source refresh drift,mock-pool + player-detail,24164,Jameson Williams,WR,percent_owned,94.2,94.19,DB snapshot is 2026-07-28T17:38:31.888534+00:00; published ESPN ownership data was fetched during this audit.
5,live ADP source refresh drift,mock-pool + player-detail,24172,Javonte Williams,RB,adp,37.13,37.15,DB snapshot is 2026-07-28T17:38:31.888534+00:00; published ESPN ownership data was fetched during this audit.
5,live ADP source refresh drift,mock-pool + player-detail,24226,Kyle Williams,WR,percent_owned,0.59,0.58,DB snapshot is 2026-07-28T17:38:31.888534+00:00; published ESPN ownership data was fetched during this audit.
5,live ADP source refresh drift,mock-pool + player-detail,24227,Kyren Williams,RB,adp,39.84,39.85,DB snapshot is 2026-07-28T17:38:31.888534+00:00; published ESPN ownership data was fetched during this audit.
5,live ADP source refresh drift,mock-pool + player-detail,24412,Malik Willis,QB,adp,166.5,166.52,DB snapshot is 2026-07-28T17:38:31.888534+00:00; published ESPN ownership data was fetched during this audit.
5,live ADP source refresh drift,mock-pool + player-detail,24510,Michael Wilson,WR,adp,112.94,112.92,DB snapshot is 2026-07-28T17:38:31.888534+00:00; published ESPN ownership data was fetched during this audit.
5,live ADP source refresh drift,mock-pool + player-detail,24510,Michael Wilson,WR,percent_owned,84.81,84.8,DB snapshot is 2026-07-28T17:38:31.888534+00:00; published ESPN ownership data was fetched during this audit.
5,live ADP source refresh drift,mock-pool + player-detail,24802,Xavier Worthy,WR,adp,139.84,139.85,DB snapshot is 2026-07-28T17:38:31.888534+00:00; published ESPN ownership data was fetched during this audit.
5,live ADP source refresh drift,mock-pool + player-detail,24802,Xavier Worthy,WR,percent_owned,80.69,80.68,DB snapshot is 2026-07-28T17:38:31.888534+00:00; published ESPN ownership data was fetched during this audit.
5,live ADP source refresh drift,mock-pool + player-detail,24820,Brock Wright,TE,percent_owned,0.15,0.14,DB snapshot is 2026-07-28T17:38:31.888534+00:00; published ESPN ownership data was fetched during this audit.
5,live ADP source refresh drift,mock-pool + player-detail,24973,Bryce Young,QB,adp,168.37,168.36,DB snapshot is 2026-07-28T17:38:31.888534+00:00; published ESPN ownership data was fetched during this audit.
5,live ADP source refresh drift,mock-pool + player-detail,25122,Dominic Zvada,PK,percent_owned,0.08,0.09,DB snapshot is 2026-07-28T17:38:31.888534+00:00; published ESPN ownership data was fetched during this audit.
5,live ADP source refresh drift,mock-pool + player-detail,30094,Arizona Cardinals D/ST,DEF,adp,169.88,169.87,DB snapshot is 2026-07-28T17:38:31.888534+00:00; published ESPN ownership data was fetched during this audit.
5,live ADP source refresh drift,mock-pool + player-detail,30095,Atlanta Falcons D/ST,DEF,adp,169.87,169.86,DB snapshot is 2026-07-28T17:38:31.888534+00:00; published ESPN ownership data was fetched during this audit.
5,live ADP source refresh drift,mock-pool + player-detail,30096,Baltimore Ravens D/ST,DEF,adp,134.58,134.61,DB snapshot is 2026-07-28T17:38:31.888534+00:00; published ESPN ownership data was fetched during this audit.
5,live ADP source refresh drift,mock-pool + player-detail,30096,Baltimore Ravens D/ST,DEF,percent_owned,86.72,86.73,DB snapshot is 2026-07-28T17:38:31.888534+00:00; published ESPN ownership data was fetched during this audit.
5,live ADP source refresh drift,mock-pool + player-detail,30097,Buffalo Bills D/ST,DEF,adp,169.17,169.16,DB snapshot is 2026-07-28T17:38:31.888534+00:00; published ESPN ownership data was fetched during this audit.
5,live ADP source refresh drift,mock-pool + player-detail,30097,Buffalo Bills D/ST,DEF,percent_owned,4.49,4.5,DB snapshot is 2026-07-28T17:38:31.888534+00:00; published ESPN ownership data was fetched during this audit.
5,live ADP source refresh drift,mock-pool + player-detail,30098,Carolina Panthers D/ST,DEF,percent_owned,2.09,2.08,DB snapshot is 2026-07-28T17:38:31.888534+00:00; published ESPN ownership data was fetched during this audit.
5,live ADP source refresh drift,mock-pool + player-detail,30099,Chicago Bears D/ST,DEF,adp,169.21,169.22,DB snapshot is 2026-07-28T17:38:31.888534+00:00; published ESPN ownership data was fetched during this audit.
5,live ADP source refresh drift,mock-pool + player-detail,30100,Cincinnati Bengals D/ST,DEF,adp,169.65,169.66,DB snapshot is 2026-07-28T17:38:31.888534+00:00; published ESPN ownership data was fetched during this audit.
5,live ADP source refresh drift,mock-pool + player-detail,30100,Cincinnati Bengals D/ST,DEF,percent_owned,2.6,2.59,DB snapshot is 2026-07-28T17:38:31.888534+00:00; published ESPN ownership data was fetched during this audit.
5,live ADP source refresh drift,mock-pool + player-detail,30101,Cleveland Browns D/ST,DEF,adp,151.4,151.36,DB snapshot is 2026-07-28T17:38:31.888534+00:00; published ESPN ownership data was fetched during this audit.
5,live ADP source refresh drift,mock-pool + player-detail,30101,Cleveland Browns D/ST,DEF,percent_owned,60.73,60.79,DB snapshot is 2026-07-28T17:38:31.888534+00:00; published ESPN ownership data was fetched during this audit.
5,live ADP source refresh drift,mock-pool + player-detail,30102,Dallas Cowboys D/ST,DEF,adp,167.33,167.34,DB snapshot is 2026-07-28T17:38:31.888534+00:00; published ESPN ownership data was fetched during this audit.
5,live ADP source refresh drift,mock-pool + player-detail,30102,Dallas Cowboys D/ST,DEF,percent_owned,8.91,8.89,DB snapshot is 2026-07-28T17:38:31.888534+00:00; published ESPN ownership data was fetched during this audit.
5,live ADP source refresh drift,mock-pool + player-detail,30103,Denver Broncos D/ST,DEF,adp,89.99,89.89,DB snapshot is 2026-07-28T17:38:31.888534+00:00; published ESPN ownership data was fetched during this audit.
5,live ADP source refresh drift,mock-pool + player-detail,30104,Detroit Lions D/ST,DEF,adp,151.28,151.26,DB snapshot is 2026-07-28T17:38:31.888534+00:00; published ESPN ownership data was fetched during this audit.
5,live ADP source refresh drift,mock-pool + player-detail,30104,Detroit Lions D/ST,DEF,percent_owned,55.97,56.06,DB snapshot is 2026-07-28T17:38:31.888534+00:00; published ESPN ownership data was fetched during this audit.
5,live ADP source refresh drift,mock-pool + player-detail,30105,Green Bay Packers D/ST,DEF,adp,167.46,167.42,DB snapshot is 2026-07-28T17:38:31.888534+00:00; published ESPN ownership data was fetched during this audit.
5,live ADP source refresh drift,mock-pool + player-detail,30105,Green Bay Packers D/ST,DEF,percent_owned,11.24,11.27,DB snapshot is 2026-07-28T17:38:31.888534+00:00; published ESPN ownership data was fetched during this audit.
5,live ADP source refresh drift,mock-pool + player-detail,30106,Houston Texans D/ST,DEF,adp,91.94,91.93,DB snapshot is 2026-07-28T17:38:31.888534+00:00; published ESPN ownership data was fetched during this audit.
5,live ADP source refresh drift,mock-pool + player-detail,30107,Indianapolis Colts D/ST,DEF,adp,170.28,170.27,DB snapshot is 2026-07-28T17:38:31.888534+00:00; published ESPN ownership data was fetched during this audit.
5,live ADP source refresh drift,mock-pool + player-detail,30107,Indianapolis Colts D/ST,DEF,percent_owned,3.57,3.58,DB snapshot is 2026-07-28T17:38:31.888534+00:00; published ESPN ownership data was fetched during this audit.
5,live ADP source refresh drift,mock-pool + player-detail,30108,Jacksonville Jaguars D/ST,DEF,adp,164.82,164.81,DB snapshot is 2026-07-28T17:38:31.888534+00:00; published ESPN ownership data was fetched during this audit.
5,live ADP source refresh drift,mock-pool + player-detail,30108,Jacksonville Jaguars D/ST,DEF,percent_owned,65.05,64.89,DB snapshot is 2026-07-28T17:38:31.888534+00:00; published ESPN ownership data was fetched during this audit.
5,live ADP source refresh drift,mock-pool + player-detail,30109,Kansas City Chiefs D/ST,DEF,adp,160.67,160.64,DB snapshot is 2026-07-28T17:38:31.888534+00:00; published ESPN ownership data was fetched during this audit.
5,live ADP source refresh drift,mock-pool + player-detail,30109,Kansas City Chiefs D/ST,DEF,percent_owned,27.85,27.96,DB snapshot is 2026-07-28T17:38:31.888534+00:00; published ESPN ownership data was fetched during this audit.
5,live ADP source refresh drift,mock-pool + player-detail,30110,Las Vegas Raiders D/ST,DEF,adp,169.65,169.64,DB snapshot is 2026-07-28T17:38:31.888534+00:00; published ESPN ownership data was fetched during this audit.
5,live ADP source refresh drift,mock-pool + player-detail,30110,Las Vegas Raiders D/ST,DEF,percent_owned,1.99,2.0,DB snapshot is 2026-07-28T17:38:31.888534+00:00; published ESPN ownership data was fetched during this audit.
5,live ADP source refresh drift,mock-pool + player-detail,30111,Los Angeles Chargers D/ST,DEF,adp,161.17,161.15,DB snapshot is 2026-07-28T17:38:31.888534+00:00; published ESPN ownership data was fetched during this audit.
5,live ADP source refresh drift,mock-pool + player-detail,30111,Los Angeles Chargers D/ST,DEF,percent_owned,42.49,42.55,DB snapshot is 2026-07-28T17:38:31.888534+00:00; published ESPN ownership data was fetched during this audit.
5,live ADP source refresh drift,mock-pool + player-detail,30112,Los Angeles Rams D/ST,DEF,adp,98.27,98.25,DB snapshot is 2026-07-28T17:38:31.888534+00:00; published ESPN ownership data was fetched during this audit.
5,live ADP source refresh drift,mock-pool + player-detail,30112,Los Angeles Rams D/ST,DEF,percent_owned,92.51,92.53,DB snapshot is 2026-07-28T17:38:31.888534+00:00; published ESPN ownership data was fetched during this audit.
5,live ADP source refresh drift,mock-pool + player-detail,30114,Minnesota Vikings D/ST,DEF,adp,168.23,168.24,DB snapshot is 2026-07-28T17:38:31.888534+00:00; published ESPN ownership data was fetched during this audit.
5,live ADP source refresh drift,mock-pool + player-detail,30114,Minnesota Vikings D/ST,DEF,percent_owned,44.34,44.14,DB snapshot is 2026-07-28T17:38:31.888534+00:00; published ESPN ownership data was fetched during this audit.
5,live ADP source refresh drift,mock-pool + player-detail,30115,New England Patriots D/ST,DEF,adp,145.86,145.83,DB snapshot is 2026-07-28T17:38:31.888534+00:00; published ESPN ownership data was fetched during this audit.
5,live ADP source refresh drift,mock-pool + player-detail,30115,New England Patriots D/ST,DEF,percent_owned,87.58,87.51,DB snapshot is 2026-07-28T17:38:31.888534+00:00; published ESPN ownership data was fetched during this audit.
5,live ADP source refresh drift,mock-pool + player-detail,30116,New Orleans Saints D/ST,DEF,percent_owned,7.68,7.65,DB snapshot is 2026-07-28T17:38:31.888534+00:00; published ESPN ownership data was fetched during this audit.
5,live ADP source refresh drift,mock-pool + player-detail,30117,New York Giants D/ST,DEF,adp,169.2,169.19,DB snapshot is 2026-07-28T17:38:31.888534+00:00; published ESPN ownership data was fetched during this audit.
5,live ADP source refresh drift,mock-pool + player-detail,30118,New York Jets D/ST,DEF,percent_owned,1.27,1.26,DB snapshot is 2026-07-28T17:38:31.888534+00:00; published ESPN ownership data was fetched during this audit.
5,live ADP source refresh drift,mock-pool + player-detail,30119,Philadelphia Eagles D/ST,DEF,adp,135.74,135.71,DB snapshot is 2026-07-28T17:38:31.888534+00:00; published ESPN ownership data was fetched during this audit.
5,live ADP source refresh drift,mock-pool + player-detail,30119,Philadelphia Eagles D/ST,DEF,percent_owned,86.82,86.81,DB snapshot is 2026-07-28T17:38:31.888534+00:00; published ESPN ownership data was fetched during this audit.
5,live ADP source refresh drift,mock-pool + player-detail,30120,Pittsburgh Steelers D/ST,DEF,adp,118.28,118.22,DB snapshot is 2026-07-28T17:38:31.888534+00:00; published ESPN ownership data was fetched during this audit.
5,live ADP source refresh drift,mock-pool + player-detail,30120,Pittsburgh Steelers D/ST,DEF,percent_owned,92.38,92.4,DB snapshot is 2026-07-28T17:38:31.888534+00:00; published ESPN ownership data was fetched during this audit.
5,live ADP source refresh drift,mock-pool + player-detail,30121,San Francisco 49ers D/ST,DEF,adp,168.29,168.27,DB snapshot is 2026-07-28T17:38:31.888534+00:00; published ESPN ownership data was fetched during this audit.
5,live ADP source refresh drift,mock-pool + player-detail,30121,San Francisco 49ers D/ST,DEF,percent_owned,7.53,7.54,DB snapshot is 2026-07-28T17:38:31.888534+00:00; published ESPN ownership data was fetched during this audit.
5,live ADP source refresh drift,mock-pool + player-detail,30122,Seattle Seahawks D/ST,DEF,adp,106.58,106.57,DB snapshot is 2026-07-28T17:38:31.888534+00:00; published ESPN ownership data was fetched during this audit.
5,live ADP source refresh drift,mock-pool + player-detail,30122,Seattle Seahawks D/ST,DEF,percent_owned,98.35,98.36,DB snapshot is 2026-07-28T17:38:31.888534+00:00; published ESPN ownership data was fetched during this audit.
5,live ADP source refresh drift,mock-pool + player-detail,30123,Tampa Bay Buccaneers D/ST,DEF,adp,168.78,168.75,DB snapshot is 2026-07-28T17:38:31.888534+00:00; published ESPN ownership data was fetched during this audit.
5,live ADP source refresh drift,mock-pool + player-detail,30123,Tampa Bay Buccaneers D/ST,DEF,percent_owned,7.3,7.32,DB snapshot is 2026-07-28T17:38:31.888534+00:00; published ESPN ownership data was fetched during this audit.
5,live ADP source refresh drift,mock-pool + player-detail,30124,Tennessee Titans D/ST,DEF,percent_owned,4.83,4.82,DB snapshot is 2026-07-28T17:38:31.888534+00:00; published ESPN ownership data was fetched during this audit.
